time_s,imu_f_ax,imu_f_ay,imu_f_az,imu_f_gx,imu_f_gy,imu_f_gz,imu_p_ax,imu_p_ay,imu_p_az,imu_p_gx,imu_p_gy,imu_p_gz,frame_pitch,frame_roll,frame_yaw,pay_pitch,pay_roll,pay_yaw,rel_pitch,rel_roll,p_err,t_vel_p,ff_pitch,cam_pr,vel_err_p,vq_pitch,r_err,t_vel_r,ff_roll,cam_rr,vel_err_r,vq_roll,elec_p,elec_r,off_p,off_r
0.0000,0.136,-0.306,10.178,-0.12,0.13,-0.07,-2.896,4.717,-8.102,12.48,8.54,-3.78,-0.589,0.385,-0.036,-18.095,31.141,-1.128,-17.452,30.622,18.095,0.632,0.0,0.149,0.483,0.048,-31.141,-1.361,-0.0,-0.218,-1.143,-0.137,0.012,6.27,4.139,3.755
0.0287,0.603,0.369,9.462,0.03,-0.78,-0.02,-3.153,4.776,-7.866,17.65,0.25,-5.95,-0.606,0.414,-0.036,-18.176,30.754,-0.939,-17.515,30.208,18.176,0.635,-0.0,0.004,0.63,0.063,-30.754,-1.346,0.0,-0.308,-1.038,-0.125,0.005,6.219,4.139,3.755
0.0868,0.129,0.041,10.156,-0.03,-0.63,-0.2,-3.223,4.5,-7.898,28.29,-20.76,-7.72,-0.675,0.401,-0.034,-18.797,29.81,-0.881,-18.064,29.278,18.797,0.656,-0.0,-0.362,1.019,0.102,-29.81,-1.309,-0.0,-0.494,-0.815,-0.099,6.221,6.105,4.139,3.755
0.1159,0.124,0.242,10.135,-0.0,-0.03,-0.14,-3.461,4.219,-8.248,40.38,-29.0,-13.78,-0.678,0.411,-0.037,-19.431,28.989,-0.868,-18.693,28.447,19.431,0.679,-0.0,-0.506,1.185,0.119,-28.989,-1.275,-0.0,-0.705,-0.571,-0.069,6.144,6.004,4.139,3.755
0.1159,0.124,0.242,10.135,-0.0,-0.03,-0.14,-3.461,4.219,-8.248,40.38,-29.0,-13.78,-0.678,0.411,-0.037,-19.431,28.989,-0.868,-18.693,28.447,19.431,0.679,-0.0,-0.506,1.185,0.119,-28.989,-1.275,-0.0,-0.705,-0.571,-0.069,6.144,6.004,4.139,3.755
0.1752,0.163,0.002,9.881,-0.12,-0.19,0.15,-3.603,3.888,-8.169,74.42,-48.47,-28.72,-0.718,0.399,-0.029,-21.655,26.297,-0.803,-20.869,25.769,21.655,0.756,-0.0,-0.846,1.602,0.162,-26.297,-1.162,-0.0,-1.299,0.137,0.015,5.878,5.677,4.139,3.755
0.1752,0.163,0.002,9.881,-0.12,-0.19,0.15,-3.603,3.888,-8.169,74.42,-48.47,-28.72,-0.718,0.399,-0.029,-21.655,26.297,-0.803,-20.869,25.769,21.655,0.756,-0.0,-0.846,1.602,0.162,-26.297,-1.162,-0.0,-1.299,0.137,0.015,5.878,5.677,4.139,3.755
0.2055,0.036,0.168,10.092,0.07,-0.15,-0.33,-3.078,3.681,-8.215,76.87,-13.6,-30.97,-0.698,0.418,-0.034,-22.285,24.552,-0.383,-21.513,24.013,22.285,0.778,-0.0,-0.237,1.016,0.103,-24.552,-1.087,0.0,-1.342,0.254,0.03,5.799,5.462,4.139,3.755
0.2610,0.017,0.11,10.017,-0.1,0.21,0.38,-3.253,3.311,-8.39,44.8,59.56,-21.75,-0.689,0.426,-0.035,-21.906,22.9,0.454,-21.138,22.37,21.906,0.765,0.0,0.659,0.107,0.012,-22.9,-1.017,-0.0,-1.048,0.031,0.003,5.845,5.261,4.139,3.755
0.2610,0.017,0.11,10.017,-0.1,0.21,0.38,-3.253,3.311,-8.39,44.8,59.56,-21.75,-0.658,0.431,-0.027,-20.971,21.581,1.352,-20.231,21.065,20.971,0.733,0.0,1.04,-0.307,-0.029,-21.581,-0.961,-0.0,-0.782,-0.179,-0.022,5.956,5.102,4.139,3.755
0.2906,-0.077,0.024,10.041,-0.06,-0.03,-0.09,-3.47,3.078,-8.481,30.1,66.59,-13.1,-0.626,0.422,-0.026,-19.847,20.609,2.103,-19.138,20.118,19.847,0.694,-0.0,1.162,-0.469,-0.045,-20.609,-0.92,-0.0,-0.525,-0.395,-0.048,6.089,4.986,4.139,3.755
0.3225,0.28,0.086,10.087,0.03,-0.5,-0.11,-3.308,2.929,-8.655,13.47,52.07,-6.04,-0.649,0.424,-0.031,-18.818,20.043,2.605,-18.087,19.561,18.818,0.658,-0.0,0.909,-0.251,-0.024,-20.043,-0.897,0.0,-0.235,-0.662,-0.081,6.218,4.918,4.139,3.755
0.3492,0.115,0.05,10.185,-0.06,0.39,0.3,-3.766,2.771,-8.826,2.32,3.4,-2.4,-0.67,0.421,-0.027,-18.559,19.838,2.715,-17.808,19.363,18.559,0.649,0.0,0.059,0.589,0.061,-19.838,-0.889,-0.0,-0.041,-0.849,-0.103,6.252,4.894,4.139,3.755
0.3776,0.043,-0.091,10.111,-0.08,-0.22,-0.12,-4.256,2.619,-8.859,6.13,-73.98,0.11,-0.671,0.389,-0.024,-19.733,19.794,2.259,-18.98,19.344,19.733,0.69,-0.0,-1.291,1.981,0.2,-19.794,-0.889,-0.0,-0.107,-0.782,-0.095,6.109,4.892,4.139,3.755
0.4074,0.326,0.0,10.106,0.05,-0.54,-0.26,-4.754,2.401,-8.848,18.61,-178.92,0.31,-0.728,0.367,-0.029,-22.837,19.756,1.109,-22.023,19.307,22.837,0.798,-0.0,-3.123,3.921,0.395,-19.756,-0.888,0.0,-0.325,-0.564,-0.069,5.737,4.887,4.139,3.755
0.4386,-0.012,0.254,9.761,0.02,-0.17,-0.04,-2.076,2.264,-8.289,21.93,-99.5,-5.61,-0.712,0.381,-0.029,-25.253,19.526,0.189,-24.451,19.04,25.253,0.883,-0.0,-1.737,2.619,0.265,-19.526,-0.88,0.0,-0.383,-0.497,-0.061,5.44,4.855,4.139,3.755
0.4671,0.383,-0.16,10.233,0.31,-1.61,-0.8,-1.672,2.89,-9.57,12.61,69.73,-9.29,-0.733,0.378,-0.046,-23.889,18.879,0.711,-23.068,18.412,23.889,0.835,-0.0,1.217,-0.382,-0.035,-18.879,-0.853,0.0,-0.22,-0.633,-0.078,5.609,4.778,4.139,3.755
0.4935,0.306,0.366,10.02,-0.25,1.53,0.33,-3.317,2.428,-7.669,-6.82,133.56,-4.89,-0.829,0.411,-0.037,-21.532,18.54,1.618,-20.618,18.063,21.532,0.753,0.0,2.331,-1.578,-0.155,-18.54,-0.839,-0.0,0.119,-0.958,-0.117,5.909,4.735,4.139,3.755
0.5221,-0.546,0.306,9.948,-0.02,-0.14,-0.01,-2.131,2.551,-9.723,-21.12,215.35,1.47,-0.635,0.421,-0.02,-17.745,18.357,2.9,-17.03,17.889,17.745,0.621,-0.0,3.759,-3.138,-0.311,-18.357,-0.833,-0.0,0.369,-1.201,-0.146,0.064,4.714,4.139,3.755
0.5508,0.69,0.122,10.027,0.05,-0.73,-0.75,-2.917,2.699,-10.332,-18.55,252.35,-4.42,-0.69,0.445,-0.041,-12.696,18.195,4.491,-11.932,17.737,12.696,0.445,-0.0,4.404,-3.96,-0.394,-18.195,-0.827,0.0,0.324,-1.15,-0.141,0.687,4.696,4.139,3.755
0.6103,-1.259,0.373,9.807,-0.01,1.34,-0.49,-2.725,2.879,-11.303,10.3,-99.71,5.06,-0.502,0.479,-0.002,-14.892,18.428,3.836,-14.31,17.908,14.892,0.521,0.0,-1.74,2.262,0.228,-18.428,-0.84,-0.0,-0.18,-0.66,-0.082,0.396,4.716,4.139,3.755
0.6103,-1.259,0.373,9.807,-0.01,1.34,-0.49,-2.725,2.879,-11.303,10.3,-99.71,5.06,-0.502,0.479,-0.002,-14.892,18.428,3.836,-14.31,17.908,14.892,0.521,0.0,-1.74,2.262,0.228,-18.428,-0.84,-0.0,-0.18,-0.66,-0.082,0.396,4.716,4.139,3.755
0.6381,1.116,0.086,10.398,0.66,-3.25,-1.37,-3.508,2.599,-8.521,25.61,-209.09,1.12,-0.709,0.444,-0.048,-18.201,18.272,2.45,-17.412,17.777,18.201,0.637,-0.0,-3.649,4.286,0.431,-18.272,-0.834,0.0,-0.447,-0.387,-0.049,0.017,4.7,4.139,3.755
0.6710,-0.268,-0.093,10.221,-0.59,2.63,1.45,-6.463,1.766,-9.282,23.9,-247.92,4.79,-0.79,0.449,-0.032,-23.515,18.195,0.719,-22.638,17.656,23.515,0.822,0.0,-4.327,5.149,0.519,-18.195,-0.832,-0.0,-0.417,-0.415,-0.053,5.662,4.686,4.139,3.755
0.7004,-1.109,0.256,9.448,0.33,-0.59,-1.29,3.758,2.693,-9.602,28.1,-67.35,-7.59,-0.442,0.488,-0.034,-25.465,17.9,-0.205,-24.934,17.296,25.465,0.891,-0.0,-1.175,2.066,0.211,-17.9,-0.82,0.0,-0.49,-0.33,-0.043,5.381,4.642,4.139,3.755
0.7269,1.836,-0.46,10.415,0.75,-4.91,0.51,-2.193,2.914,-9.125,15.29,156.62,-15.36,-0.884,0.42,-0.064,-21.985,16.992,1.064,-21.019,16.502,21.985,0.769,-0.0,2.734,-1.964,-0.192,-16.992,-0.782,0.0,-0.267,-0.515,-0.065,5.86,4.545,4.139,3.755
0.7540,0.156,0.498,9.752,-0.83,4.29,0.73,-4.553,1.705,-7.641,-29.9,252.35,-5.33,-0.929,0.526,-0.055,-18.135,16.804,2.517,-17.122,16.241,18.135,0.635,0.0,4.404,-3.769,-0.373,-16.804,-0.775,-0.0,0.522,-1.297,-0.159,0.053,4.513,4.139,3.755
0.8129,1.018,-0.148,9.876,-0.38,-0.21,2.11,-9.34,2.024,-6.262,-27.65,36.16,-6.33,-0.874,0.418,-0.009,-11.497,17.521,4.724,-10.554,17.112,11.497,0.403,-0.0,0.631,-0.228,-0.02,-17.521,-0.809,-0.0,0.483,-1.291,-0.159,0.855,4.619,4.139,3.755
0.8129,1.018,-0.148,9.876,-0.38,-0.21,2.11,-9.34,2.024,-6.262,-27.65,36.16,-6.33,-0.874,0.418,-0.009,-11.497,17.521,4.724,-10.554,17.112,11.497,0.403,-0.0,0.631,-0.228,-0.02,-17.521,-0.809,-0.0,0.483,-1.291,-0.159,0.855,4.619,4.139,3.755
0.8425,-1.537,1.003,9.902,0.14,2.05,-1.04,-4.348,2.562,-11.043,-1.87,-132.93,9.79,-0.498,0.527,0.001,-14.451,17.784,3.776,-13.871,17.217,14.451,0.506,0.0,-2.32,2.827,0.286,-17.784,-0.821,0.0,0.033,-0.854,-0.107,0.45,4.632,4.139,3.755
0.8707,1.245,-0.615,10.455,0.85,-5.09,-1.89,-2.371,2.132,-9.298,28.14,-247.92,1.93,-0.614,0.451,-0.066,-18.197,17.612,2.085,-17.505,17.104,18.197,0.637,-0.0,-4.327,4.964,0.5,-17.612,-0.815,0.0,-0.491,-0.324,-0.043,0.006,4.618,4.139,3.755
0.8993,-0.311,0.268,10.271,-0.62,3.81,1.06,-6.408,1.421,-8.705,31.72,-247.92,1.33,-0.696,0.546,-0.048,-23.576,17.321,0.519,-22.792,16.675,23.576,0.825,0.0,-4.327,5.152,0.52,-17.321,-0.803,-0.0,-0.554,-0.25,-0.034,5.643,4.566,4.139,3.755
0.9282,-1.027,0.204,9.459,0.22,-0.46,-1.28,4.3,2.983,-10.338,38.7,-41.2,-14.13,-0.34,0.562,-0.034,-25.194,16.811,-0.15,-24.765,16.132,25.194,0.882,-0.0,-0.719,1.601,0.166,-16.811,-0.782,0.0,-0.675,-0.107,-0.017,5.402,4.499,4.139,3.755
0.9578,1.539,-0.366,10.463,0.96,-5.63,0.9,-1.81,2.886,-8.216,11.48,180.52,-16.67,-0.696,0.472,-0.064,-21.139,15.933,1.229,-20.36,15.391,21.139,0.74,-0.0,3.151,-2.41,-0.236,-15.933,-0.745,0.0,-0.2,-0.545,-0.07,5.94,4.409,4.139,3.755
1.0177,0.594,-0.012,9.864,-0.12,-2.33,-0.3,-1.82,2.968,-12.271,-48.28,252.35,6.51,-0.632,0.577,-0.057,-16.876,15.999,2.642,-16.161,15.377,16.876,0.591,0.0,4.404,-3.813,-0.377,-15.999,-0.749,-0.0,0.698,-1.447,-0.178,0.17,4.407,4.139,3.755
1.0177,0.594,-0.012,9.864,-0.12,-2.33,-0.3,-1.82,2.968,-12.271,-48.28,252.35,6.51,-0.548,0.592,-0.039,-11.768,16.551,3.925,-11.141,15.933,11.768,0.413,-0.0,4.404,-3.991,-0.396,-16.551,-0.774,-0.0,0.843,-1.617,-0.199,0.783,4.475,4.139,3.755
1.0736,-1.14,0.711,9.828,0.53,-0.54,-2.18,-2.561,2.771,-11.751,4.84,-149.55,13.04,-0.8,0.498,-0.005,-11.239,17.175,4.447,-10.367,16.677,11.239,0.395,0.0,0.214,0.181,0.021,-17.175,-0.803,-0.0,0.614,-1.417,-0.175,0.878,4.566,4.139,3.755
1.1025,1.173,-0.393,10.597,0.72,-3.68,-0.84,-3.34,1.985,-8.599,33.74,-247.69,-0.12,-0.685,0.553,-0.071,-18.089,17.078,1.786,-17.325,16.464,18.089,0.634,-0.0,-4.323,4.957,0.5,-17.078,-0.801,0.0,-0.589,-0.212,-0.031,0.028,4.54,4.139,3.755
1.1025,1.173,-0.393,10.597,0.72,-3.68,-0.84,-3.34,1.985,-8.599,33.74,-247.69,-0.12,-0.685,0.553,-0.071,-18.089,17.078,1.786,-17.325,16.464,18.089,0.634,-0.0,-4.323,4.957,0.5,-17.078,-0.801,0.0,-0.589,-0.212,-0.031,0.028,4.54,4.139,3.755
1.1614,-1.207,-0.026,9.661,0.17,0.51,-1.1,4.857,2.986,-10.258,40.48,-26.61,-15.91,-0.33,0.595,-0.036,-24.844,16.339,-0.335,-24.428,15.625,24.844,0.87,0.0,-0.464,1.334,0.14,-16.339,-0.771,0.0,-0.706,-0.065,-0.013,5.443,4.437,4.139,3.755
1.1614,-1.207,-0.026,9.661,0.17,0.51,-1.1,4.857,2.986,-10.258,40.48,-26.61,-15.91,-0.33,0.595,-0.036,-24.844,16.339,-0.335,-24.428,15.625,24.844,0.87,0.0,-0.464,1.334,0.14,-16.339,-0.771,0.0,-0.706,-0.065,-0.013,5.443,4.437,4.139,3.755
1.2220,-0.618,0.328,9.984,-0.72,4.78,-0.16,-3.672,2.039,-8.514,-43.19,252.35,-2.17,-0.673,0.625,-0.065,-16.48,15.626,2.457,-15.725,14.957,16.48,0.578,0.0,4.404,-3.826,-0.377,-15.626,-0.742,-0.0,0.754,-1.496,-0.185,0.223,4.356,4.139,3.755
1.2220,-0.618,0.328,9.984,-0.72,4.78,-0.16,-3.672,2.039,-8.514,-43.19,252.35,-2.17,-0.673,0.625,-0.065,-16.48,15.626,2.457,-15.725,14.957,16.48,0.578,0.0,4.404,-3.826,-0.377,-15.626,-0.742,-0.0,0.754,-1.496,-0.185,0.223,4.356,4.139,3.755
1.2787,0.22,0.326,10.096,-0.74,3.18,3.27,-9.154,1.389,-5.696,-35.71,-2.52,-6.17,-0.833,0.526,0.002,-11.649,16.953,4.015,-10.744,16.423,11.434,0.402,-0.0,4.404,-4.002,-0.396,-16.283,-0.772,0.0,0.911,-1.683,-0.208,0.824,4.441,4.139,3.755
1.2787,0.22,0.326,10.096,-0.74,3.18,3.27,-9.154,1.389,-5.696,-35.71,-2.52,-6.17,-0.833,0.526,0.002,-11.649,16.953,4.015,-10.744,16.423,11.649,0.41,0.0,-0.044,0.454,0.05,-16.953,-0.802,-0.0,0.623,-1.426,-0.178,0.832,4.535,4.139,3.755
1.3347,1.288,-0.108,10.185,0.62,-3.4,-0.36,-4.371,1.798,-8.084,35.77,-247.92,-0.91,-0.803,0.542,-0.068,-18.679,16.76,1.364,-17.8,16.155,14.505,0.509,-0.0,-2.875,3.384,0.343,-17.13,-0.811,0.0,-0.177,-0.634,-0.083,0.444,4.546,4.139,3.755
1.3347,1.288,-0.108,10.185,0.62,-3.4,-0.36,-4.371,1.798,-8.084,35.77,-247.92,-0.91,-0.803,0.542,-0.068,-18.679,16.76,1.364,-17.8,16.155,18.679,0.655,-0.0,-4.327,4.982,0.504,-16.76,-0.796,0.0,-0.624,-0.172,-0.027,6.253,4.502,4.139,3.755
1.3943,-0.63,-0.266,9.471,0.2,-0.07,-1.17,4.731,3.055,-10.021,40.32,19.75,-18.49,-0.517,0.582,-0.042,-24.704,15.951,-0.511,-24.104,15.252,24.704,0.866,-0.0,0.345,0.521,0.059,-15.951,-0.763,0.0,-0.704,-0.06,-0.014,5.483,4.392,4.139,3.755
1.3943,-0.63,-0.266,9.471,0.2,-0.07,-1.17,4.731,3.055,-10.021,40.32,19.75,-18.49,-0.517,0.582,-0.042,-24.704,15.951,-0.511,-24.104,15.252,24.704,0.866,-0.0,0.345,0.521,0.059,-15.951,-0.763,0.0,-0.704,-0.06,-0.014,5.483,4.392,4.139,3.755
1.4546,-0.455,0.278,9.869,-0.83,5.02,0.09,-3.867,2.018,-8.939,-45.03,252.35,-2.56,-0.798,0.64,-0.065,-16.19,15.338,2.254,-15.313,14.658,16.19,0.569,0.0,4.404,-3.836,-0.377,-15.338,-0.739,-0.0,0.786,-1.525,-0.19,0.274,4.319,4.139,3.755
1.4546,-0.455,0.278,9.869,-0.83,5.02,0.09,-3.867,2.018,-8.939,-45.03,252.35,-2.56,-0.798,0.64,-0.065,-16.19,15.338,2.254,-15.313,14.658,16.19,0.569,0.0,4.404,-3.836,-0.377,-15.338,-0.739,-0.0,0.786,-1.525,-0.19,0.274,4.319,4.139,3.755
1.5117,1.116,0.584,8.499,-0.6,1.71,3.1,-9.313,1.222,-5.567,-36.22,-3.13,-4.15,-0.99,0.565,0.003,-11.582,16.703,3.74,-10.521,16.14,11.582,0.408,0.0,-0.055,0.462,0.051,-16.703,-0.801,-0.0,0.632,-1.433,-0.18,0.859,4.5,4.139,3.755
1.5117,1.116,0.584,8.499,-0.6,1.71,3.1,-9.313,1.222,-5.567,-36.22,-3.13,-4.15,-0.99,0.565,0.003,-11.582,16.703,3.74,-10.521,16.14,11.582,0.408,0.0,-0.055,0.462,0.051,-16.703,-0.801,-0.0,0.632,-1.433,-0.18,0.859,4.5,4.139,3.755
1.5678,1.437,-0.103,10.235,0.57,-2.59,-0.33,-4.762,1.768,-7.827,37.8,-240.71,-2.07,-0.927,0.585,-0.067,-18.476,16.462,1.193,-17.475,15.815,18.476,0.648,-0.0,-4.201,4.85,0.492,-16.462,-0.792,0.0,-0.66,-0.133,-0.024,0.009,4.461,4.139,3.755
1.5678,1.437,-0.103,10.235,0.57,-2.59,-0.33,-4.762,1.768,-7.827,37.8,-240.71,-2.07,-0.927,0.585,-0.067,-18.476,16.462,1.193,-17.475,15.815,18.476,0.648,-0.0,-4.201,4.85,0.492,-16.462,-0.792,0.0,-0.66,-0.133,-0.024,0.009,4.461,4.139,3.755
1.5996,-0.196,-0.347,10.245,-0.63,2.75,1.83,-5.742,1.735,-9.44,28.2,-247.92,1.5,-0.939,0.592,-0.048,-23.806,16.192,-0.252,-22.788,15.49,23.806,0.835,0.0,-4.327,5.162,0.524,-16.192,-0.782,-0.0,-0.492,-0.29,-0.043,5.644,4.421,4.139,3.755
1.6293,-1.025,-0.199,9.404,0.1,0.24,-0.94,4.916,2.878,-9.817,38.59,6.83,-17.58,-0.591,0.593,-0.034,-24.676,15.703,-0.71,-24.005,14.991,24.676,0.865,0.0,0.119,0.746,0.083,-15.703,-0.761,0.0,-0.674,-0.088,-0.019,5.495,4.36,4.139,3.755
1.6540,1.741,-0.5,10.259,1.1,-5.83,0.68,-3.328,2.678,-7.678,9.07,181.57,-11.45,-0.987,0.517,-0.066,-20.795,14.903,0.639,-19.732,14.315,20.795,0.73,-0.0,3.169,-2.439,-0.236,-14.903,-0.728,0.0,-0.158,-0.569,-0.077,6.017,4.277,4.139,3.755
1.6826,-0.73,0.242,10.264,-0.79,5.26,-0.2,-3.334,2.039,-8.672,-44.61,252.35,-0.71,-0.871,0.628,-0.064,-16.262,15.147,1.993,-15.315,14.479,16.262,0.572,0.0,4.404,-3.833,-0.376,-15.147,-0.739,-0.0,0.779,-1.518,-0.191,0.273,4.297,4.139,3.755
1.7147,-0.177,-0.388,10.441,-0.14,-1.28,0.03,-3.072,2.893,-11.62,-54.53,252.35,8.57,-0.697,0.598,-0.042,-11.326,15.861,3.196,-10.559,15.242,11.326,0.399,-0.0,4.404,-4.005,-0.394,-15.861,-0.772,-0.0,0.952,-1.723,-0.216,0.854,4.391,4.139,3.755
1.7418,0.948,0.45,9.12,-0.66,2.16,3.54,-8.978,1.31,-5.571,-34.81,-3.59,-6.83,-1.023,0.527,0.011,-11.818,16.546,3.484,-10.728,16.02,11.818,0.416,0.0,-0.063,0.479,0.054,-16.546,-0.803,-0.0,0.608,-1.41,-0.178,0.834,4.486,4.139,3.755
1.7713,-1.001,-0.132,10.326,0.66,-2.93,-3.69,-1.642,2.916,-12.117,14.17,-168.7,16.52,-0.655,0.56,-0.017,-14.532,16.675,2.405,-13.805,16.072,14.532,0.511,-0.0,-2.944,3.456,0.352,-16.675,-0.809,0.0,-0.247,-0.562,-0.077,0.458,4.492,4.139,3.755
1.8017,1.195,0.12,10.046,0.64,-2.85,0.0,-4.696,1.732,-7.904,35.39,-241.82,-2.58,-0.94,0.556,-0.067,-18.735,16.278,0.958,-17.723,15.657,18.735,0.658,-0.0,-4.221,4.879,0.495,-16.278,-0.793,0.0,-0.618,-0.176,-0.03,6.262,4.441,4.139,3.755
1.8326,-0.268,-0.22,10.25,-0.67,2.56,2.06,-5.371,1.735,-9.626,28.98,-247.92,-0.08,-0.911,0.58,-0.051,-23.974,15.999,-0.456,-22.984,15.306,23.974,0.841,0.0,-4.327,5.168,0.525,-15.999,-0.782,-0.0,-0.506,-0.276,-0.043,5.62,4.398,4.139,3.755
1.8571,-1.233,-0.34,9.692,-0.02,1.13,-0.78,4.511,2.788,-9.703,39.28,18.96,-19.83,-0.535,0.581,-0.035,-24.737,15.446,-0.835,-24.123,14.746,24.737,0.868,0.0,0.331,0.537,0.063,-15.446,-0.759,-0.0,-0.686,-0.074,-0.018,5.48,4.33,4.139,3.755
1.8868,1.664,-0.16,10.06,1.29,-6.46,0.63,-2.758,2.756,-7.722,8.61,178.47,-11.4,-0.846,0.516,-0.066,-20.75,14.681,0.501,-19.828,14.091,20.75,0.729,-0.0,3.115,-2.386,-0.23,-14.681,-0.727,0.0,-0.15,-0.577,-0.079,6.005,4.25,4.139,3.755
1.9154,-0.57,0.237,10.063,-0.86,5.06,-0.47,-3.905,2.077,-8.68,-43.17,252.35,-1.22,-0.81,0.608,-0.064,-16.226,14.937,1.839,-15.342,14.285,16.226,0.571,0.0,4.404,-3.834,-0.375,-14.937,-0.739,-0.0,0.753,-1.492,-0.189,0.27,4.274,4.139,3.755
1.9476,0.589,-0.271,10.159,0.04,-2.7,-0.25,-2.662,2.98,-11.855,-54.49,252.35,9.04,-0.712,0.587,-0.043,-11.202,15.675,3.013,-10.424,15.067,11.202,0.395,-0.0,4.404,-4.009,-0.394,-15.675,-0.772,0.0,0.951,-1.723,-0.217,0.871,4.369,4.139,3.755
1.9739,0.709,0.412,9.268,-0.71,2.66,3.33,-9.09,1.213,-5.422,-37.65,3.14,-5.18,-1.063,0.519,0.006,-11.557,16.39,3.332,-10.429,15.873,11.557,0.408,0.0,0.055,0.353,0.042,-16.39,-0.805,-0.0,0.657,-1.462,-0.186,0.87,4.468,4.139,3.755
2.0059,-0.673,-0.017,9.924,0.7,-3.06,-3.4,-1.487,2.974,-12.264,13.26,-164.63,14.77,-0.726,0.558,-0.02,-14.222,16.543,2.311,-13.426,15.945,14.222,0.501,-0.0,-2.873,3.374,0.345,-16.543,-0.812,0.0,-0.231,-0.581,-0.08,0.504,4.477,4.139,3.755
2.0602,-0.153,-0.227,10.156,-0.63,2.41,1.67,-6.153,1.842,-9.931,26.58,-247.92,1.08,-1.03,0.573,-0.052,-23.487,15.823,-0.449,-22.38,15.141,18.131,0.637,-0.0,-3.914,4.551,0.464,-16.08,-0.793,0.0,-0.661,-0.132,-0.026,0.062,4.418,4.139,3.755
2.0602,-0.153,-0.227,10.156,-0.63,2.41,1.67,-6.153,1.842,-9.931,26.58,-247.92,1.08,-1.03,0.573,-0.052,-23.487,15.823,-0.449,-22.38,15.141,23.487,0.824,0.0,-4.327,5.151,0.525,-15.823,-0.783,-0.0,-0.464,-0.319,-0.049,5.693,4.378,4.139,3.755
2.0890,-1.262,-0.098,9.541,0.04,1.44,-0.06,4.684,2.8,-9.4,38.27,-27.83,-17.37,-0.668,0.575,-0.029,-24.778,15.376,-1.011,-24.033,14.68,24.778,0.87,0.0,-0.486,1.355,0.146,-15.376,-0.765,0.0,-0.668,-0.097,-0.022,5.491,4.322,4.139,3.755
2.1474,-0.292,0.577,10.029,-0.76,4.55,-0.44,-3.625,2.031,-7.851,-41.66,252.35,-1.49,-0.94,0.632,-0.066,-16.791,14.787,1.562,-15.778,14.109,16.791,0.591,0.0,4.404,-3.813,-0.372,-14.787,-0.741,-0.0,0.727,-1.468,-0.187,0.217,4.252,4.139,3.755
2.1474,-0.292,0.577,10.029,-0.76,4.55,-0.44,-3.625,2.031,-7.851,-41.66,252.35,-1.49,-0.94,0.632,-0.066,-16.791,14.787,1.562,-15.778,14.109,16.791,0.591,0.0,4.404,-3.813,-0.372,-14.787,-0.741,-0.0,0.727,-1.468,-0.187,0.217,4.252,4.139,3.755
2.2069,0.091,0.204,9.859,-0.77,3.1,3.54,-8.654,1.35,-5.616,-38.87,13.37,-6.74,-1.003,0.56,-0.005,-11.344,16.231,3.216,-10.276,15.667,11.344,0.401,0.0,0.233,0.168,0.025,-16.231,-0.806,-0.0,0.678,-1.485,-0.19,0.889,4.443,4.139,3.755
2.2069,0.091,0.204,9.859,-0.77,3.1,3.54,-8.654,1.35,-5.616,-38.87,13.37,-6.74,-1.003,0.56,-0.005,-11.344,16.231,3.216,-10.276,15.667,11.344,0.401,0.0,0.233,0.168,0.025,-16.231,-0.806,-0.0,0.678,-1.485,-0.19,0.889,4.443,4.139,3.755
2.2342,-1.429,0.464,10.151,0.59,-0.64,-2.71,-3.021,2.885,-11.914,9.45,-148.54,13.86,-0.563,0.624,-0.02,-14.146,16.408,2.311,-13.511,15.736,14.146,0.499,-0.0,-2.592,3.091,0.318,-16.408,-0.815,0.0,-0.165,-0.65,-0.09,0.494,4.451,4.139,3.755
2.2663,1.398,-0.151,10.324,0.87,-4.51,-0.67,-2.972,1.946,-8.199,37.19,-216.2,-0.95,-0.869,0.577,-0.077,-17.672,15.99,0.945,-16.733,15.349,17.672,0.622,-0.0,-3.773,4.395,0.449,-15.99,-0.798,0.0,-0.649,-0.149,-0.03,0.1,4.404,4.139,3.755
2.3232,-1.657,-0.048,9.895,-0.28,3.04,0.54,4.152,2.74,-8.987,38.38,-66.01,-15.41,-0.465,0.651,-0.038,-24.916,15.276,-1.102,-24.373,14.498,23.066,0.81,0.0,-4.327,5.137,0.524,-15.688,-0.786,-0.0,-0.471,-0.315,-0.05,5.723,4.355,4.139,3.755
2.3232,-1.657,-0.048,9.895,-0.28,3.04,0.54,4.152,2.74,-8.987,38.38,-66.01,-15.41,-0.465,0.651,-0.038,-24.916,15.276,-1.102,-24.373,14.498,24.916,0.875,0.0,-1.152,2.027,0.214,-15.276,-0.769,-0.0,-0.67,-0.099,-0.024,5.45,4.3,4.139,3.755
2.3794,-0.134,0.958,10.046,-0.53,4.03,-0.68,-3.934,1.986,-7.187,-38.64,252.35,-2.88,-0.668,0.589,-0.085,-21.128,14.378,0.17,-20.384,13.703,21.128,0.743,-0.0,2.918,-2.175,-0.207,-14.378,-0.731,0.0,-0.298,-0.433,-0.064,5.937,4.203,4.139,3.755
2.3794,-0.134,0.958,10.046,-0.53,4.03,-0.68,-3.934,1.986,-7.187,-38.64,252.35,-2.88,-0.676,0.712,-0.082,-17.071,14.584,1.403,-16.319,13.812,17.071,0.601,0.0,4.404,-3.803,-0.37,-14.584,-0.741,-0.0,0.674,-1.415,-0.182,0.151,4.216,4.139,3.755
2.4081,0.304,0.113,9.931,-0.39,-2.08,0.93,-1.791,3.194,-13.366,-56.07,252.35,6.12,-0.468,0.722,-0.066,-11.963,15.298,2.583,-11.422,14.535,11.963,0.423,-0.0,4.404,-3.981,-0.389,-15.298,-0.773,-0.0,0.979,-1.752,-0.223,0.749,4.304,4.139,3.755
2.4375,0.419,-0.445,10.139,-0.69,2.37,3.0,-8.953,1.341,-5.532,-41.41,41.32,-5.78,-0.773,0.604,-0.026,-10.7,16.072,3.196,-9.86,15.452,10.7,0.379,0.0,0.721,-0.342,-0.025,-16.072,-0.808,-0.0,0.723,-1.531,-0.197,0.94,4.416,4.139,3.755
2.4706,-1.259,0.998,9.345,0.46,0.31,-1.71,-3.869,2.763,-11.724,1.53,-129.13,10.19,-0.342,0.696,-0.026,-13.431,16.336,2.454,-13.014,15.583,13.431,0.474,0.0,-2.254,2.728,0.282,-16.336,-0.821,0.0,-0.027,-0.794,-0.108,0.554,4.432,4.139,3.755
2.5280,-0.057,0.079,10.321,-0.47,2.97,1.28,-8.078,1.78,-10.034,27.79,-247.92,-0.55,-0.588,0.688,-0.078,-22.086,15.587,-0.23,-21.423,14.792,16.534,0.583,-0.0,-3.557,4.14,0.424,-15.92,-0.804,0.0,-0.672,-0.132,-0.029,0.195,4.388,4.139,3.755
2.5280,-0.057,0.079,10.321,-0.47,2.97,1.28,-8.078,1.78,-10.034,27.79,-247.92,-0.55,-0.588,0.688,-0.078,-22.086,15.587,-0.23,-21.423,14.792,22.086,0.777,0.0,-4.327,5.104,0.521,-15.587,-0.79,-0.0,-0.485,-0.305,-0.05,5.81,4.336,4.139,3.755
2.5538,-1.604,0.309,9.555,-0.32,2.97,1.42,3.525,2.719,-8.771,36.4,-156.12,-11.34,-0.184,0.703,-0.042,-25.117,15.314,-1.232,-24.857,14.481,25.117,0.882,0.0,-2.725,3.607,0.373,-15.314,-0.779,-0.0,-0.635,-0.144,-0.031,5.391,4.298,4.139,3.755
2.5855,1.314,-0.084,10.393,1.15,-5.64,-2.72,-1.183,3.428,-11.344,23.32,171.17,-21.56,-0.414,0.64,-0.103,-21.384,14.304,0.016,-20.893,13.571,21.384,0.752,-0.0,2.987,-2.235,-0.212,-14.304,-0.736,0.0,-0.407,-0.329,-0.053,5.875,4.187,4.139,3.755
2.6447,0.208,0.05,9.706,-0.63,0.74,1.58,-1.281,3.612,-14.714,-56.11,252.35,5.23,-0.581,0.68,-0.099,-17.483,14.395,1.221,-16.826,13.651,17.483,0.616,0.0,4.404,-3.788,-0.368,-14.395,-0.741,-0.0,0.591,-1.333,-0.173,0.089,4.196,4.139,3.755
2.6447,0.208,0.05,9.706,-0.63,0.74,1.58,-1.281,3.612,-14.714,-56.11,252.35,5.23,-0.443,0.653,-0.07,-12.315,15.123,2.426,-11.803,14.427,12.315,0.436,0.0,4.404,-3.969,-0.387,-15.123,-0.774,-0.0,0.979,-1.753,-0.224,0.702,4.291,4.139,3.755
2.6998,-1.355,0.275,9.754,0.14,0.97,-0.98,-4.86,2.708,-11.715,-0.52,-124.44,10.27,-0.509,0.562,-0.018,-13.258,16.236,2.474,-12.681,15.629,10.683,0.379,-0.0,1.113,-0.734,-0.064,-15.933,-0.811,-0.0,0.775,-1.585,-0.204,0.963,4.416,4.139,3.755
2.6998,-1.355,0.275,9.754,0.14,0.97,-0.98,-4.86,2.708,-11.715,-0.52,-124.44,10.27,-0.509,0.562,-0.018,-13.258,16.236,2.474,-12.681,15.629,13.258,0.469,0.0,-2.172,2.641,0.274,-16.236,-0.825,0.0,0.009,-0.834,-0.114,0.595,4.438,4.139,3.755
2.7578,0.342,0.302,10.118,-0.56,2.36,0.38,-8.201,1.832,-10.461,28.33,-247.92,-0.99,-0.88,0.569,-0.087,-21.91,15.495,-0.228,-20.956,14.83,21.91,0.771,0.0,-4.327,5.098,0.522,-15.495,-0.795,-0.0,-0.494,-0.3,-0.051,0.247,4.398,4.139,3.755
2.7578,0.342,0.302,10.118,-0.56,2.36,0.38,-8.201,1.832,-10.461,28.33,-247.92,-0.99,-0.88,0.569,-0.087,-21.91,15.495,-0.228,-20.956,14.83,21.91,0.771,0.0,-4.327,5.098,0.522,-15.495,-0.795,-0.0,-0.494,-0.3,-0.051,5.867,4.34,4.139,3.755
2.7872,-1.42,0.39,9.689,-0.44,3.1,2.16,2.986,2.653,-8.469,36.88,-187.99,-11.27,-0.575,0.596,-0.044,-25.334,15.241,-1.313,-24.682,14.518,25.334,0.89,0.0,-3.281,4.172,0.43,-15.241,-0.785,-0.0,-0.644,-0.141,-0.031,5.412,4.302,4.139,3.755
2.8145,0.192,-0.409,11.023,0.9,-4.21,-3.62,-0.383,3.488,-11.988,23.19,182.01,-22.47,-0.469,0.502,-0.104,-21.45,14.193,-0.042,-20.905,13.607,21.45,0.755,-0.0,3.177,-2.422,-0.23,-14.193,-0.74,0.0,-0.405,-0.335,-0.055,5.874,4.191,4.139,3.755
2.8771,-0.96,0.718,10.477,-0.7,2.28,1.64,-2.036,3.549,-14.648,-57.04,252.35,5.6,-0.526,0.663,-0.075,-12.335,14.98,2.368,-11.74,14.277,12.335,0.437,0.0,4.404,-3.967,-0.386,-14.98,-0.776,-0.0,0.996,-1.772,-0.228,0.127,4.188,4.139,3.755
2.9015,1.784,-0.723,9.428,-0.83,-0.88,2.93,-8.622,1.125,-5.045,-47.75,62.8,-6.5,-0.882,0.5,-0.04,-10.58,15.861,3.044,-9.639,15.351,10.58,0.376,-0.0,1.096,-0.72,-0.061,-15.861,-0.816,-0.0,0.833,-1.649,-0.213,0.967,4.404,4.139,3.755
2.9326,-1.566,0.582,9.431,0.21,1.24,-0.53,-4.569,2.777,-11.951,-5.23,-103.99,7.3,-0.532,0.597,-0.018,-12.879,16.202,2.528,-12.278,15.563,10.58,0.376,-0.0,1.096,-0.72,-0.061,-15.861,-0.816,-0.0,0.833,-1.649,-0.213,0.967,4.404,4.139,3.755
2.9625,1.238,-0.077,10.235,1.08,-6.0,-2.84,-0.581,2.301,-8.569,40.29,-184.97,5.53,-0.745,0.566,-0.098,-15.701,15.809,1.209,-14.891,15.189,12.879,0.456,0.0,-1.815,2.271,0.238,-16.202,-0.832,0.0,0.091,-0.923,-0.126,0.644,4.43,4.139,3.755
2.9625,1.238,-0.077,10.235,1.08,-6.0,-2.84,-0.581,2.301,-8.569,40.29,-184.97,5.53,-0.745,0.566,-0.098,-15.701,15.809,1.209,-14.891,15.189,15.701,0.555,-0.0,-3.228,3.783,0.39,-15.809,-0.816,0.0,-0.703,-0.113,-0.029,0.325,4.384,4.139,3.755
3.0219,-1.032,0.462,9.627,-0.6,3.69,2.61,1.97,2.497,-7.969,36.31,-247.92,-5.92,-0.606,0.656,-0.055,-25.277,15.343,-1.404,-24.597,14.551,21.069,0.742,0.0,-4.327,5.069,0.52,-15.45,-0.801,-0.0,-0.44,-0.362,-0.059,5.963,4.328,4.139,3.755
3.0219,-1.032,0.462,9.627,-0.6,3.69,2.61,1.97,2.497,-7.969,36.31,-247.92,-5.92,-0.606,0.656,-0.055,-25.277,15.343,-1.404,-24.597,14.551,25.277,0.889,0.0,-4.327,5.216,0.535,-15.343,-0.798,-0.0,-0.634,-0.164,-0.036,5.423,4.306,4.139,3.755
3.0789,0.385,1.037,10.209,0.3,0.74,-0.39,-3.383,1.773,-4.451,-20.38,234.55,-7.75,-0.651,0.641,-0.103,-18.573,14.216,0.794,-17.849,13.505,18.573,0.655,0.0,4.094,-3.439,-0.331,-14.216,-0.751,0.0,0.356,-1.106,-0.149,6.247,4.178,4.139,3.755
3.0789,0.385,1.037,10.209,0.3,0.74,-0.39,-3.383,1.773,-4.451,-20.38,234.55,-7.75,-0.651,0.641,-0.103,-18.573,14.216,0.794,-17.849,13.505,18.573,0.655,0.0,4.094,-3.439,-0.331,-14.216,-0.751,0.0,0.356,-1.106,-0.149,6.247,4.178,4.139,3.755
3.1344,1.35,-0.448,10.137,-0.58,-1.67,2.71,-7.836,1.373,-6.144,-52.72,135.48,-2.29,-0.594,0.58,-0.068,-10.519,15.676,2.904,-9.862,15.068,13.543,0.48,0.0,4.404,-3.925,-0.38,-14.8,-0.777,-0.0,0.924,-1.701,-0.22,0.539,4.242,4.139,3.755
3.1344,1.35,-0.448,10.137,-0.58,-1.67,2.71,-7.836,1.373,-6.144,-52.72,135.48,-2.29,-0.594,0.58,-0.068,-10.519,15.676,2.904,-9.862,15.068,10.519,0.374,-0.0,2.365,-1.99,-0.187,-15.676,-0.816,-0.0,0.92,-1.737,-0.225,0.94,4.369,4.139,3.755
3.1923,0.326,-0.005,10.168,1.3,-5.93,-4.81,0.095,2.743,-9.657,41.51,-190.26,13.21,-0.258,0.605,-0.111,-15.249,15.885,1.33,-14.924,15.213,12.351,0.438,0.0,-1.306,1.744,0.186,-16.2,-0.84,-0.0,0.321,-1.162,-0.156,0.676,4.429,4.139,3.755
3.1923,0.326,-0.005,10.168,1.3,-5.93,-4.81,0.095,2.743,-9.657,41.51,-190.26,13.21,-0.258,0.605,-0.111,-15.249,15.885,1.33,-14.924,15.213,15.249,0.539,-0.0,-3.321,3.86,0.399,-15.885,-0.828,0.0,-0.724,-0.103,-0.029,0.321,4.387,4.139,3.755
3.2239,0.371,0.745,10.336,-0.11,1.97,-0.29,-8.538,1.478,-9.477,31.87,-247.92,-3.85,-0.461,0.675,-0.123,-20.499,15.407,0.05,-19.964,14.638,20.499,0.723,0.0,-4.327,5.05,0.518,-15.407,-0.808,-0.0,-0.556,-0.252,-0.047,5.989,4.317,4.139,3.755
3.2528,-0.352,0.754,9.764,-0.62,3.01,1.4,0.712,2.468,-8.408,31.32,-247.92,-6.65,-0.336,0.707,-0.092,-24.906,15.286,-1.269,-24.494,14.448,24.906,0.876,0.0,-4.327,5.203,0.535,-15.286,-0.804,-0.0,-0.547,-0.257,-0.048,5.435,4.294,4.139,3.755
3.2788,-0.69,-0.45,10.669,0.33,-2.49,-2.8,1.265,3.632,-12.665,29.47,152.69,-25.88,-0.031,0.587,-0.108,-22.264,14.308,-0.397,-22.156,13.625,22.264,0.784,-0.0,2.665,-1.881,-0.174,-14.308,-0.762,0.0,-0.514,-0.248,-0.047,5.721,4.193,4.139,3.755
3.3375,-0.967,0.311,10.058,-0.7,4.03,0.69,-2.319,3.121,-13.131,-51.49,252.35,5.73,-0.171,0.701,-0.109,-13.802,14.68,1.95,-13.559,13.917,18.673,0.659,-0.0,3.762,-3.103,-0.296,-14.124,-0.755,0.0,0.259,-1.014,-0.139,6.205,4.168,4.139,3.755
3.3375,-0.967,0.311,10.058,-0.7,4.03,0.69,-2.319,3.121,-13.131,-51.49,252.35,5.73,-0.171,0.701,-0.109,-13.802,14.68,1.95,-13.559,13.917,13.802,0.489,0.0,4.404,-3.915,-0.378,-14.68,-0.78,-0.0,0.899,-1.679,-0.219,0.488,4.229,4.139,3.755
3.3700,1.221,-0.553,10.422,-0.24,-2.22,1.31,-6.487,1.708,-7.368,-53.09,189.28,0.2,-0.394,0.587,-0.099,-9.986,15.537,2.939,-9.528,14.913,9.986,0.356,-0.0,3.304,-2.948,-0.282,-15.537,-0.819,-0.0,0.927,-1.745,-0.227,0.98,4.35,4.139,3.755
3.4259,0.069,-0.314,10.233,0.95,-3.64,-5.02,0.481,2.878,-10.588,35.86,-168.88,16.14,-0.046,0.648,-0.123,-14.531,15.902,1.521,-14.415,15.182,14.531,0.515,-0.0,-2.948,3.462,0.359,-15.902,-0.837,0.0,-0.626,-0.211,-0.044,0.383,4.383,4.139,3.755
3.4259,0.069,-0.314,10.233,0.95,-3.64,-5.02,0.481,2.878,-10.588,35.86,-168.88,16.14,-0.046,0.648,-0.123,-14.531,15.902,1.521,-14.415,15.182,14.531,0.515,-0.0,-2.948,3.462,0.359,-15.902,-0.837,0.0,-0.626,-0.211,-0.044,0.383,4.383,4.139,3.755
3.4525,0.785,0.824,10.475,-0.01,1.07,-0.68,-7.095,1.53,-8.859,34.17,-247.92,-4.85,-0.312,0.683,-0.134,-19.198,15.389,0.317,-18.813,14.618,19.198,0.678,0.0,-4.327,5.005,0.515,-15.389,-0.816,-0.0,-0.596,-0.219,-0.045,6.129,4.314,4.139,3.755
3.4828,-0.17,0.438,9.929,-0.5,2.71,1.89,-2.02,2.146,-8.492,28.07,-247.92,-4.4,-0.28,0.655,-0.099,-24.099,15.249,-1.011,-23.742,14.475,24.099,0.849,0.0,-4.327,5.176,0.533,-15.249,-0.811,-0.0,-0.49,-0.321,-0.057,5.527,4.297,4.139,3.755
3.5150,-0.795,-0.397,9.95,0.43,-2.49,-2.94,3.099,3.4,-11.697,36.64,98.53,-25.2,0.061,0.568,-0.107,-23.014,14.445,-0.713,-22.998,13.778,23.014,0.811,-0.0,1.72,-0.909,-0.075,-14.445,-0.777,0.0,-0.639,-0.137,-0.035,5.618,4.212,4.139,3.755
3.5398,1.726,-0.139,9.764,0.75,-4.13,1.37,-3.486,2.017,-5.358,-4.25,192.08,-8.16,-0.555,0.551,-0.126,-19.476,14.0,0.428,-18.849,13.376,19.476,0.688,-0.0,3.352,-2.665,-0.252,-14.0,-0.758,0.0,0.074,-0.832,-0.119,6.125,4.163,4.139,3.755
3.5976,1.068,-0.666,10.065,-0.28,-2.3,0.93,-4.978,2.106,-9.13,-56.68,239.91,2.74,-0.412,0.571,-0.103,-9.943,15.345,2.795,-9.47,14.738,14.591,0.517,0.0,4.404,-3.887,-0.375,-14.505,-0.781,-0.0,0.88,-1.661,-0.218,0.421,4.215,4.139,3.755
3.5976,1.068,-0.666,10.065,-0.28,-2.3,0.93,-4.978,2.106,-9.13,-56.68,239.91,2.74,-0.412,0.571,-0.103,-9.943,15.345,2.795,-9.47,14.738,9.943,0.355,-0.0,4.187,-3.832,-0.37,-15.345,-0.819,-0.0,0.989,-1.808,-0.236,0.987,4.329,4.139,3.755
3.6266,0.335,0.577,8.478,-0.34,1.58,2.69,-8.62,1.371,-6.691,-30.29,-37.51,-3.92,-0.578,0.566,-0.042,-11.291,16.009,2.865,-10.647,15.411,11.291,0.402,0.0,-0.655,1.057,0.119,-16.009,-0.849,-0.0,0.529,-1.378,-0.185,0.844,4.411,4.139,3.755
3.6564,-0.819,-0.321,10.116,1.03,-3.52,-5.16,0.306,3.16,-11.773,30.14,-161.06,17.28,-0.296,0.579,-0.106,-13.67,15.884,1.769,-13.308,15.246,13.67,0.485,-0.0,-2.811,3.296,0.344,-15.884,-0.845,0.0,-0.526,-0.319,-0.058,0.519,4.391,4.139,3.755
3.6847,0.943,0.615,10.364,0.44,-0.7,-0.46,-5.526,1.362,-7.64,32.49,-209.29,-4.64,-0.607,0.637,-0.138,-17.514,15.342,0.662,-16.838,14.634,17.514,0.619,-0.0,-3.653,4.272,0.442,-15.342,-0.822,0.0,-0.567,-0.255,-0.05,0.087,4.316,4.139,3.755
3.7163,0.002,0.201,10.348,-0.78,2.15,1.9,-5.447,2.158,-10.053,21.45,-247.92,-0.52,-0.597,0.648,-0.115,-22.836,15.245,-0.673,-22.165,14.486,22.836,0.805,0.0,-4.327,5.132,0.529,-15.245,-0.819,-0.0,-0.374,-0.445,-0.073,5.72,4.298,4.139,3.755
3.7426,-2.334,-0.271,9.831,-0.23,2.81,0.25,4.245,2.721,-9.2,38.26,-16.04,-21.04,-0.091,0.592,-0.082,-24.024,14.738,-1.158,-23.857,14.036,24.024,0.847,0.0,-0.28,1.127,0.129,-14.738,-0.798,-0.0,-0.668,-0.13,-0.035,5.513,4.243,4.139,3.755
3.7746,1.362,-0.479,10.41,1.23,-7.19,-0.63,-2.928,2.795,-8.271,13.59,160.69,-10.8,-0.452,0.542,-0.138,-20.506,13.956,0.014,-19.982,13.333,20.506,0.724,-0.0,2.804,-2.08,-0.192,-13.956,-0.765,0.0,-0.237,-0.527,-0.083,5.986,4.157,4.139,3.755
3.8312,-0.084,-0.493,10.733,-0.76,0.05,1.83,-2.495,2.793,-12.567,-60.74,252.35,6.77,-0.382,0.624,-0.117,-11.313,15.069,2.345,-10.867,14.402,16.365,0.58,0.0,4.404,-3.825,-0.367,-14.269,-0.779,-0.0,0.698,-1.477,-0.197,0.221,4.184,4.139,3.755
3.8312,-0.084,-0.493,10.733,-0.76,0.05,1.83,-2.495,2.793,-12.567,-60.74,252.35,6.77,-0.382,0.624,-0.117,-11.313,15.069,2.345,-10.867,14.402,11.313,0.403,0.0,4.404,-4.001,-0.386,-15.069,-0.815,-0.0,1.06,-1.875,-0.246,0.817,4.288,4.139,3.755
3.8880,-0.833,0.378,9.79,0.79,-1.68,-3.15,-3.428,3.006,-11.631,14.52,-134.41,14.57,-0.315,0.585,-0.076,-13.388,15.962,2.076,-13.006,15.322,13.388,0.476,-0.0,-2.346,2.822,0.297,-15.962,-0.856,0.0,-0.253,-0.603,-0.093,0.555,4.4,4.139,3.755
3.8880,-0.833,0.378,9.79,0.79,-1.68,-3.15,-3.428,3.006,-11.631,14.52,-134.41,14.57,-0.315,0.585,-0.076,-13.388,15.962,2.076,-13.006,15.322,13.388,0.476,-0.0,-2.346,2.822,0.297,-15.962,-0.856,0.0,-0.253,-0.603,-0.093,0.555,4.4,4.139,3.755
3.9459,0.34,-0.371,10.381,-0.52,2.32,1.49,-8.025,2.061,-11.1,20.52,-247.92,-2.36,-0.74,0.564,-0.129,-21.657,15.243,-0.402,-20.845,14.582,21.657,0.764,0.0,-4.327,5.091,0.526,-15.243,-0.827,-0.0,-0.358,-0.469,-0.078,5.881,4.31,4.139,3.755
3.9459,0.34,-0.371,10.381,-0.52,2.32,1.49,-8.025,2.061,-11.1,20.52,-247.92,-2.36,-0.74,0.564,-0.129,-21.657,15.243,-0.402,-20.845,14.582,21.657,0.764,0.0,-4.327,5.091,0.526,-15.243,-0.827,-0.0,-0.358,-0.469,-0.078,5.881,4.31,4.139,3.755
3.9768,-1.944,0.014,9.833,-0.92,5.45,3.54,2.711,2.715,-7.897,41.13,-186.7,-11.4,-0.421,0.553,-0.066,-25.039,15.01,-1.496,-24.542,14.338,25.039,0.883,0.0,-3.258,4.141,0.431,-15.01,-0.818,-0.0,-0.718,-0.1,-0.033,5.429,4.28,4.139,3.755
4.0078,0.8,-0.247,10.585,1.2,-5.86,-5.62,-1.452,3.377,-11.977,25.29,165.53,-20.47,-0.385,0.514,-0.152,-21.594,13.924,-0.282,-21.134,13.324,21.594,0.762,-0.0,2.889,-2.126,-0.196,-13.924,-0.772,0.0,-0.441,-0.33,-0.061,5.846,4.156,4.139,3.755
4.0330,0.967,1.068,9.728,-0.05,1.91,-1.08,-3.038,1.726,-5.234,-29.59,252.35,-6.85,-0.71,0.562,-0.139,-17.579,14.06,0.888,-16.8,13.44,17.579,0.622,0.0,4.404,-3.782,-0.362,-14.06,-0.779,-0.0,0.516,-1.295,-0.177,0.092,4.17,4.139,3.755
4.0912,0.266,-0.383,10.173,-0.93,1.82,4.63,-8.657,0.956,-5.097,-50.76,75.4,-7.62,-0.732,0.448,-0.067,-10.43,15.634,2.794,-9.644,15.165,12.435,0.443,0.0,4.404,-3.961,-0.381,-14.737,-0.809,-0.0,0.974,-1.783,-0.236,0.684,4.252,4.139,3.755
4.0912,0.266,-0.383,10.173,-0.93,1.82,4.63,-8.657,0.956,-5.097,-50.76,75.4,-7.62,-0.732,0.448,-0.067,-10.43,15.634,2.794,-9.644,15.165,10.43,0.373,0.0,1.316,-0.943,-0.079,-15.634,-0.849,-0.0,0.886,-1.735,-0.23,0.966,4.381,4.139,3.755
4.1507,0.711,-0.182,10.657,1.16,-6.1,-3.29,-0.399,2.422,-8.417,44.92,-171.56,8.25,-0.433,0.533,-0.13,-15.051,15.563,1.17,-14.556,14.971,15.051,0.534,-0.0,-2.994,3.529,0.369,-15.563,-0.849,0.0,-0.784,-0.065,-0.03,0.366,4.358,4.139,3.755
4.1507,0.711,-0.182,10.657,1.16,-6.1,-3.29,-0.399,2.422,-8.417,44.92,-171.56,8.25,-0.433,0.533,-0.13,-15.051,15.563,1.17,-14.556,14.971,15.051,0.534,-0.0,-2.994,3.529,0.369,-15.563,-0.849,0.0,-0.784,-0.065,-0.03,0.366,4.358,4.139,3.755
4.1825,0.263,0.316,10.408,-0.35,2.29,0.13,-8.517,1.63,-10.181,21.73,-247.92,-2.91,-0.594,0.621,-0.141,-20.136,15.172,0.005,-19.47,14.463,20.136,0.712,0.0,-4.327,5.039,0.521,-15.172,-0.833,-0.0,-0.379,-0.453,-0.077,6.049,4.296,4.139,3.755
4.2100,0.852,0.077,9.969,-0.84,2.54,2.44,0.844,2.351,-7.734,33.89,-247.92,-2.88,-0.649,0.619,-0.099,-24.508,15.142,-1.363,-23.786,14.397,24.508,0.865,0.0,-4.327,5.192,0.537,-15.142,-0.832,-0.0,-0.591,-0.241,-0.052,5.522,4.287,4.139,3.755
4.2658,1.219,0.589,10.025,0.79,-2.83,0.85,-3.802,1.865,-4.3,-14.24,208.01,-8.75,-0.762,0.536,-0.127,-19.261,13.959,0.435,-18.429,13.355,22.479,0.794,-0.0,2.229,-1.435,-0.125,-14.171,-0.791,0.0,-0.585,-0.206,-0.047,5.735,4.188,4.139,3.755
4.2658,1.219,0.589,10.025,0.79,-2.83,0.85,-3.802,1.865,-4.3,-14.24,208.01,-8.75,-0.762,0.536,-0.127,-19.261,13.959,0.435,-18.429,13.355,19.261,0.682,-0.0,3.63,-2.949,-0.277,-13.959,-0.783,0.0,0.249,-1.031,-0.147,6.176,4.16,4.139,3.755
4.2940,-0.644,-0.026,10.585,-1.03,4.99,0.38,-1.161,3.178,-13.185,-49.32,252.35,8.86,-0.597,0.606,-0.133,-14.233,14.494,1.595,-13.57,13.842,14.233,0.506,0.0,4.404,-3.898,-0.373,-14.494,-0.807,-0.0,0.861,-1.668,-0.223,0.486,4.22,4.139,3.755
4.3231,1.52,-0.587,10.317,-0.37,-2.67,1.95,-5.841,1.646,-7.891,-57.19,198.86,1.35,-0.728,0.501,-0.101,-10.188,15.368,2.632,-9.405,14.846,10.188,0.365,-0.0,3.471,-3.106,-0.295,-15.368,-0.846,-0.0,0.998,-1.844,-0.245,0.995,4.342,4.139,3.755
4.3520,-0.51,0.409,8.827,-0.2,2.25,1.81,-8.478,1.836,-8.249,-22.39,-51.76,-5.54,-0.622,0.496,-0.04,-11.724,15.933,2.661,-11.041,15.406,11.724,0.419,0.0,-0.903,1.322,0.148,-15.933,-0.872,-0.0,0.391,-1.263,-0.175,0.795,4.411,4.139,3.755
4.4102,0.912,0.747,10.293,0.1,0.59,-0.78,-5.294,1.48,-8.74,28.92,-220.76,-4.17,-0.699,0.557,-0.139,-17.957,15.205,0.444,-17.192,14.578,17.957,0.636,0.0,-3.853,4.489,0.466,-15.205,-0.842,0.0,-0.505,-0.338,-0.064,0.044,4.309,4.139,3.755
4.4102,0.912,0.747,10.293,0.1,0.59,-0.78,-5.294,1.48,-8.74,28.92,-220.76,-4.17,-0.699,0.557,-0.139,-17.957,15.205,0.444,-17.192,14.578,17.957,0.636,0.0,-3.853,4.489,0.466,-15.205,-0.842,0.0,-0.505,-0.338,-0.064,0.044,4.309,4.139,3.755
4.4712,-3.199,-0.139,10.235,-0.08,3.08,-0.94,3.528,2.573,-9.73,38.13,26.46,-24.13,-0.185,0.517,-0.079,-24.0,14.515,-1.167,-23.739,13.895,24.0,0.847,0.0,0.462,0.385,0.058,-14.515,-0.814,-0.0,-0.665,-0.149,-0.042,5.527,4.226,4.139,3.755
4.4712,-3.199,-0.139,10.235,-0.08,3.08,-0.94,3.528,2.573,-9.73,38.13,26.46,-24.13,-0.185,0.517,-0.079,-24.0,14.515,-1.167,-23.739,13.895,24.0,0.847,0.0,0.462,0.385,0.058,-14.515,-0.814,-0.0,-0.665,-0.149,-0.042,5.527,4.226,4.139,3.755
4.4995,1.889,-0.529,9.835,1.41,-7.91,0.46,-1.984,2.807,-7.633,9.98,156.99,-8.78,-0.571,0.484,-0.132,-20.379,13.85,-0.058,-19.737,13.288,20.379,0.721,-0.0,2.74,-2.019,-0.183,-13.85,-0.786,0.0,-0.174,-0.612,-0.098,6.016,4.152,4.139,3.755
4.5264,0.194,0.318,9.689,-0.84,4.67,-0.98,-3.754,2.149,-8.628,-40.97,252.35,2.6,-0.689,0.559,-0.138,-16.05,14.207,1.147,-15.295,13.597,16.05,0.57,0.0,4.404,-3.834,-0.365,-14.207,-0.803,-0.0,0.715,-1.518,-0.207,0.276,4.19,4.139,3.755
4.5556,0.096,-0.52,10.903,-0.62,0.25,1.6,-2.145,2.622,-12.209,-60.39,252.35,7.44,-0.566,0.546,-0.114,-10.916,15.013,2.244,-10.292,14.434,10.916,0.391,0.0,4.404,-4.014,-0.384,-15.013,-0.839,-0.0,1.054,-1.893,-0.252,0.887,4.292,4.139,3.755
4.6133,-0.836,0.479,9.91,0.95,-3.03,-3.72,-2.559,3.194,-11.699,17.95,-131.54,15.02,-0.651,0.533,-0.074,-12.96,15.863,2.004,-12.248,15.29,12.96,0.462,-0.0,-2.296,2.758,0.293,-15.863,-0.878,0.0,-0.313,-0.565,-0.093,0.648,4.396,4.139,3.755
4.6133,-0.836,0.479,9.91,0.95,-3.03,-3.72,-2.559,3.194,-11.699,17.95,-131.54,15.02,-0.651,0.533,-0.074,-12.96,15.863,2.004,-12.248,15.29,12.96,0.462,-0.0,-2.296,2.758,0.293,-15.863,-0.878,0.0,-0.313,-0.565,-0.093,0.648,4.396,4.139,3.755
4.6723,0.196,-0.17,10.307,-0.47,1.94,1.55,-8.097,2.077,-10.852,12.62,-247.92,-4.2,-0.949,0.565,-0.129,-20.332,15.159,-0.179,-19.315,14.507,15.34,0.545,-0.0,-2.549,3.094,0.327,-15.301,-0.855,0.0,-0.624,-0.23,-0.053,0.388,4.328,4.139,3.755
4.6723,0.196,-0.17,10.307,-0.47,1.94,1.55,-8.097,2.077,-10.852,12.62,-247.92,-4.2,-0.949,0.565,-0.129,-20.332,15.159,-0.179,-19.315,14.507,20.332,0.72,0.0,-4.327,5.047,0.524,-15.159,-0.85,-0.0,-0.22,-0.629,-0.101,6.068,4.301,4.139,3.755
4.7003,-1.106,0.156,9.213,-0.92,5.53,4.16,0.673,2.442,-7.117,41.74,-247.92,-6.48,-0.777,0.589,-0.063,-24.705,15.069,-1.531,-23.857,14.35,24.705,0.872,0.0,-4.327,5.199,0.54,-15.069,-0.847,-0.0,-0.729,-0.118,-0.04,5.513,4.282,4.139,3.755
4.7292,-0.735,-0.541,11.032,1.3,-4.48,-6.1,-0.883,3.529,-13.003,31.93,130.48,-22.17,-0.327,0.527,-0.132,-22.356,14.005,-0.636,-21.954,13.384,22.356,0.791,-0.0,2.277,-1.487,-0.129,-14.005,-0.801,0.0,-0.557,-0.244,-0.055,5.745,4.164,4.139,3.755
4.7878,0.431,-0.024,10.566,-1.21,3.43,-1.79,-0.737,3.184,-13.457,-49.61,252.35,11.64,-0.688,0.566,-0.126,-19.101,13.971,0.37,-18.344,13.334,19.101,0.677,-0.0,3.678,-3.001,-0.281,-13.971,-0.801,0.0,0.334,-1.135,-0.162,6.187,4.157,4.139,3.755
4.7878,0.431,-0.024,10.566,-1.21,3.43,-1.79,-0.737,3.184,-13.457,-49.61,252.35,11.64,-0.603,0.57,-0.154,-13.956,14.515,1.471,-13.29,13.898,13.956,0.497,0.0,4.404,-3.907,-0.372,-14.515,-0.826,-0.0,0.866,-1.691,-0.229,0.521,4.226,4.139,3.755
4.8163,1.022,-0.299,10.386,-0.89,0.8,3.22,-5.965,1.493,-7.746,-56.84,190.71,0.59,-0.788,0.482,-0.096,-10.025,15.359,2.527,-9.185,14.858,10.025,0.36,0.0,3.328,-2.968,-0.279,-15.359,-0.864,-0.0,0.992,-1.856,-0.249,1.022,4.344,4.139,3.755
4.8490,-0.163,0.565,8.456,-0.37,1.91,2.16,-8.34,2.07,-8.458,-18.62,-52.33,-8.61,-0.613,0.427,-0.026,-11.631,15.879,2.603,-10.962,15.421,11.631,0.416,0.0,-0.913,1.33,0.151,-15.879,-0.887,-0.0,0.325,-1.212,-0.172,0.805,4.413,4.139,3.755
4.9033,0.883,0.718,10.147,0.37,-0.03,-0.68,-4.457,1.489,-8.878,22.45,-173.14,-3.46,-0.518,0.47,-0.115,-13.653,15.554,1.505,-13.076,15.034,13.653,0.487,-0.0,-2.288,2.775,0.296,-15.554,-0.874,0.0,-0.694,-0.181,-0.048,0.547,4.365,4.139,3.755
4.9033,0.883,0.718,10.147,0.37,-0.03,-0.68,-4.457,1.489,-8.878,22.45,-173.14,-3.46,-0.789,0.51,-0.145,-16.661,15.052,0.663,-15.81,14.483,16.661,0.592,-0.0,-3.022,3.614,0.381,-15.052,-0.853,0.0,-0.392,-0.462,-0.082,0.213,4.298,4.139,3.755
4.9614,-3.27,0.029,9.668,-0.73,6.1,2.43,2.045,2.289,-8.613,37.67,-106.49,-22.41,-0.336,0.469,-0.055,-24.451,14.672,-1.391,-24.039,14.098,24.451,0.864,0.0,-1.859,2.723,0.293,-14.672,-0.839,-0.0,-0.657,-0.182,-0.049,5.491,4.251,4.139,3.755
4.9614,-3.27,0.029,9.668,-0.73,6.1,2.43,2.045,2.289,-8.613,37.67,-106.49,-22.41,-0.336,0.469,-0.055,-24.451,14.672,-1.391,-24.039,14.098,24.451,0.864,0.0,-1.859,2.723,0.293,-14.672,-0.839,-0.0,-0.657,-0.182,-0.049,5.491,4.251,4.139,3.755
4.9907,0.599,-0.33,11.31,1.47,-7.89,-4.84,-0.906,3.212,-9.981,20.95,139.91,-13.72,-0.434,0.461,-0.149,-21.312,13.781,-0.376,-20.806,13.239,21.312,0.755,-0.0,2.442,-1.687,-0.148,-13.781,-0.801,0.0,-0.366,-0.435,-0.079,5.886,4.146,4.139,3.755
5.0519,0.227,0.484,10.135,-0.97,1.75,1.96,-1.015,3.007,-13.855,-60.32,252.35,4.61,-0.727,0.568,-0.143,-12.137,14.717,1.857,-11.351,14.116,17.374,0.617,0.0,4.404,-3.787,-0.359,-14.0,-0.812,-0.0,0.51,-1.322,-0.186,0.128,4.159,4.139,3.755
5.0519,0.227,0.484,10.135,-0.97,1.75,1.96,-1.015,3.007,-13.855,-60.32,252.35,4.61,-0.727,0.568,-0.143,-12.137,14.717,1.857,-11.351,14.116,12.137,0.434,0.0,4.404,-3.97,-0.378,-14.717,-0.844,-0.0,1.053,-1.897,-0.255,0.758,4.253,4.139,3.755
5.0780,0.026,-0.706,10.587,-1.7,3.51,6.75,-8.754,0.98,-5.827,-52.25,82.02,-12.14,-0.961,0.419,-0.05,-10.071,15.59,2.693,-9.06,15.161,10.071,0.362,0.0,1.432,-1.069,-0.088,-15.59,-0.883,-0.0,0.912,-1.795,-0.243,1.038,4.381,4.139,3.755
5.1075,-2.179,0.625,9.524,0.37,1.23,-1.41,-4.788,3.044,-11.15,3.32,-80.01,3.84,-0.424,0.478,-0.023,-12.042,15.863,2.365,-11.558,15.341,12.042,0.431,0.0,-1.396,1.828,0.202,-15.863,-0.896,0.0,-0.058,-0.838,-0.129,0.732,4.403,4.139,3.755
5.1680,0.292,0.527,10.092,0.1,0.96,-0.22,-6.015,1.709,-9.813,9.56,-202.48,-2.97,-0.598,0.59,-0.15,-17.633,15.003,0.423,-16.969,14.342,13.901,0.496,-0.0,-2.229,2.725,0.292,-15.32,-0.873,0.0,-0.771,-0.102,-0.041,0.512,4.333,4.139,3.755
5.1680,0.292,0.527,10.092,0.1,0.96,-0.22,-6.015,1.709,-9.813,9.56,-202.48,-2.97,-0.598,0.59,-0.15,-17.633,15.003,0.423,-16.969,14.342,17.633,0.627,0.0,-3.534,4.16,0.436,-15.003,-0.861,0.0,-0.167,-0.694,-0.112,0.071,4.281,4.139,3.755
5.2260,-2.325,0.213,8.849,0.14,0.77,-0.75,2.234,2.265,-10.4,36.19,17.97,-20.77,-0.19,0.465,-0.049,-23.835,14.433,-1.237,-23.569,13.871,23.835,0.843,0.0,0.314,0.53,0.075,-14.433,-0.838,0.0,-0.632,-0.206,-0.053,5.548,4.223,4.139,3.755
5.2260,-2.325,0.213,8.849,0.14,0.77,-0.75,2.234,2.265,-10.4,36.19,17.97,-20.77,-0.19,0.465,-0.049,-23.835,14.433,-1.237,-23.569,13.871,23.835,0.843,0.0,0.314,0.53,0.075,-14.433,-0.838,0.0,-0.632,-0.206,-0.053,5.548,4.223,4.139,3.755
5.2848,-0.18,0.297,10.125,-0.6,4.11,-2.04,-2.996,2.158,-9.17,-36.9,252.35,7.02,-0.621,0.545,-0.139,-16.028,14.12,0.979,-15.344,13.52,16.028,0.571,0.0,4.404,-3.834,-0.363,-14.12,-0.826,-0.0,0.644,-1.47,-0.205,5.999,4.162,4.139,3.755
5.2848,-0.18,0.297,10.125,-0.6,4.11,-2.04,-2.996,2.158,-9.17,-36.9,252.35,7.02,-0.621,0.545,-0.139,-16.028,14.12,0.979,-15.344,13.52,16.028,0.571,0.0,4.404,-3.834,-0.363,-14.12,-0.826,-0.0,0.644,-1.47,-0.205,0.27,4.18,4.139,3.755
5.3405,-1.779,-0.438,10.439,-1.6,7.94,5.55,-8.707,0.931,-5.643,-44.77,35.0,-13.85,-0.547,0.382,-0.033,-10.634,15.779,2.645,-10.035,15.365,10.86,0.39,-0.0,4.404,-4.014,-0.381,-14.969,-0.864,-0.0,1.139,-2.004,-0.27,0.925,4.29,4.139,3.755
5.3405,-1.779,-0.438,10.439,-1.6,7.94,5.55,-8.707,0.931,-5.643,-44.77,35.0,-13.85,-0.547,0.382,-0.033,-10.634,15.779,2.645,-10.035,15.365,10.634,0.383,0.0,0.611,-0.228,-0.003,-15.779,-0.901,-0.0,0.781,-1.682,-0.231,0.918,4.406,4.139,3.755
5.3968,1.101,0.005,10.87,1.07,-3.77,-1.6,-2.271,1.967,-8.392,37.42,-139.45,0.28,-0.085,0.425,-0.046,-12.929,15.737,1.906,-12.785,15.252,12.929,0.463,-0.0,-2.109,2.572,0.277,-15.737,-0.9,0.0,-0.478,-0.422,-0.08,0.582,4.392,4.139,3.755
5.3968,1.101,0.005,10.87,1.07,-3.77,-1.6,-2.271,1.967,-8.392,37.42,-139.45,0.28,-0.221,0.394,-0.127,-15.165,15.139,0.946,-14.885,14.685,15.165,0.541,-0.0,-2.434,2.975,0.318,-15.139,-0.875,0.0,-0.653,-0.222,-0.056,0.326,4.323,4.139,3.755
5.4282,0.644,-0.05,10.285,-0.5,0.74,1.55,-7.651,2.006,-10.956,9.55,-247.92,-1.04,-0.364,0.454,-0.123,-20.182,15.042,-0.264,-19.749,14.507,20.182,0.716,0.0,-4.327,5.043,0.526,-15.042,-0.872,-0.0,-0.167,-0.705,-0.115,6.015,4.301,4.139,3.755
5.4565,-1.575,-0.297,10.676,-1.3,8.32,4.22,1.112,2.388,-7.426,39.99,-247.92,-7.33,-0.199,0.416,-0.062,-24.459,14.937,-1.586,-24.183,14.422,24.459,0.865,0.0,-4.327,5.192,0.542,-14.937,-0.868,-0.0,-0.698,-0.17,-0.05,5.473,4.29,4.139,3.755
5.5138,0.855,0.558,10.163,0.71,0.01,0.69,-3.035,1.952,-4.451,-17.23,229.55,-11.08,-0.459,0.407,-0.119,-18.273,13.897,0.456,-17.748,13.427,18.273,0.65,0.0,4.006,-3.357,-0.314,-13.897,-0.825,0.0,0.301,-1.126,-0.165,6.259,4.169,4.139,3.755
5.5138,0.855,0.558,10.163,0.71,0.01,0.69,-3.035,1.952,-4.451,-17.23,229.55,-11.08,-0.459,0.407,-0.119,-18.273,13.897,0.456,-17.748,13.427,18.273,0.65,0.0,4.006,-3.357,-0.314,-13.897,-0.825,0.0,0.301,-1.126,-0.165,6.259,4.169,4.139,3.755
5.5706,1.714,-0.211,9.579,-0.48,-1.17,3.32,-6.644,1.284,-6.742,-58.55,164.05,-2.72,-0.484,0.375,-0.083,-9.774,15.373,2.545,-9.241,14.966,9.774,0.353,-0.0,2.863,-2.51,-0.23,-15.373,-0.891,-0.0,1.022,-1.913,-0.261,1.015,4.357,4.139,3.755
5.5706,1.714,-0.211,9.579,-0.48,-1.17,3.32,-6.644,1.284,-6.742,-58.55,164.05,-2.72,-0.484,0.375,-0.083,-9.774,15.373,2.545,-9.241,14.966,9.774,0.353,-0.0,2.863,-2.51,-0.23,-15.373,-0.891,-0.0,1.022,-1.913,-0.261,1.015,4.357,4.139,3.755
5.6332,-0.484,-0.283,10.664,1.31,-4.22,-5.65,0.909,2.878,-9.632,43.61,-145.28,16.93,0.002,0.415,-0.126,-13.735,15.51,1.306,-13.679,15.031,13.735,0.491,-0.0,-2.536,3.027,0.324,-15.51,-0.899,0.0,-0.761,-0.138,-0.048,0.473,4.365,4.139,3.755
5.6332,-0.484,-0.283,10.664,1.31,-4.22,-5.65,0.909,2.878,-9.632,43.61,-145.28,16.93,0.002,0.415,-0.126,-13.735,15.51,1.306,-13.679,15.031,13.735,0.491,-0.0,-2.536,3.027,0.324,-15.51,-0.899,0.0,-0.761,-0.138,-0.048,0.473,4.365,4.139,3.755
5.6906,0.704,0.352,10.156,-0.79,1.91,2.2,-3.636,1.986,-8.328,23.45,-247.92,0.25,-0.378,0.496,-0.105,-22.867,14.996,-1.006,-22.416,14.4,22.867,0.81,0.0,-4.327,5.137,0.537,-14.996,-0.879,-0.0,-0.409,-0.47,-0.088,0.018,4.293,4.139,3.755
5.6906,0.704,0.352,10.156,-0.79,1.91,2.2,-3.636,1.986,-8.328,23.45,-247.92,0.25,-0.378,0.496,-0.105,-22.867,14.996,-1.006,-22.416,14.4,22.867,0.81,0.0,-4.327,5.137,0.537,-14.996,-0.879,-0.0,-0.409,-0.47,-0.088,5.689,4.288,4.139,3.755
5.7449,1.039,-0.175,10.506,1.68,-7.84,0.29,-2.336,2.678,-6.518,7.56,168.65,-7.68,0.223,0.45,-0.064,-23.533,14.33,-1.194,-23.679,13.792,23.533,0.834,0.0,0.694,0.139,0.038,-14.33,-0.851,0.0,-0.667,-0.184,-0.054,5.535,4.213,4.139,3.755
5.7449,1.039,-0.175,10.506,1.68,-7.84,0.29,-2.336,2.678,-6.518,7.56,168.65,-7.68,0.018,0.425,-0.127,-19.985,13.737,-0.101,-19.932,13.238,19.985,0.71,-0.0,2.944,-2.234,-0.2,-13.737,-0.826,0.0,-0.132,-0.694,-0.115,5.992,4.146,4.139,3.755
5.7743,0.034,0.522,9.752,-0.77,4.41,-1.21,-2.921,2.351,-9.582,-43.13,252.35,5.02,-0.029,0.556,-0.137,-15.4,14.141,1.125,-15.306,13.518,15.4,0.55,0.0,4.404,-3.854,-0.363,-14.141,-0.845,-0.0,0.753,-1.598,-0.224,0.274,4.18,4.139,3.755
5.8028,0.924,-0.584,10.24,-0.64,-2.05,2.3,-2.583,2.437,-11.46,-63.4,252.35,7.11,-0.063,0.509,-0.109,-10.294,15.018,2.215,-10.175,14.455,10.294,0.372,-0.0,4.404,-4.033,-0.382,-15.018,-0.884,-0.0,1.107,-1.991,-0.271,0.901,4.295,4.139,3.755
5.8629,0.081,0.371,9.577,1.17,-4.97,-4.87,-2.203,3.206,-11.325,28.68,-142.95,17.41,0.088,0.447,-0.074,-12.833,15.755,1.837,-12.862,15.242,12.833,0.46,-0.0,-2.495,2.955,0.318,-15.755,-0.918,0.0,-0.501,-0.418,-0.083,0.573,4.391,4.139,3.755
5.8629,0.081,0.371,9.577,1.17,-4.97,-4.87,-2.203,3.206,-11.325,28.68,-142.95,17.41,0.088,0.447,-0.074,-12.833,15.755,1.837,-12.862,15.242,12.833,0.46,-0.0,-2.495,2.955,0.318,-15.755,-0.918,0.0,-0.501,-0.418,-0.083,0.573,4.391,4.139,3.755
5.9224,0.673,0.057,10.135,-0.5,1.22,2.06,-7.313,2.192,-11.45,13.59,-247.92,-1.72,-0.571,0.519,-0.124,-20.905,14.994,-0.469,-20.265,14.386,15.548,0.555,-0.0,-2.79,3.345,0.357,-15.101,-0.891,0.0,-0.663,-0.228,-0.06,0.304,4.311,4.139,3.755
5.9224,0.673,0.057,10.135,-0.5,1.22,2.06,-7.313,2.192,-11.45,13.59,-247.92,-1.72,-0.571,0.519,-0.124,-20.905,14.994,-0.469,-20.265,14.386,20.905,0.742,0.0,-4.327,5.069,0.531,-14.994,-0.887,-0.0,-0.237,-0.65,-0.111,5.952,4.286,4.139,3.755
5.9812,0.165,-0.378,10.575,1.21,-5.61,-6.52,-1.532,3.288,-12.076,25.68,156.72,-19.63,-0.159,0.381,-0.133,-21.276,13.732,-0.424,-21.044,13.275,24.446,0.866,0.0,-3.39,4.256,0.45,-14.811,-0.88,-0.0,-0.679,-0.201,-0.057,5.489,4.272,4.139,3.755
5.9812,0.165,-0.378,10.575,1.21,-5.61,-6.52,-1.532,3.288,-12.076,25.68,156.72,-19.63,-0.159,0.381,-0.133,-21.276,13.732,-0.424,-21.044,13.275,21.276,0.755,-0.0,2.735,-1.98,-0.174,-13.732,-0.834,0.0,-0.448,-0.386,-0.079,5.857,4.15,4.139,3.755
6.0399,-0.646,0.395,10.305,-1.02,2.52,0.92,-1.932,3.399,-14.777,-57.08,252.35,6.55,-0.457,0.465,-0.125,-17.242,13.901,0.723,-16.719,13.376,17.242,0.615,0.0,4.404,-3.79,-0.355,-13.901,-0.843,0.0,0.474,-1.317,-0.191,0.102,4.163,4.139,3.755
6.0399,-0.646,0.395,10.305,-1.02,2.52,0.92,-1.932,3.399,-14.777,-57.08,252.35,6.55,-0.206,0.472,-0.131,-12.145,14.585,1.841,-11.882,14.061,12.145,0.437,0.0,4.404,-3.968,-0.374,-14.585,-0.873,-0.0,0.996,-1.87,-0.258,0.693,4.246,4.139,3.755
6.0948,-2.277,0.558,9.553,0.14,1.94,-0.92,-5.385,2.963,-11.772,-7.9,-77.65,-0.34,-0.273,0.419,-0.034,-11.676,15.887,2.429,-11.346,15.42,11.676,0.42,0.0,-1.355,1.776,0.2,-15.887,-0.932,0.0,0.138,-1.07,-0.163,1.019,4.378,4.139,3.755
6.0948,-2.277,0.558,9.553,0.14,1.94,-0.92,-5.385,2.963,-11.772,-7.9,-77.65,-0.34,-0.273,0.419,-0.034,-11.676,15.887,2.429,-11.346,15.42,11.676,0.42,0.0,-1.355,1.776,0.2,-15.887,-0.932,0.0,0.138,-1.07,-0.163,0.758,4.412,4.139,3.755
6.1562,0.292,0.733,10.393,0.04,1.43,-0.62,-6.065,1.668,-9.932,16.0,-194.42,-2.14,-0.696,0.554,-0.16,-17.396,14.905,0.442,-16.636,14.284,17.396,0.62,0.0,-3.393,4.013,0.425,-14.905,-0.892,0.0,-0.279,-0.612,-0.108,0.112,4.274,4.139,3.755
6.1562,0.292,0.733,10.393,0.04,1.43,-0.62,-6.065,1.668,-9.932,16.0,-194.42,-2.14,-0.696,0.554,-0.16,-17.396,14.905,0.442,-16.636,14.284,17.396,0.62,0.0,-3.393,4.013,0.425,-14.905,-0.892,0.0,-0.279,-0.612,-0.108,0.112,4.274,4.139,3.755
6.2109,-3.342,0.304,9.553,0.08,3.23,-0.61,2.397,2.339,-10.392,35.39,3.5,-21.53,-0.246,0.503,-0.065,-23.758,14.406,-1.252,-23.438,13.801,23.758,0.842,0.0,0.061,0.781,0.104,-14.406,-0.872,0.0,-0.618,-0.254,-0.065,5.564,4.215,4.139,3.755
6.2109,-3.342,0.304,9.553,0.08,3.23,-0.61,2.397,2.339,-10.392,35.39,3.5,-21.53,-0.246,0.503,-0.065,-23.758,14.406,-1.252,-23.438,13.801,23.758,0.842,0.0,0.061,0.781,0.104,-14.406,-0.872,0.0,-0.618,-0.254,-0.065,5.564,4.215,4.139,3.755
6.2384,1.025,0.017,10.202,2.1,-9.19,-0.91,-1.98,2.879,-7.155,11.48,146.56,-8.95,-0.481,0.488,-0.148,-20.61,13.79,-0.284,-20.059,13.222,20.61,0.733,-0.0,2.558,-1.825,-0.157,-13.79,-0.846,0.0,-0.2,-0.646,-0.112,5.977,4.144,4.139,3.755
6.2989,0.898,0.022,10.364,-0.84,-0.08,2.96,-1.438,2.558,-12.479,-63.5,252.35,6.54,-0.478,0.622,-0.15,-16.398,14.087,0.865,-15.853,13.402,16.398,0.586,0.0,4.404,-3.819,-0.357,-14.087,-0.86,-0.0,0.654,-1.514,-0.217,0.208,4.166,4.139,3.755
6.3250,-1.994,-0.687,10.81,-1.66,7.85,5.71,-9.285,0.928,-5.844,-47.19,58.92,-14.97,-0.176,0.555,-0.062,-10.088,15.712,2.68,-9.851,15.107,11.12,0.401,-0.0,4.404,-4.003,-0.377,-14.908,-0.897,-0.0,1.108,-2.005,-0.276,0.847,4.265,4.139,3.755
6.3250,-1.994,-0.687,10.81,-1.66,7.85,5.71,-9.285,0.928,-5.844,-47.19,58.92,-14.97,-0.176,0.555,-0.062,-10.088,15.712,2.68,-9.851,15.107,10.088,0.365,0.0,1.028,-0.663,-0.043,-15.712,-0.933,-0.0,0.824,-1.757,-0.246,0.941,4.374,4.139,3.755
6.3541,-1.355,0.469,9.658,0.75,-2.35,-2.49,-3.798,3.078,-10.685,22.12,-111.05,15.18,0.284,0.593,-0.058,-12.389,15.775,2.063,-12.607,15.105,12.389,0.446,-0.0,-1.938,2.384,0.262,-15.775,-0.937,0.0,-0.386,-0.551,-0.102,0.604,4.374,4.139,3.755
6.3847,1.221,-0.117,10.441,1.21,-5.38,-3.51,-1.585,2.143,-8.672,40.98,-134.43,3.66,-0.055,0.625,-0.162,-14.47,15.143,1.07,-14.351,14.449,14.47,0.519,-0.0,-2.346,2.865,0.311,-15.143,-0.91,0.0,-0.715,-0.195,-0.059,0.391,4.294,4.139,3.755
6.4121,0.608,0.168,10.159,-0.17,0.33,0.66,-7.314,1.931,-10.532,9.45,-247.92,-2.38,-0.253,0.684,-0.161,-19.24,14.98,-0.054,-18.918,14.206,19.24,0.685,0.0,-4.327,5.012,0.526,-14.98,-0.904,-0.0,-0.165,-0.739,-0.125,6.116,4.264,4.139,3.755
6.4429,-0.283,-0.347,10.008,-1.31,6.48,2.48,0.005,2.169,-7.35,38.94,-247.92,-3.05,-0.291,0.642,-0.116,-23.761,14.901,-1.421,-23.4,14.142,23.761,0.843,0.0,-4.327,5.17,0.543,-14.901,-0.902,-0.0,-0.68,-0.222,-0.063,5.569,4.256,4.139,3.755
6.4734,-0.189,-0.115,10.008,0.87,-5.99,-3.5,0.406,3.384,-12.807,32.57,113.94,-19.77,0.114,0.561,-0.123,-22.195,13.968,-0.776,-22.235,13.314,22.195,0.788,-0.0,1.989,-1.2,-0.094,-13.968,-0.862,0.0,-0.568,-0.294,-0.071,5.711,4.155,4.139,3.755
6.5014,2.284,0.373,8.885,1.35,-4.64,1.58,-3.357,2.102,-4.397,-12.16,209.23,-12.65,-0.51,0.557,-0.15,-18.725,13.834,0.284,-18.146,13.205,18.725,0.667,-0.0,3.652,-2.984,-0.273,-13.834,-0.857,0.0,0.212,-1.07,-0.165,6.211,4.142,4.139,3.755
6.5327,-0.359,0.038,9.934,-0.72,3.66,-0.8,-2.095,2.948,-12.949,-47.65,252.35,13.7,-0.422,0.686,-0.175,-13.765,14.323,1.373,-13.278,13.583,13.765,0.494,0.0,4.404,-3.91,-0.366,-14.323,-0.88,-0.0,0.832,-1.711,-0.242,0.522,4.188,4.139,3.755
6.5575,1.47,-0.505,10.163,-0.42,-1.22,2.77,-5.602,1.638,-8.253,-63.19,210.4,3.0,-0.655,0.606,-0.138,-9.543,15.286,2.434,-8.831,14.654,9.543,0.347,-0.0,3.672,-3.325,-0.308,-15.286,-0.923,-0.0,1.103,-2.026,-0.28,1.066,4.319,4.139,3.755
6.5887,-1.41,0.101,9.483,-0.44,3.58,2.22,-9.115,1.668,-8.013,-25.54,-38.21,-6.5,-0.423,0.556,-0.06,-10.913,15.903,2.577,-10.429,15.306,10.913,0.395,0.0,-0.667,1.062,0.13,-15.903,-0.951,-0.0,0.446,-1.396,-0.205,0.87,4.398,4.139,3.755
6.6155,-0.881,-0.534,10.484,1.26,-3.51,-6.23,1.045,3.146,-10.563,41.93,-127.44,18.81,-0.144,0.585,-0.145,-12.858,15.548,1.548,-12.652,14.903,12.858,0.463,-0.0,-2.224,2.687,0.293,-15.548,-0.936,0.0,-0.732,-0.205,-0.062,0.599,4.349,4.139,3.755
6.6772,0.637,0.455,10.455,-0.7,1.66,1.22,-6.74,2.483,-10.631,10.89,-247.92,-1.67,-0.496,0.658,-0.157,-20.567,15.03,-0.422,-20.002,14.276,20.567,0.732,0.0,-4.327,5.059,0.532,-15.03,-0.916,-0.0,-0.19,-0.726,-0.125,5.984,4.273,4.139,3.755
6.6772,0.637,0.455,10.455,-0.7,1.66,1.22,-6.74,2.483,-10.631,10.89,-247.92,-1.67,-0.496,0.658,-0.157,-20.567,15.03,-0.422,-20.002,14.276,20.567,0.732,0.0,-4.327,5.059,0.532,-15.03,-0.916,-0.0,-0.19,-0.726,-0.125,5.984,4.273,4.139,3.755
6.7032,-2.21,-0.309,9.661,-1.18,5.69,4.19,0.582,2.249,-7.605,37.66,-206.66,-16.59,-0.173,0.517,-0.078,-24.436,14.774,-1.542,-24.188,14.149,24.436,0.867,0.0,-3.607,4.474,0.475,-14.774,-0.906,-0.0,-0.657,-0.248,-0.068,5.472,4.257,4.139,3.755
6.7320,0.63,-0.575,10.297,1.65,-7.92,-7.28,-0.424,3.496,-12.093,26.54,140.1,-16.28,-0.119,0.478,-0.177,-21.641,13.788,-0.608,-21.449,13.226,21.641,0.77,-0.0,2.445,-1.676,-0.14,-13.788,-0.864,0.0,-0.463,-0.4,-0.086,5.807,4.144,4.139,3.755
6.7944,-0.081,0.68,10.405,-1.23,3.44,-1.26,-0.881,3.127,-14.052,-57.43,252.35,6.15,-0.336,0.646,-0.199,-12.6,14.568,1.596,-12.2,13.871,12.6,0.454,0.0,4.404,-3.95,-0.369,-14.568,-0.9,-0.0,1.002,-1.902,-0.267,0.654,4.223,4.139,3.755
6.7944,-0.081,0.68,10.405,-1.23,3.44,-1.26,-0.881,3.127,-14.052,-57.43,252.35,6.15,-0.336,0.646,-0.199,-12.6,14.568,1.596,-12.2,13.871,12.6,0.454,0.0,4.404,-3.95,-0.369,-14.568,-0.9,-0.0,1.002,-1.902,-0.267,0.654,4.223,4.139,3.755
6.8494,-1.477,0.893,7.621,0.12,1.54,0.74,-6.397,2.923,-11.032,-3.61,-62.41,-4.56,-0.225,0.546,-0.059,-11.728,15.836,2.409,-11.44,15.236,11.728,0.424,0.0,-1.089,1.513,0.177,-15.836,-0.957,0.0,0.063,-1.02,-0.161,0.747,4.39,4.139,3.755
6.8494,-1.477,0.893,7.621,0.12,1.54,0.74,-6.397,2.923,-11.032,-3.61,-62.41,-4.56,-0.225,0.546,-0.059,-11.728,15.836,2.409,-11.44,15.236,11.728,0.424,0.0,-1.089,1.513,0.177,-15.836,-0.957,0.0,0.063,-1.02,-0.161,0.747,4.39,4.139,3.755
6.8779,0.962,-0.848,10.046,1.5,-7.46,-6.56,0.668,2.757,-8.681,48.74,-116.54,13.3,-0.432,0.485,-0.177,-13.47,15.287,1.328,-12.98,14.751,13.47,0.485,-0.0,-2.034,2.519,0.278,-15.287,-0.934,0.0,-0.851,-0.084,-0.049,0.559,4.331,4.139,3.755
6.9393,1.714,0.429,10.448,-0.95,1.51,1.15,-4.993,2.351,-9.481,15.71,-247.92,2.9,-1.001,0.649,-0.177,-21.527,15.041,-0.75,-20.459,14.287,16.329,0.584,0.0,-2.781,3.366,0.363,-14.837,-0.916,0.0,-0.256,-0.66,-0.118,0.246,4.258,4.139,3.755
6.9640,-3.632,-0.072,9.73,-0.99,7.04,3.33,0.842,1.954,-9.133,32.57,-125.11,-22.52,-0.282,0.565,-0.098,-24.378,14.565,-1.483,-24.023,13.887,24.378,0.866,0.0,-2.184,3.049,0.333,-14.565,-0.906,-0.0,-0.568,-0.337,-0.08,5.493,4.225,4.139,3.755
6.9640,-3.632,-0.072,9.73,-0.99,7.04,3.33,0.842,1.954,-9.133,32.57,-125.11,-22.52,-0.282,0.565,-0.098,-24.378,14.565,-1.483,-24.023,13.887,24.378,0.866,0.0,-2.184,3.049,0.333,-14.565,-0.906,-0.0,-0.568,-0.337,-0.08,5.493,4.225,4.139,3.755
6.9935,-1.355,-0.632,12.768,1.68,-4.52,-6.32,-0.231,3.275,-9.819,21.29,143.43,-13.64,-0.067,0.538,-0.203,-21.298,13.721,-0.536,-21.159,13.096,21.298,0.758,-0.0,2.503,-1.745,-0.147,-13.721,-0.87,0.0,-0.372,-0.498,-0.099,5.843,4.128,4.139,3.755
7.0531,0.443,0.565,10.113,-0.96,1.4,1.91,-0.974,2.804,-13.482,-64.87,252.35,5.15,-0.207,0.697,-0.202,-11.911,14.653,1.704,-11.639,13.902,17.13,0.613,0.0,4.404,-3.792,-0.352,-13.891,-0.878,0.0,0.437,-1.316,-0.198,0.091,4.131,4.139,3.755
7.0531,0.443,0.565,10.113,-0.96,1.4,1.91,-0.974,2.804,-13.482,-64.87,252.35,5.15,-0.207,0.697,-0.202,-11.911,14.653,1.704,-11.639,13.902,11.911,0.431,0.0,4.404,-3.974,-0.371,-14.653,-0.913,-0.0,1.132,-2.045,-0.285,0.722,4.227,4.139,3.755
7.1134,-2.519,0.781,9.562,0.31,1.95,-1.29,-4.64,2.897,-10.919,5.72,-78.42,3.03,-0.07,0.596,-0.082,-11.699,15.839,2.255,-11.565,15.181,11.699,0.423,0.0,-1.369,1.792,0.206,-15.839,-0.967,0.0,-0.1,-0.867,-0.145,0.732,4.383,4.139,3.755
7.1407,0.725,-0.666,11.143,1.36,-6.61,-5.27,0.178,2.502,-8.703,47.48,-112.7,10.06,-0.098,0.569,-0.204,-13.309,15.196,1.249,-13.151,14.564,13.309,0.479,-0.0,-1.967,2.447,0.271,-15.196,-0.94,0.0,-0.829,-0.111,-0.054,0.538,4.308,4.139,3.755
7.1407,0.725,-0.666,11.143,1.36,-6.61,-5.27,0.178,2.502,-8.703,47.48,-112.7,10.06,-0.098,0.569,-0.204,-13.309,15.196,1.249,-13.151,14.564,13.309,0.479,-0.0,-1.967,2.447,0.271,-15.196,-0.94,0.0,-0.829,-0.111,-0.054,0.538,4.308,4.139,3.755
7.1958,1.228,0.271,10.051,-1.21,3.01,1.54,-4.775,2.241,-8.904,21.81,-247.92,3.51,-0.479,0.693,-0.185,-21.646,14.983,-0.851,-21.099,14.183,16.431,0.589,0.0,-2.969,3.557,0.383,-14.835,-0.925,0.0,-0.176,-0.749,-0.131,0.179,4.25,4.139,3.755
7.2252,-3.862,-0.213,10.685,-0.73,4.63,1.19,1.682,1.858,-9.688,31.79,-86.28,-18.69,0.289,0.55,-0.11,-24.031,14.461,-1.47,-24.245,13.814,21.646,0.771,0.0,-4.327,5.098,0.538,-14.983,-0.932,-0.0,-0.381,-0.552,-0.107,5.85,4.261,4.139,3.755
7.2252,-3.862,-0.213,10.685,-0.73,4.63,1.19,1.682,1.858,-9.688,31.79,-86.28,-18.69,0.289,0.55,-0.11,-24.031,14.461,-1.47,-24.245,13.814,24.031,0.854,0.0,-1.506,2.36,0.265,-14.461,-0.911,-0.0,-0.555,-0.356,-0.084,5.466,4.216,4.139,3.755
7.2873,0.285,0.694,9.728,-0.1,2.2,-2.1,-3.423,2.054,-7.679,-28.9,252.35,2.51,-0.487,0.628,-0.215,-16.484,13.92,0.698,-15.931,13.229,20.818,0.742,-0.0,2.7,-1.959,-0.167,-13.748,-0.881,0.0,-0.298,-0.583,-0.111,5.921,4.136,4.139,3.755
7.2873,0.285,0.694,9.728,-0.1,2.2,-2.1,-3.423,2.054,-7.679,-28.9,252.35,2.51,-0.487,0.628,-0.215,-16.484,13.92,0.698,-15.931,13.229,16.484,0.591,0.0,4.404,-3.814,-0.353,-13.92,-0.889,-0.0,0.504,-1.393,-0.209,0.198,4.145,4.139,3.755
7.3131,1.039,-0.029,10.053,-0.83,0.23,2.44,-2.318,2.473,-12.506,-68.94,252.35,6.18,-0.484,0.671,-0.214,-11.341,14.762,1.764,-10.796,14.048,11.341,0.411,0.0,4.404,-3.993,-0.372,-14.762,-0.927,-0.0,1.203,-2.13,-0.297,0.825,4.245,4.139,3.755
7.3409,0.69,0.093,8.916,-1.31,4.59,7.45,-7.839,1.135,-6.025,-49.15,42.53,-13.88,-0.76,0.601,-0.117,-10.308,15.701,2.408,-9.49,15.076,10.308,0.375,0.0,0.742,-0.367,-0.01,-15.701,-0.969,-0.0,0.858,-1.827,-0.261,0.985,4.37,4.139,3.755
7.3989,1.65,-0.01,9.881,1.18,-8.61,-4.15,-0.395,2.349,-8.118,42.35,-103.26,6.87,-0.464,0.664,-0.213,-13.893,15.11,1.053,-13.368,14.388,12.367,0.447,-0.0,-1.476,1.923,0.22,-15.695,-0.97,0.0,-0.298,-0.671,-0.123,0.659,4.367,4.139,3.755
7.3989,1.65,-0.01,9.881,1.18,-8.61,-4.15,-0.395,2.349,-8.118,42.35,-103.26,6.87,-0.464,0.664,-0.213,-13.893,15.11,1.053,-13.368,14.388,13.893,0.5,-0.0,-1.802,2.303,0.258,-15.11,-0.945,0.0,-0.739,-0.206,-0.067,0.511,4.286,4.139,3.755
7.4593,1.566,-0.182,10.391,-1.57,2.64,0.3,-3.648,1.755,-7.647,28.19,-247.92,9.76,-0.565,0.701,-0.22,-17.112,14.844,0.336,-16.482,14.069,17.112,0.613,0.0,-3.143,3.756,0.404,-14.844,-0.935,0.0,-0.144,-0.791,-0.137,0.131,4.247,4.139,3.755
7.4593,1.566,-0.182,10.391,-1.57,2.64,0.3,-3.648,1.755,-7.647,28.19,-247.92,9.76,-0.83,0.744,-0.202,-22.185,14.907,-1.139,-21.291,14.043,22.185,0.79,0.0,-4.327,5.117,0.541,-14.907,-0.938,-0.0,-0.492,-0.446,-0.096,5.826,4.244,4.139,3.755
7.4903,-2.267,0.979,7.877,0.14,1.82,0.89,1.33,2.146,-10.945,29.06,-52.76,-16.16,-0.388,0.659,-0.112,-24.381,14.447,-1.59,-23.923,13.665,24.381,0.867,0.0,-0.921,1.787,0.209,-14.447,-0.919,0.0,-0.507,-0.412,-0.092,5.505,4.198,4.139,3.755
7.5155,1.599,-0.302,10.506,2.14,-9.96,-3.83,-1.609,3.255,-7.271,15.08,160.18,-13.59,-0.686,0.632,-0.222,-21.109,13.816,-0.631,-20.354,13.089,21.109,0.753,-0.0,2.796,-2.043,-0.174,-13.816,-0.893,0.0,-0.263,-0.63,-0.118,5.941,4.128,4.139,3.755
7.5733,0.129,-0.007,10.652,-0.52,0.72,2.8,-1.943,2.374,-11.918,-70.91,252.35,4.05,-0.594,0.823,-0.21,-11.388,14.824,1.69,-10.729,13.959,16.538,0.593,0.0,4.404,-3.811,-0.352,-13.918,-0.898,-0.0,0.531,-1.429,-0.215,0.218,4.125,4.139,3.755
7.6045,0.208,-0.541,9.644,-1.74,4.81,6.45,-9.189,1.162,-6.23,-47.56,48.03,-12.88,-0.794,0.676,-0.122,-10.385,15.735,2.372,-9.528,15.034,11.388,0.413,0.0,4.404,-3.991,-0.371,-14.824,-0.939,-0.0,1.238,-2.176,-0.305,0.834,4.234,4.139,3.755
7.6045,0.208,-0.541,9.644,-1.74,4.81,6.45,-9.189,1.162,-6.23,-47.56,48.03,-12.88,-0.794,0.676,-0.122,-10.385,15.735,2.372,-9.528,15.034,10.385,0.378,0.0,0.838,-0.46,-0.018,-15.735,-0.98,-0.0,0.83,-1.81,-0.261,0.98,4.365,4.139,3.755
7.6637,1.484,0.014,9.96,1.52,-7.28,-3.59,-0.887,2.083,-8.564,40.54,-107.38,0.47,-0.911,0.736,-0.224,-14.143,15.043,0.918,-13.171,14.258,12.564,0.454,-0.0,-1.802,2.257,0.254,-15.731,-0.981,0.0,-0.393,-0.587,-0.115,0.674,4.354,4.139,3.755
7.6637,1.484,0.014,9.96,1.52,-7.28,-3.59,-0.887,2.083,-8.564,40.54,-107.38,0.47,-0.911,0.736,-0.224,-14.143,15.043,0.918,-13.171,14.258,14.143,0.51,-0.0,-1.874,2.384,0.267,-15.043,-0.952,0.0,-0.708,-0.244,-0.073,0.535,4.27,4.139,3.755
7.7193,0.733,-0.158,10.171,-1.63,5.27,2.91,-3.893,2.243,-8.351,31.82,-247.92,3.39,-1.226,0.806,-0.188,-22.698,14.921,-1.276,-21.41,13.98,17.588,0.63,-0.0,-3.321,3.951,0.425,-14.867,-0.945,0.0,-0.096,-0.849,-0.146,0.127,4.236,4.139,3.755
7.7193,0.733,-0.158,10.171,-1.63,5.27,2.91,-3.893,2.243,-8.351,31.82,-247.92,3.39,-1.226,0.806,-0.188,-22.698,14.921,-1.276,-21.41,13.98,22.698,0.808,0.0,-4.327,5.135,0.544,-14.921,-0.948,-0.0,-0.555,-0.393,-0.092,5.812,4.236,4.139,3.755
7.7471,-3.017,0.306,10.238,0.05,-0.15,0.22,1.809,2.146,-10.074,32.07,-26.64,-16.23,-0.624,0.696,-0.114,-24.497,14.343,-1.683,-23.805,13.514,24.497,0.871,-0.0,-0.465,1.336,0.165,-14.343,-0.924,0.0,-0.56,-0.364,-0.088,5.519,4.18,4.139,3.755
7.7761,2.528,-0.534,10.223,1.82,-9.15,-1.73,-2.179,3.215,-7.513,9.78,170.94,-13.36,-0.963,0.641,-0.208,-20.937,13.752,-0.61,-19.907,13.017,20.937,0.747,-0.0,2.984,-2.236,-0.193,-13.752,-0.899,0.0,-0.171,-0.729,-0.132,5.995,4.119,4.139,3.755
7.8352,1.288,-0.053,10.099,-1.01,0.14,2.64,-2.745,2.315,-11.734,-71.56,252.35,9.02,-1.129,0.799,-0.208,-11.34,14.919,1.641,-10.15,14.097,11.34,0.412,0.0,4.404,-3.992,-0.37,-14.919,-0.952,-0.0,1.249,-2.201,-0.309,0.904,4.251,4.139,3.755
7.8352,1.288,-0.053,10.099,-1.01,0.14,2.64,-2.745,2.315,-11.734,-71.56,252.35,9.02,-1.129,0.799,-0.208,-11.34,14.919,1.641,-10.15,14.097,11.34,0.412,0.0,4.404,-3.992,-0.37,-14.919,-0.952,-0.0,1.249,-2.201,-0.309,0.904,4.251,4.139,3.755
7.8948,-1.446,0.026,9.917,0.85,-2.83,-3.27,-2.237,3.257,-11.035,30.53,-101.47,15.38,-0.483,0.667,-0.1,-13.118,15.617,1.578,-12.572,14.897,13.118,0.474,-0.0,-1.771,2.245,0.254,-15.617,-0.985,0.0,-0.533,-0.452,-0.1,0.608,4.348,4.139,3.755
7.8948,-1.446,0.026,9.917,0.85,-2.83,-3.27,-2.237,3.257,-11.035,30.53,-101.47,15.38,-0.483,0.667,-0.1,-13.118,15.617,1.578,-12.572,14.897,13.118,0.474,-0.0,-1.771,2.245,0.254,-15.617,-0.985,0.0,-0.533,-0.452,-0.1,0.608,4.348,4.139,3.755
7.9522,0.323,0.218,10.235,0.19,-0.38,0.43,-5.701,2.174,-10.452,4.4,-230.58,-0.36,-0.85,0.744,-0.221,-18.758,14.854,-0.176,-17.844,14.024,18.758,0.671,-0.0,-4.024,4.696,0.5,-14.854,-0.954,0.0,-0.077,-0.877,-0.151,6.248,4.242,4.139,3.755
7.9522,0.323,0.218,10.235,0.19,-0.38,0.43,-5.701,2.174,-10.452,4.4,-230.58,-0.36,-0.85,0.744,-0.221,-18.758,14.854,-0.176,-17.844,14.024,18.758,0.671,-0.0,-4.024,4.696,0.5,-14.854,-0.954,0.0,-0.077,-0.877,-0.151,6.248,4.242,4.139,3.755
7.9813,1.35,-0.326,10.278,-1.53,4.68,1.35,-1.759,1.732,-7.324,34.95,-247.92,3.87,-1.144,0.727,-0.193,-23.53,14.84,-1.602,-22.324,13.973,23.53,0.838,0.0,-4.327,5.165,0.548,-14.84,-0.954,-0.0,-0.61,-0.344,-0.087,5.7,4.236,4.139,3.755
8.0086,-1.398,0.663,8.373,0.52,-1.5,-1.52,1.28,2.442,-11.775,33.32,28.08,-18.57,-0.719,0.61,-0.131,-24.254,14.14,-1.62,-23.466,13.405,24.254,0.863,-0.0,0.49,0.373,0.07,-14.14,-0.925,0.0,-0.582,-0.343,-0.087,5.561,4.166,4.139,3.755
8.0704,-0.292,-0.089,10.195,-0.59,4.28,-2.16,-2.684,2.467,-11.304,-39.06,252.35,9.72,-1.051,0.66,-0.221,-15.396,13.993,0.708,-14.285,13.283,15.396,0.554,0.0,4.404,-3.85,-0.354,-13.993,-0.92,-0.0,0.682,-1.602,-0.239,0.399,4.151,4.139,3.755
8.0704,-0.292,-0.089,10.195,-0.59,4.28,-2.16,-2.684,2.467,-11.304,-39.06,252.35,9.72,-1.051,0.66,-0.221,-15.396,13.993,0.708,-14.285,13.283,15.396,0.554,0.0,4.404,-3.85,-0.354,-13.993,-0.92,-0.0,0.682,-1.602,-0.239,0.399,4.151,4.139,3.755
8.0952,1.444,-0.326,10.101,-0.37,-2.29,2.32,-4.144,1.902,-9.519,-73.18,249.69,11.21,-1.238,0.665,-0.191,-10.582,15.03,1.808,-9.29,14.352,10.582,0.386,-0.0,4.358,-3.972,-0.367,-15.03,-0.966,-0.0,1.277,-2.244,-0.316,1.009,4.282,4.139,3.755
8.1283,-1.396,-0.283,9.864,-1.16,5.8,3.96,-8.702,1.233,-6.993,-37.06,-0.62,-9.64,-0.991,0.545,-0.101,-11.295,15.798,2.176,-10.248,15.233,11.295,0.411,0.0,-0.011,0.422,0.072,-15.798,-1.001,-0.0,0.647,-1.648,-0.245,0.892,4.39,4.139,3.755
8.1532,0.433,-0.426,9.713,1.47,-6.03,-4.99,-0.308,3.087,-10.851,40.46,-130.57,19.16,-0.834,0.552,-0.159,-13.341,15.525,1.283,-12.451,14.93,13.341,0.483,-0.0,-2.279,2.762,0.307,-15.525,-0.99,0.0,-0.706,-0.284,-0.082,0.623,4.353,4.139,3.755
8.2175,1.188,0.148,9.914,-0.54,-0.22,1.89,-6.627,2.34,-10.451,6.25,-247.92,-2.4,-1.325,0.659,-0.212,-19.873,14.8,-0.45,-18.485,14.05,19.873,0.711,-0.0,-4.327,5.038,0.536,-14.8,-0.961,-0.0,-0.109,-0.851,-0.15,0.428,4.257,4.139,3.755
8.2426,-0.362,-0.532,8.95,-1.41,5.85,6.53,-1.306,2.04,-7.155,35.85,-247.92,-4.02,-1.356,0.587,-0.129,-24.556,14.762,-1.82,-23.135,14.029,19.873,0.711,-0.0,-4.327,5.038,0.536,-14.8,-0.961,-0.0,-0.109,-0.851,-0.15,6.169,4.245,4.139,3.755
8.2735,-0.69,0.187,9.419,1.57,-5.22,-6.86,0.251,3.223,-12.5,31.5,87.43,-19.72,-0.98,0.627,-0.189,-23.401,13.889,-1.322,-22.353,13.142,24.556,0.874,0.0,-4.327,5.201,0.553,-14.762,-0.96,-0.0,-0.626,-0.334,-0.088,5.601,4.242,4.139,3.755
8.2989,1.635,0.792,9.565,1.43,-3.95,1.91,-2.828,2.118,-4.768,-10.13,212.39,-9.87,-1.458,0.712,-0.211,-19.789,13.744,-0.283,-18.266,12.946,23.401,0.834,-0.0,1.526,-0.692,-0.036,-13.889,-0.923,0.0,-0.55,-0.373,-0.093,5.697,4.134,4.139,3.755
8.3303,0.0,0.438,10.645,-0.93,3.34,-2.68,-1.403,2.944,-12.746,-49.76,252.35,11.96,-1.314,0.784,-0.26,-14.706,14.218,0.829,-13.33,13.392,19.789,0.708,-0.0,3.707,-2.999,-0.267,-13.744,-0.917,0.0,0.177,-1.094,-0.179,6.196,4.11,4.139,3.755
8.3566,1.844,0.098,9.96,-1.11,0.1,1.87,-4.867,1.569,-8.363,-65.06,202.55,2.83,-1.618,0.752,-0.215,-10.53,15.199,1.867,-8.856,14.449,14.706,0.531,0.0,4.404,-3.874,-0.355,-14.218,-0.939,-0.0,0.868,-1.808,-0.265,0.516,4.165,4.139,3.755
8.3893,-2.248,0.218,10.032,-1.05,5.43,4.36,-8.511,1.787,-8.323,-21.25,-38.57,-11.4,-1.266,0.664,-0.093,-11.822,15.73,2.092,-10.496,15.053,10.53,0.385,0.0,3.535,-3.15,-0.284,-15.199,-0.983,-0.0,1.135,-2.118,-0.303,1.062,4.294,4.139,3.755
8.4170,-1.458,-0.28,11.078,1.38,-3.44,-7.42,0.356,3.226,-10.082,45.18,-104.76,15.72,-0.836,0.688,-0.188,-13.464,15.31,1.219,-12.567,14.576,11.822,0.43,0.0,-0.673,1.103,0.142,-15.73,-1.007,-0.0,0.371,-1.378,-0.214,0.862,4.368,4.139,3.755
8.4476,0.907,0.591,10.513,1.0,-2.07,-0.3,-2.921,1.759,-8.776,25.52,-101.54,-4.59,-1.164,0.728,-0.245,-15.174,14.702,0.66,-13.949,13.923,13.464,0.487,-0.0,-1.828,2.316,0.263,-15.31,-0.99,0.0,-0.789,-0.201,-0.073,0.609,4.309,4.139,3.755
8.4476,0.907,0.591,10.513,1.0,-2.07,-0.3,-2.921,1.759,-8.776,25.52,-101.54,-4.59,-1.164,0.728,-0.245,-15.174,14.702,0.66,-13.949,13.923,15.174,0.547,-0.0,-1.772,2.319,0.264,-14.702,-0.964,0.0,-0.445,-0.519,-0.112,0.44,4.23,4.139,3.755
8.5024,-2.162,-0.685,10.005,-1.7,7.86,6.54,-2.34,1.973,-7.715,37.01,-247.92,-3.67,-1.115,0.684,-0.155,-24.277,14.761,-1.775,-23.098,13.932,19.466,0.697,0.0,-4.327,5.024,0.535,-14.877,-0.973,-0.0,-0.019,-0.954,-0.164,6.219,4.24,4.139,3.755
8.5024,-2.162,-0.685,10.005,-1.7,7.86,6.54,-2.34,1.973,-7.715,37.01,-247.92,-3.67,-1.115,0.684,-0.155,-24.277,14.761,-1.775,-23.098,13.932,24.277,0.865,0.0,-4.327,5.192,0.553,-14.761,-0.969,-0.0,-0.646,-0.323,-0.088,5.606,4.231,4.139,3.755
8.5595,1.614,0.402,9.689,1.9,-5.22,2.53,-1.806,2.516,-5.77,-1.22,205.62,-10.95,-1.131,0.685,-0.235,-19.768,13.639,-0.366,-18.572,12.868,19.768,0.708,-0.0,3.589,-2.881,-0.254,-13.639,-0.922,0.0,0.021,-0.943,-0.163,6.159,4.101,4.139,3.755
8.5595,1.614,0.402,9.689,1.9,-5.22,2.53,-1.806,2.516,-5.77,-1.22,205.62,-10.95,-1.131,0.685,-0.235,-19.768,13.639,-0.366,-18.572,12.868,19.768,0.708,-0.0,3.589,-2.881,-0.254,-13.639,-0.922,0.0,0.021,-0.943,-0.163,6.159,4.101,4.139,3.755
8.6175,1.551,-0.11,10.166,-1.05,0.07,2.44,-4.237,1.878,-9.056,-71.69,212.03,4.12,-1.18,0.804,-0.284,-14.823,14.041,0.772,-13.581,13.191,14.823,0.535,0.0,4.404,-3.869,-0.354,-14.041,-0.941,-0.0,0.865,-1.806,-0.267,0.485,4.14,4.139,3.755
8.6175,1.551,-0.11,10.166,-1.05,0.07,2.44,-4.237,1.878,-9.056,-71.69,212.03,4.12,-1.362,0.784,-0.246,-10.439,15.136,1.794,-9.019,14.344,10.439,0.382,0.0,3.701,-3.318,-0.299,-15.136,-0.989,-0.0,1.251,-2.241,-0.319,1.043,4.281,4.139,3.755
8.6768,-1.468,-0.081,10.805,1.45,-3.83,-6.87,-0.178,3.259,-10.561,45.32,-109.16,16.83,-0.418,0.756,-0.206,-13.261,15.327,1.232,-12.779,14.512,13.261,0.481,-0.0,-1.905,2.386,0.271,-15.327,-1.0,0.0,-0.791,-0.209,-0.076,0.583,4.302,4.139,3.755
8.6768,-1.468,-0.081,10.805,1.45,-3.83,-6.87,-0.178,3.259,-10.561,45.32,-109.16,16.83,-0.418,0.756,-0.206,-13.261,15.327,1.232,-12.779,14.512,13.261,0.481,-0.0,-1.905,2.386,0.271,-15.327,-1.0,0.0,-0.791,-0.209,-0.076,0.583,4.302,4.139,3.755
8.7342,1.008,0.323,10.343,-0.42,-0.2,1.11,-6.478,2.288,-10.053,3.74,-247.92,0.69,-0.775,0.805,-0.261,-19.557,14.776,-0.476,-18.718,13.873,19.557,0.701,-0.0,-4.327,5.028,0.537,-14.776,-0.978,-0.0,-0.065,-0.913,-0.161,6.141,4.223,4.139,3.755
8.7342,1.008,0.323,10.343,-0.42,-0.2,1.11,-6.478,2.288,-10.053,3.74,-247.92,0.69,-0.775,0.805,-0.261,-19.557,14.776,-0.476,-18.718,13.873,19.557,0.701,-0.0,-4.327,5.028,0.537,-14.776,-0.978,-0.0,-0.065,-0.913,-0.161,6.141,4.223,4.139,3.755
8.7936,-0.848,-0.249,10.127,1.04,-4.17,-4.79,0.627,3.196,-12.283,28.06,91.69,-19.27,-0.306,0.635,-0.234,-23.331,13.868,-1.388,-22.954,13.124,23.331,0.833,-0.0,1.6,-0.768,-0.041,-13.868,-0.94,0.0,-0.49,-0.451,-0.105,5.623,4.132,4.139,3.755
8.7936,-0.848,-0.249,10.127,1.04,-4.17,-4.79,0.627,3.196,-12.283,28.06,91.69,-19.27,-0.306,0.635,-0.234,-23.331,13.868,-1.388,-22.954,13.124,23.331,0.833,-0.0,1.6,-0.768,-0.041,-13.868,-0.94,0.0,-0.49,-0.451,-0.105,5.623,4.132,4.139,3.755
8.8524,-0.52,0.462,10.285,-0.64,3.62,-0.75,-3.214,2.722,-12.663,-50.58,252.35,11.49,-0.711,0.75,-0.297,-14.373,14.107,0.86,-13.599,13.304,14.373,0.52,0.0,4.404,-3.884,-0.354,-14.107,-0.953,-0.0,0.883,-1.835,-0.272,0.483,4.154,4.139,3.755
8.8524,-0.52,0.462,10.285,-0.64,3.62,-0.75,-3.214,2.722,-12.663,-50.58,252.35,11.49,-0.711,0.75,-0.297,-14.373,14.107,0.86,-13.599,13.304,14.373,0.52,0.0,4.404,-3.884,-0.354,-14.107,-0.953,-0.0,0.883,-1.835,-0.272,0.483,4.154,4.139,3.755
8.9106,-1.674,-0.098,9.565,-0.64,4.43,3.19,-8.592,1.845,-8.839,-18.54,-49.95,-7.53,-0.733,0.631,-0.161,-11.801,15.732,1.996,-11.006,15.066,11.801,0.43,0.0,-0.872,1.302,0.164,-15.732,-1.026,-0.0,0.324,-1.349,-0.215,0.8,4.369,4.139,3.755
8.9106,-1.674,-0.098,9.565,-0.64,4.43,3.19,-8.592,1.845,-8.839,-18.54,-49.95,-7.53,-0.733,0.631,-0.161,-11.801,15.732,1.996,-11.006,15.066,11.801,0.43,0.0,-0.872,1.302,0.164,-15.732,-1.026,-0.0,0.324,-1.349,-0.215,0.8,4.369,4.139,3.755
8.9704,0.979,0.591,10.099,0.82,-1.13,-0.79,-3.762,1.744,-9.033,27.49,-139.57,-5.37,-0.8,0.724,-0.298,-16.041,14.658,0.38,-15.179,13.869,16.041,0.579,-0.0,-2.436,3.015,0.336,-14.658,-0.981,0.0,-0.48,-0.501,-0.113,0.29,4.223,4.139,3.755
8.9704,0.979,0.591,10.099,0.82,-1.13,-0.79,-3.762,1.744,-9.033,27.49,-139.57,-5.37,-0.8,0.724,-0.298,-16.041,14.658,0.38,-15.179,13.869,16.041,0.579,-0.0,-2.436,3.015,0.336,-14.658,-0.981,0.0,-0.48,-0.501,-0.113,0.29,4.223,4.139,3.755
9.0278,-1.393,-0.187,9.335,-1.39,5.85,6.04,0.14,2.224,-7.967,32.64,-219.15,-14.77,-0.712,0.622,-0.187,-25.155,14.566,-2.026,-24.374,13.807,25.155,0.897,0.0,-3.825,4.722,0.509,-14.566,-0.979,-0.0,-0.57,-0.409,-0.102,5.45,4.215,4.139,3.755
9.0278,-1.393,-0.187,9.335,-1.39,5.85,6.04,0.14,2.224,-7.967,32.64,-219.15,-14.77,-0.712,0.622,-0.187,-25.155,14.566,-2.026,-24.374,13.807,25.155,0.897,0.0,-3.825,4.722,0.509,-14.566,-0.979,-0.0,-0.57,-0.409,-0.102,5.45,4.215,4.139,3.755
9.0859,1.216,1.472,9.208,0.55,0.14,-0.14,-3.454,1.838,-5.124,-19.99,252.35,-6.56,-0.921,0.684,-0.268,-18.195,13.706,0.074,-17.209,12.95,22.276,0.796,-0.0,2.51,-1.714,-0.135,-13.613,-0.938,0.0,-0.444,-0.495,-0.112,5.777,4.111,4.139,3.755
9.0859,1.216,1.472,9.208,0.55,0.14,-0.14,-3.454,1.838,-5.124,-19.99,252.35,-6.56,-0.921,0.684,-0.268,-18.195,13.706,0.074,-17.209,12.95,18.195,0.654,0.0,4.404,-3.75,-0.339,-13.706,-0.943,0.0,0.349,-1.292,-0.208,0.042,4.111,4.139,3.755
9.1442,-0.393,-0.524,10.491,-1.5,5.18,4.14,-7.805,0.784,-5.595,-57.71,95.85,-7.07,-0.947,0.56,-0.228,-10.588,15.362,1.979,-9.586,14.781,10.588,0.389,0.0,1.673,-1.284,-0.094,-15.362,-1.018,-0.0,1.007,-2.025,-0.297,0.973,4.334,4.139,3.755
9.1442,-0.393,-0.524,10.491,-1.5,5.18,4.14,-7.805,0.784,-5.595,-57.71,95.85,-7.07,-0.947,0.56,-0.228,-10.588,15.362,1.979,-9.586,14.781,10.588,0.389,0.0,1.673,-1.284,-0.094,-15.362,-1.018,-0.0,1.007,-2.025,-0.297,0.973,4.334,4.139,3.755
9.2015,1.36,-1.03,9.955,1.66,-7.8,-6.56,0.528,2.617,-8.353,52.56,-115.73,11.17,-0.726,0.484,-0.293,-13.902,15.018,0.899,-13.12,14.487,12.194,0.445,0.0,-1.06,1.505,0.185,-15.635,-1.031,-0.0,0.042,-1.073,-0.183,0.722,4.367,4.139,3.755
9.2015,1.36,-1.03,9.955,1.66,-7.8,-6.56,0.528,2.617,-8.353,52.56,-115.73,11.17,-0.726,0.484,-0.293,-13.902,15.018,0.899,-13.12,14.487,13.902,0.504,-0.0,-2.02,2.524,0.287,-15.018,-1.005,0.0,-0.917,-0.087,-0.065,0.541,4.298,4.139,3.755
9.2590,1.769,0.536,10.07,-0.98,1.49,1.46,-5.106,2.271,-9.193,15.02,-247.92,3.22,-1.237,0.667,-0.291,-22.002,14.746,-1.111,-20.701,13.964,16.79,0.605,-0.0,-2.752,3.358,0.371,-14.523,-0.984,0.0,-0.301,-0.684,-0.137,0.216,4.219,4.139,3.755
9.2590,1.769,0.536,10.07,-0.98,1.49,1.46,-5.106,2.271,-9.193,15.02,-247.92,3.22,-1.237,0.667,-0.291,-22.002,14.746,-1.111,-20.701,13.964,22.002,0.787,0.0,-4.327,5.114,0.548,-14.746,-0.995,-0.0,-0.262,-0.733,-0.143,5.899,4.234,4.139,3.755
9.3163,-0.622,-0.761,12.282,1.55,-5.35,-5.84,-0.509,3.237,-9.641,20.49,148.45,-14.38,-0.284,0.547,-0.318,-21.652,13.524,-0.9,-21.298,12.887,21.652,0.775,-0.0,2.591,-1.816,-0.144,-13.524,-0.944,0.0,-0.358,-0.586,-0.125,5.826,4.103,4.139,3.755
9.3163,-0.622,-0.761,12.282,1.55,-5.35,-5.84,-0.509,3.237,-9.641,20.49,148.45,-14.38,-0.284,0.547,-0.318,-21.652,13.524,-0.9,-21.298,12.887,21.652,0.775,-0.0,2.591,-1.816,-0.144,-13.524,-0.944,0.0,-0.358,-0.586,-0.125,5.826,4.103,4.139,3.755
9.3721,1.295,0.527,9.538,-0.87,-0.67,1.61,-1.514,2.705,-13.103,-68.3,252.35,5.41,-0.463,0.697,-0.316,-12.022,14.563,1.375,-11.499,13.818,12.022,0.439,-0.0,4.404,-3.965,-0.361,-14.563,-0.991,-0.0,1.192,-2.183,-0.318,0.74,4.217,4.139,3.755
9.3721,1.295,0.527,9.538,-0.87,-0.67,1.61,-1.514,2.705,-13.103,-68.3,252.35,5.41,-0.463,0.697,-0.316,-12.022,14.563,1.375,-11.499,13.818,12.022,0.439,-0.0,4.404,-3.965,-0.361,-14.563,-0.991,-0.0,1.192,-2.183,-0.318,0.74,4.217,4.139,3.755
9.4010,0.235,-0.421,10.36,-1.82,4.72,7.07,-7.968,0.961,-5.906,-52.17,69.27,-14.53,-0.703,0.566,-0.222,-10.398,15.492,2.141,-9.639,14.898,10.398,0.382,0.0,1.209,-0.827,-0.047,-15.492,-1.033,-0.0,0.911,-1.943,-0.289,0.967,4.349,4.139,3.755
9.4306,-2.088,0.785,9.591,0.5,0.14,-1.78,-4.585,2.89,-11.116,14.51,-95.15,7.38,-0.087,0.6,-0.202,-12.568,15.573,1.726,-12.417,14.91,12.568,0.458,0.0,-1.661,2.119,0.248,-15.573,-1.037,0.0,-0.253,-0.784,-0.15,0.627,4.35,4.139,3.755
9.4884,0.309,0.352,10.314,-0.01,0.36,-0.29,-6.463,1.943,-10.259,13.68,-239.16,-1.22,-0.216,0.627,-0.327,-18.461,14.592,-0.183,-18.179,13.883,18.461,0.664,0.0,-4.174,4.838,0.521,-14.592,-0.996,-0.0,-0.239,-0.758,-0.147,6.207,4.225,4.139,3.755
9.4884,0.309,0.352,10.314,-0.01,0.36,-0.29,-6.463,1.943,-10.259,13.68,-239.16,-1.22,-0.216,0.627,-0.327,-18.461,14.592,-0.183,-18.179,13.883,18.461,0.664,0.0,-4.174,4.838,0.521,-14.592,-0.996,-0.0,-0.239,-0.758,-0.147,6.207,4.225,4.139,3.755
9.5473,-1.901,0.366,9.086,0.27,-1.37,-2.04,2.021,2.588,-12.005,34.32,54.4,-20.25,0.177,0.539,-0.234,-23.535,13.915,-1.51,-23.638,13.282,23.341,0.835,0.0,-4.327,5.161,0.554,-14.631,-0.999,-0.0,-0.519,-0.48,-0.114,5.635,4.225,4.139,3.755
9.5473,-1.901,0.366,9.086,0.27,-1.37,-2.04,2.021,2.588,-12.005,34.32,54.4,-20.25,0.177,0.539,-0.234,-23.535,13.915,-1.51,-23.638,13.282,23.535,0.841,-0.0,0.95,-0.108,0.028,-13.915,-0.969,0.0,-0.599,-0.37,-0.101,5.54,4.151,4.139,3.755
9.6062,0.395,-0.306,10.262,-0.71,3.21,-2.53,-2.846,2.5,-11.102,-43.16,252.35,11.32,-0.265,0.602,-0.332,-14.939,13.962,0.722,-14.612,13.299,19.766,0.71,-0.0,3.397,-2.687,-0.231,-13.582,-0.955,0.0,0.025,-0.98,-0.174,6.052,4.12,4.139,3.755
9.6062,0.395,-0.306,10.262,-0.71,3.21,-2.53,-2.846,2.5,-11.102,-43.16,252.35,11.32,-0.265,0.602,-0.332,-14.939,13.962,0.722,-14.612,13.299,14.939,0.541,0.0,4.404,-3.863,-0.349,-13.962,-0.973,-0.0,0.753,-1.726,-0.264,0.359,4.153,4.139,3.755
9.6652,-1.633,0.366,8.902,-0.92,6.14,4.35,-8.365,1.113,-6.876,-35.77,4.3,-11.9,-0.302,0.633,-0.195,-10.777,15.642,2.181,-10.413,14.961,10.777,0.396,0.0,0.075,0.321,0.068,-15.642,-1.048,-0.0,0.624,-1.673,-0.259,0.872,4.356,4.139,3.755
9.6652,-1.633,0.366,8.902,-0.92,6.14,4.35,-8.365,1.113,-6.876,-35.77,4.3,-11.9,-0.302,0.633,-0.195,-10.777,15.642,2.181,-10.413,14.961,10.777,0.396,0.0,0.075,0.321,0.068,-15.642,-1.048,-0.0,0.624,-1.673,-0.259,0.872,4.356,4.139,3.755
9.7249,1.29,0.555,10.159,0.95,-2.93,-0.67,-3.31,1.689,-8.273,38.81,-125.51,-7.18,-0.19,0.698,-0.326,-15.047,14.61,0.597,-14.793,13.842,15.047,0.545,-0.0,-2.19,2.736,0.311,-14.61,-1.005,0.0,-0.677,-0.328,-0.097,0.337,4.22,4.139,3.755
9.7249,1.29,0.555,10.159,0.95,-2.93,-0.67,-3.31,1.689,-8.273,38.81,-125.51,-7.18,-0.19,0.698,-0.326,-15.047,14.61,0.597,-14.793,13.842,15.047,0.545,-0.0,-2.19,2.736,0.311,-14.61,-1.005,0.0,-0.677,-0.328,-0.097,0.337,4.22,4.139,3.755
9.7784,-2.634,-0.189,9.847,-1.41,8.58,5.56,0.516,2.359,-7.622,36.77,-247.92,-7.8,-0.053,0.716,-0.242,-24.387,14.564,-1.898,-24.266,13.726,24.387,0.872,0.0,-4.327,5.199,0.559,-14.564,-1.005,-0.0,-0.642,-0.364,-0.102,5.463,4.205,4.139,3.755
9.7784,-2.634,-0.189,9.847,-1.41,8.58,5.56,0.516,2.359,-7.622,36.77,-247.92,-7.8,-0.053,0.716,-0.242,-24.387,14.564,-1.898,-24.266,13.726,24.387,0.872,0.0,-4.327,5.199,0.559,-14.564,-1.005,-0.0,-0.642,-0.364,-0.102,5.463,4.205,4.139,3.755
9.8367,0.687,0.766,10.242,0.59,0.25,0.51,-2.953,1.866,-4.49,-19.71,238.12,-8.88,0.081,0.748,-0.321,-17.959,13.731,0.055,-17.97,12.898,17.959,0.647,0.0,4.156,-3.509,-0.312,-13.731,-0.971,0.0,0.344,-1.315,-0.216,6.232,4.104,4.139,3.755
9.8367,0.687,0.766,10.242,0.59,0.25,0.51,-2.953,1.866,-4.49,-19.71,238.12,-8.88,0.081,0.748,-0.321,-17.959,13.731,0.055,-17.97,12.898,17.959,0.647,0.0,4.156,-3.509,-0.312,-13.731,-0.971,0.0,0.344,-1.315,-0.216,6.232,4.104,4.139,3.755
9.8947,0.192,-0.05,10.35,-0.65,2.94,2.6,-6.761,1.04,-6.448,-58.99,150.3,-3.96,-0.124,0.724,-0.301,-9.636,15.287,2.065,-9.449,14.509,9.636,0.357,0.0,2.623,-2.266,-0.189,-15.287,-1.041,-0.0,1.03,-2.07,-0.308,0.99,4.301,4.139,3.755
9.9237,-2.054,0.249,9.802,-0.29,3.91,2.13,-7.697,2.477,-10.428,-11.23,-59.03,-6.18,-0.124,0.724,-0.301,-9.636,15.287,2.065,-9.449,14.509,9.636,0.357,0.0,2.623,-2.266,-0.189,-15.287,-1.041,-0.0,1.03,-2.07,-0.308,0.99,4.301,4.139,3.755
9.9576,-0.824,-0.903,11.167,1.32,-3.77,-6.21,0.974,2.831,-9.135,50.52,-123.12,13.98,0.398,0.611,-0.321,-13.117,15.136,1.045,-13.453,14.449,13.117,0.478,-0.0,-2.149,2.627,0.301,-15.136,-1.037,0.0,-0.882,-0.155,-0.078,0.501,4.294,4.139,3.755
9.9846,0.472,0.644,10.195,0.52,0.03,-1.03,-5.346,1.569,-9.509,23.59,-176.03,-2.15,0.212,0.699,-0.351,-16.235,14.543,0.306,-16.38,13.763,13.117,0.478,-0.0,-2.149,2.627,0.301,-15.136,-1.037,0.0,-0.882,-0.155,-0.078,0.501,4.294,4.139,3.755
10.0111,1.183,0.445,10.285,-0.71,1.35,1.74,-4.991,2.18,-9.221,15.55,-247.92,1.99,0.033,0.716,-0.321,-21.505,14.672,-1.024,-21.469,13.852,21.505,0.771,0.0,-4.327,5.098,0.549,-14.672,-1.018,-0.0,-0.271,-0.747,-0.15,5.805,4.221,4.139,3.755
10.0397,-3.031,-0.163,9.237,-0.66,5.49,1.9,2.106,2.154,-9.716,31.75,-78.49,-20.39,0.66,0.687,-0.269,-23.669,14.195,-1.64,-24.255,13.408,23.669,0.847,0.0,-1.37,2.217,0.262,-14.195,-0.998,-0.0,-0.554,-0.444,-0.113,5.464,4.167,4.139,3.755
10.0397,-3.031,-0.163,9.237,-0.66,5.49,1.9,2.106,2.154,-9.716,31.75,-78.49,-20.39,0.66,0.687,-0.269,-23.669,14.195,-1.64,-24.255,13.408,23.669,0.847,0.0,-1.37,2.217,0.262,-14.195,-0.998,-0.0,-0.554,-0.444,-0.113,5.464,4.167,4.139,3.755
10.1012,0.685,1.176,9.515,-0.29,2.47,-1.98,-3.83,2.095,-7.482,-34.7,252.35,2.12,0.004,0.781,-0.355,-16.272,13.824,0.461,-16.206,12.965,20.429,0.734,-0.0,2.523,-1.789,-0.139,-13.482,-0.968,0.0,-0.286,-0.682,-0.142,5.904,4.084,4.139,3.755
10.1012,0.685,1.176,9.515,-0.29,2.47,-1.98,-3.83,2.095,-7.482,-34.7,252.35,2.12,0.004,0.781,-0.355,-16.272,13.824,0.461,-16.206,12.965,16.272,0.589,0.0,4.404,-3.815,-0.342,-13.824,-0.984,-0.0,0.606,-1.59,-0.251,0.164,4.112,4.139,3.755
10.1580,-0.33,-0.453,10.125,-1.59,4.97,6.38,-8.629,0.795,-5.678,-48.42,68.51,-14.87,-0.176,0.597,-0.262,-9.684,15.505,2.259,-9.45,14.858,9.684,0.359,0.0,1.196,-0.837,-0.046,-15.505,-1.06,-0.0,0.845,-1.905,-0.29,0.99,4.344,4.139,3.755
10.1580,-0.33,-0.453,10.125,-1.59,4.97,6.38,-8.629,0.795,-5.678,-48.42,68.51,-14.87,-0.176,0.597,-0.262,-9.684,15.505,2.259,-9.45,14.858,9.684,0.359,0.0,1.196,-0.837,-0.046,-15.505,-1.06,-0.0,0.845,-1.905,-0.29,0.99,4.344,4.139,3.755
10.2174,1.463,-0.148,10.317,1.37,-6.64,-4.07,-0.413,2.333,-8.653,47.34,-111.03,2.73,0.245,0.646,-0.251,-11.758,15.536,1.815,-11.938,14.816,11.758,0.431,-0.0,-1.672,2.103,0.249,-15.536,-1.062,0.0,-0.312,-0.751,-0.152,0.686,4.339,4.139,3.755
10.2174,1.463,-0.148,10.317,1.37,-6.64,-4.07,-0.413,2.333,-8.653,47.34,-111.03,2.73,-0.11,0.639,-0.362,-13.364,14.813,0.916,-13.194,14.11,13.364,0.488,-0.0,-1.938,2.425,0.281,-14.813,-1.032,0.0,-0.826,-0.205,-0.086,0.532,4.252,4.139,3.755
10.2717,1.051,0.031,9.977,-1.27,3.88,2.35,-3.595,2.052,-8.074,28.61,-247.92,5.32,-0.522,0.723,-0.326,-22.088,14.63,-1.269,-21.5,13.794,22.088,0.792,0.0,-4.327,5.119,0.552,-14.63,-1.026,-0.0,-0.499,-0.526,-0.125,5.801,4.214,4.139,3.755
10.2717,1.051,0.031,9.977,-1.27,3.88,2.35,-3.595,2.052,-8.074,28.61,-247.92,5.32,-0.522,0.723,-0.326,-22.088,14.63,-1.269,-21.5,13.794,22.088,0.792,0.0,-4.327,5.119,0.552,-14.63,-1.026,-0.0,-0.499,-0.526,-0.125,5.801,4.214,4.139,3.755
10.3308,2.375,-0.436,10.23,2.16,-10.19,-1.07,-1.683,3.062,-7.153,5.49,165.57,-11.29,-0.173,0.582,-0.35,-19.992,13.538,-0.582,-19.75,12.872,23.617,0.846,0.0,0.024,0.822,0.123,-14.022,-1.0,-0.0,-0.586,-0.414,-0.112,5.534,4.15,4.139,3.755
10.3308,2.375,-0.436,10.23,2.16,-10.19,-1.07,-1.683,3.062,-7.153,5.49,165.57,-11.29,-0.173,0.582,-0.35,-19.992,13.538,-0.582,-19.75,12.872,19.992,0.719,-0.0,2.89,-2.171,-0.176,-13.538,-0.98,0.0,-0.096,-0.884,-0.168,6.015,4.101,4.139,3.755
10.3891,1.094,-0.251,10.039,-0.89,-0.14,3.11,-2.252,2.325,-11.844,-68.71,252.35,10.15,-0.413,0.75,-0.347,-10.456,14.807,1.589,-9.983,14.012,10.456,0.386,-0.0,4.404,-4.018,-0.363,-14.807,-1.037,-0.0,1.199,-2.236,-0.331,0.925,4.24,4.139,3.755
10.3891,1.094,-0.251,10.039,-0.89,-0.14,3.11,-2.252,2.325,-11.844,-68.71,252.35,10.15,-0.413,0.75,-0.347,-10.456,14.807,1.589,-9.983,14.012,10.456,0.386,-0.0,4.404,-4.018,-0.363,-14.807,-1.037,-0.0,1.199,-2.236,-0.331,0.925,4.24,4.139,3.755
10.4520,-1.539,-0.05,10.025,0.7,-2.38,-2.93,-2.203,3.188,-10.932,30.84,-98.57,14.76,0.072,0.618,-0.238,-11.961,15.421,1.645,-11.97,14.737,11.961,0.439,-0.0,-1.72,2.16,0.255,-15.421,-1.066,0.0,-0.538,-0.528,-0.127,0.682,4.329,4.139,3.755
10.4798,1.192,0.132,10.403,1.6,-5.9,-4.87,-1.471,2.197,-8.395,42.78,-84.24,1.16,-0.174,0.605,-0.366,-13.272,14.675,0.941,-13.038,14.01,11.961,0.439,-0.0,-1.72,2.16,0.255,-15.421,-1.066,0.0,-0.538,-0.528,-0.127,0.682,4.329,4.139,3.755
10.5055,0.417,0.323,10.113,0.25,-1.13,0.25,-4.46,2.178,-10.074,-0.25,-166.71,-0.5,-0.308,0.684,-0.365,-16.225,14.557,0.252,-15.854,13.802,16.225,0.588,-0.0,-2.91,3.498,0.39,-14.557,-1.031,0.0,0.004,-1.035,-0.188,0.207,4.215,4.139,3.755
10.5351,1.41,0.146,9.864,-1.33,4.32,0.48,-4.735,2.082,-8.724,26.78,-247.92,5.88,-0.308,0.684,-0.365,-16.225,14.557,0.252,-15.854,13.802,16.225,0.588,-0.0,-2.91,3.498,0.39,-14.557,-1.031,0.0,0.004,-1.035,-0.188,0.207,4.215,4.139,3.755
10.5351,1.41,0.146,9.864,-1.33,4.32,0.48,-4.735,2.082,-8.724,26.78,-247.92,5.88,-0.652,0.715,-0.347,-21.434,14.682,-1.157,-20.717,13.857,21.434,0.77,0.0,-4.327,5.097,0.551,-14.682,-1.037,-0.0,-0.467,-0.57,-0.132,5.897,4.221,4.139,3.755
10.5912,1.853,-0.256,10.24,1.86,-10.35,-4.69,-0.931,3.639,-9.214,15.37,171.04,-16.68,-0.506,0.613,-0.365,-20.847,13.501,-0.79,-20.273,12.797,20.847,0.75,-0.0,2.985,-2.236,-0.182,-13.501,-0.987,0.0,-0.268,-0.719,-0.15,5.951,4.092,4.139,3.755
10.5912,1.853,-0.256,10.24,1.86,-10.35,-4.69,-0.931,3.639,-9.214,15.37,171.04,-16.68,-0.506,0.613,-0.365,-20.847,13.501,-0.79,-20.273,12.797,20.847,0.75,-0.0,2.985,-2.236,-0.182,-13.501,-0.987,0.0,-0.268,-0.719,-0.15,5.951,4.092,4.139,3.755
10.6525,1.623,0.096,9.61,-0.91,-0.66,1.65,-2.488,2.532,-12.58,-72.34,252.35,7.63,-0.891,0.725,-0.364,-11.211,14.589,1.425,-10.261,13.834,11.211,0.413,-0.0,4.404,-3.991,-0.359,-14.589,-1.037,-0.0,1.263,-2.299,-0.341,0.891,4.219,4.139,3.755
10.6525,1.623,0.096,9.61,-0.91,-0.66,1.65,-2.488,2.532,-12.58,-72.34,252.35,7.63,-0.891,0.725,-0.364,-11.211,14.589,1.425,-10.261,13.834,11.211,0.413,-0.0,4.404,-3.991,-0.359,-14.589,-1.037,-0.0,1.263,-2.299,-0.341,0.891,4.219,4.139,3.755
10.7076,-2.224,0.433,9.931,0.56,-0.94,-2.43,-2.825,2.941,-11.483,25.16,-89.95,8.77,-0.627,0.621,-0.248,-12.221,15.434,1.599,-11.533,14.771,12.221,0.449,-0.0,-1.57,2.019,0.242,-15.434,-1.076,0.0,-0.439,-0.637,-0.142,0.735,4.333,4.139,3.755
10.7076,-2.224,0.433,9.931,0.56,-0.94,-2.43,-2.825,2.941,-11.483,25.16,-89.95,8.77,-0.627,0.621,-0.248,-12.221,15.434,1.599,-11.533,14.771,12.221,0.449,-0.0,-1.57,2.019,0.242,-15.434,-1.076,0.0,-0.439,-0.637,-0.142,0.735,4.333,4.139,3.755
10.7698,0.385,0.357,10.005,0.27,-0.49,0.26,-3.94,2.296,-10.112,3.39,-130.39,-1.21,-1.105,0.722,-0.372,-15.691,14.49,0.359,-14.525,13.711,15.691,0.57,-0.0,-2.276,2.846,0.326,-14.49,-1.037,0.0,-0.059,-0.978,-0.183,0.37,4.204,4.139,3.755
10.7698,0.385,0.357,10.005,0.27,-0.49,0.26,-3.94,2.296,-10.112,3.39,-130.39,-1.21,-1.105,0.722,-0.372,-15.691,14.49,0.359,-14.525,13.711,15.691,0.57,-0.0,-2.276,2.846,0.326,-14.49,-1.037,0.0,-0.059,-0.978,-0.183,0.37,4.204,4.139,3.755
10.8253,-3.833,0.532,10.396,-0.74,5.92,2.64,-1.128,1.598,-8.766,30.57,-244.66,-11.05,-0.718,0.715,-0.253,-25.181,14.428,-2.091,-24.396,13.568,25.181,0.901,0.0,-4.27,5.171,0.56,-14.428,-1.036,-0.0,-0.534,-0.503,-0.126,5.447,4.186,4.139,3.755
10.8535,-0.879,-0.613,11.435,1.98,-5.69,-8.59,0.797,4.011,-11.945,22.13,174.08,-17.17,-0.334,0.627,-0.383,-22.051,13.581,-1.163,-21.648,12.855,25.181,0.901,0.0,-4.27,5.171,0.56,-14.428,-1.036,-0.0,-0.534,-0.503,-0.126,5.447,4.186,4.139,3.755
10.8877,0.335,1.049,9.773,0.73,-0.06,-0.71,-2.357,1.87,-6.03,-17.78,252.35,-3.71,-0.667,0.691,-0.37,-17.458,13.53,0.013,-16.727,12.768,22.051,0.792,-0.0,3.038,-2.246,-0.182,-13.581,-1.0,0.0,-0.386,-0.614,-0.139,5.783,4.099,4.139,3.755
10.9133,0.587,0.713,10.159,-0.99,2.45,-0.52,-2.339,2.84,-13.417,-68.08,252.35,7.38,-0.688,0.77,-0.395,-12.518,14.334,1.11,-11.768,13.52,12.518,0.459,0.0,4.404,-3.945,-0.353,-14.334,-1.035,-0.0,1.188,-2.223,-0.333,0.707,4.18,4.139,3.755
10.9133,0.587,0.713,10.159,-0.99,2.45,-0.52,-2.339,2.84,-13.417,-68.08,252.35,7.38,-0.688,0.77,-0.395,-12.518,14.334,1.11,-11.768,13.52,12.518,0.459,0.0,4.404,-3.945,-0.353,-14.334,-1.035,-0.0,1.188,-2.223,-0.333,0.707,4.18,4.139,3.755
10.9729,-1.975,0.807,8.839,-0.57,3.16,4.08,-5.215,2.772,-11.732,4.78,-55.26,-3.46,-0.339,0.628,-0.21,-12.097,15.488,1.763,-11.696,14.809,12.097,0.445,0.0,-0.964,1.409,0.182,-15.488,-1.087,-0.0,-0.083,-1.004,-0.188,0.715,4.338,4.139,3.755
10.9729,-1.975,0.807,8.839,-0.57,3.16,4.08,-5.215,2.772,-11.732,4.78,-55.26,-3.46,-0.339,0.628,-0.21,-12.097,15.488,1.763,-11.696,14.809,12.097,0.445,0.0,-0.964,1.409,0.182,-15.488,-1.087,-0.0,-0.083,-1.004,-0.188,0.715,4.338,4.139,3.755
11.0261,1.793,0.692,8.356,0.95,-3.55,-1.43,-4.332,1.981,-9.699,17.22,-114.67,-1.04,-1.156,0.702,-0.389,-15.66,14.356,0.401,-14.444,13.6,15.66,0.569,-0.0,-2.001,2.571,0.299,-14.356,-1.04,0.0,-0.301,-0.74,-0.156,0.38,4.19,4.139,3.755
11.0261,1.793,0.692,8.356,0.95,-3.55,-1.43,-4.332,1.981,-9.699,17.22,-114.67,-1.04,-1.156,0.702,-0.389,-15.66,14.356,0.401,-14.444,13.6,15.66,0.569,-0.0,-2.001,2.571,0.299,-14.356,-1.04,0.0,-0.301,-0.74,-0.156,0.38,4.19,4.139,3.755
11.0871,-2.045,-0.994,11.195,-2.31,7.68,7.99,-2.661,1.879,-8.392,28.68,-247.92,-12.59,-1.335,0.579,-0.27,-25.117,14.469,-2.088,-23.715,13.74,20.34,0.733,-0.0,-4.327,5.06,0.549,-14.647,-1.054,-0.0,-0.111,-0.943,-0.181,6.15,4.209,4.139,3.755
11.0871,-2.045,-0.994,11.195,-2.31,7.68,7.99,-2.661,1.879,-8.392,28.68,-247.92,-12.59,-1.335,0.579,-0.27,-25.117,14.469,-2.088,-23.715,13.74,25.117,0.9,0.0,-4.327,5.227,0.567,-14.469,-1.047,-0.0,-0.501,-0.546,-0.133,5.53,4.207,4.139,3.755
11.1444,1.116,0.888,10.02,0.58,0.39,0.2,-3.02,2.139,-5.126,-10.03,252.35,-6.53,-1.504,0.63,-0.354,-18.672,13.489,-0.194,-17.106,12.789,18.672,0.675,0.0,4.404,-3.73,-0.329,-13.489,-1.006,0.0,0.175,-1.181,-0.21,0.054,4.091,4.139,3.755
11.1444,1.116,0.888,10.02,0.58,0.39,0.2,-3.02,2.139,-5.126,-10.03,252.35,-6.53,-1.504,0.63,-0.354,-18.672,13.489,-0.194,-17.106,12.789,18.672,0.675,0.0,4.404,-3.73,-0.329,-13.489,-1.006,0.0,0.175,-1.181,-0.21,0.054,4.091,4.139,3.755
11.2054,0.278,-0.103,10.274,-1.02,3.57,3.4,-7.62,0.939,-6.024,-66.48,125.22,-5.16,-1.51,0.641,-0.325,-10.715,15.246,1.793,-9.151,14.604,10.715,0.397,0.0,2.185,-1.788,-0.137,-15.246,-1.085,-0.0,1.16,-2.245,-0.338,1.026,4.313,4.139,3.755
11.2054,0.278,-0.103,10.274,-1.02,3.57,3.4,-7.62,0.939,-6.024,-66.48,125.22,-5.16,-1.51,0.641,-0.325,-10.715,15.246,1.793,-9.151,14.604,10.715,0.397,0.0,2.185,-1.788,-0.137,-15.246,-1.085,-0.0,1.16,-2.245,-0.338,1.026,4.313,4.139,3.755
11.2598,0.493,-0.646,10.144,1.61,-6.54,-6.84,0.967,2.703,-8.916,54.71,-111.15,10.16,-1.072,0.545,-0.361,-13.826,14.919,0.814,-12.7,14.334,13.826,0.506,-0.0,-1.94,2.446,0.287,-14.919,-1.073,0.0,-0.955,-0.118,-0.083,0.593,4.28,4.139,3.755
11.2883,0.898,0.608,9.792,0.68,-0.95,-0.97,-4.19,1.902,-9.7,19.62,-127.31,-3.79,-1.294,0.639,-0.391,-16.032,14.368,0.32,-14.679,13.677,16.032,0.583,-0.0,-2.222,2.805,0.324,-14.368,-1.05,0.0,-0.342,-0.707,-0.154,0.351,4.199,4.139,3.755
11.2883,0.898,0.608,9.792,0.68,-0.95,-0.97,-4.19,1.902,-9.7,19.62,-127.31,-3.79,-1.294,0.639,-0.391,-16.032,14.368,0.32,-14.679,13.677,16.032,0.583,-0.0,-2.222,2.805,0.324,-14.368,-1.05,0.0,-0.342,-0.707,-0.154,0.351,4.199,4.139,3.755
11.3497,0.579,0.093,6.428,-1.12,2.01,6.2,-1.223,2.063,-8.898,29.43,-247.92,-14.83,-1.807,0.676,-0.277,-25.396,14.447,-2.15,-23.528,13.596,25.396,0.91,0.0,-4.327,5.237,0.569,-14.447,-1.055,-0.0,-0.514,-0.542,-0.135,5.987,4.212,4.139,3.755
11.3757,-0.486,-0.464,10.355,1.69,-7.67,-7.45,1.158,3.491,-11.586,23.52,140.15,-15.64,-1.509,0.651,-0.359,-22.917,13.624,-1.406,-21.343,12.849,22.917,0.823,-0.0,2.446,-1.623,-0.117,-13.624,-1.02,0.0,-0.41,-0.61,-0.143,5.82,4.098,4.139,3.755
11.4076,0.831,1.434,9.512,0.68,-0.02,0.42,-2.728,2.102,-5.885,-16.44,252.35,-5.25,-1.509,0.651,-0.359,-22.917,13.624,-1.406,-21.343,12.849,22.917,0.823,-0.0,2.446,-1.623,-0.117,-13.624,-1.02,0.0,-0.41,-0.61,-0.143,5.82,4.098,4.139,3.755
11.4076,0.831,1.434,9.512,0.68,-0.02,0.42,-2.728,2.102,-5.885,-16.44,252.35,-5.25,-1.891,0.751,-0.361,-18.486,13.629,-0.207,-16.535,12.805,18.486,0.669,-0.0,4.404,-3.736,-0.329,-13.629,-1.021,0.0,0.287,-1.308,-0.227,0.124,4.093,4.139,3.755
11.4620,0.065,-0.292,10.048,-1.34,4.83,4.15,-7.477,0.958,-6.109,-58.66,91.65,-7.07,-2.002,0.664,-0.323,-10.926,15.309,1.715,-8.871,14.66,10.926,0.405,0.0,1.6,-1.195,-0.076,-15.309,-1.097,-0.0,1.024,-2.121,-0.325,1.061,4.32,4.139,3.755
11.4620,0.065,-0.292,10.048,-1.34,4.83,4.15,-7.477,0.958,-6.109,-58.66,91.65,-7.07,-2.002,0.664,-0.323,-10.926,15.309,1.715,-8.871,14.66,10.926,0.405,0.0,1.6,-1.195,-0.076,-15.309,-1.097,-0.0,1.024,-2.121,-0.325,1.061,4.32,4.139,3.755
11.5218,0.903,-0.687,9.799,1.68,-7.25,-7.0,0.912,2.705,-8.402,52.48,-89.38,8.61,-1.517,0.578,-0.37,-13.682,14.828,0.833,-12.112,14.221,12.47,0.459,0.0,-0.884,1.343,0.178,-15.502,-1.106,-0.0,-0.028,-1.078,-0.2,0.816,4.343,4.139,3.755
11.5218,0.903,-0.687,9.799,1.68,-7.25,-7.0,0.912,2.705,-8.402,52.48,-89.38,8.61,-1.517,0.578,-0.37,-13.682,14.828,0.833,-12.112,14.221,13.682,0.501,-0.0,-1.56,2.061,0.25,-14.828,-1.078,0.0,-0.916,-0.162,-0.09,0.665,4.266,4.139,3.755
11.5805,1.69,0.608,9.941,-0.71,0.58,1.13,-4.569,2.389,-9.032,-0.22,-230.08,1.3,-1.909,0.738,-0.377,-19.143,14.726,-0.552,-17.175,13.898,19.143,0.692,0.0,-4.016,4.708,0.516,-14.726,-1.075,-0.0,0.004,-1.079,-0.201,0.046,4.226,4.139,3.755
11.5805,1.69,0.608,9.941,-0.71,0.58,1.13,-4.569,2.389,-9.032,-0.22,-230.08,1.3,-1.909,0.738,-0.377,-19.143,14.726,-0.552,-17.175,13.898,19.143,0.692,0.0,-4.016,4.708,0.516,-14.726,-1.075,-0.0,0.004,-1.079,-0.201,0.046,4.226,4.139,3.755
11.6355,-2.258,0.266,10.075,1.33,-3.41,-5.82,3.96,2.792,-10.603,35.48,50.43,-17.99,-1.053,0.627,-0.312,-24.571,13.861,-1.875,-23.451,13.098,24.571,0.882,-0.0,0.88,0.002,0.047,-13.861,-1.04,0.0,-0.619,-0.421,-0.122,5.563,4.129,4.139,3.755
11.6355,-2.258,0.266,10.075,1.33,-3.41,-5.82,3.96,2.792,-10.603,35.48,50.43,-17.99,-1.053,0.627,-0.312,-24.571,13.861,-1.875,-23.451,13.098,24.571,0.882,-0.0,0.88,0.002,0.047,-13.861,-1.04,0.0,-0.619,-0.421,-0.122,5.563,4.129,4.139,3.755
11.6972,0.371,0.429,10.046,-0.35,2.12,-1.04,-2.891,2.158,-10.1,-54.97,252.35,9.77,-1.527,0.759,-0.39,-15.486,13.837,0.463,-13.899,13.034,15.486,0.565,0.0,4.404,-3.84,-0.339,-13.837,-1.041,-0.0,0.959,-2.0,-0.312,0.446,4.121,4.139,3.755
11.6972,0.371,0.429,10.046,-0.35,2.12,-1.04,-2.891,2.158,-10.1,-54.97,252.35,9.77,-1.527,0.759,-0.39,-15.486,13.837,0.463,-13.899,13.034,15.486,0.565,0.0,4.404,-3.84,-0.339,-13.837,-1.041,-0.0,0.959,-2.0,-0.312,0.446,4.121,4.139,3.755
11.7523,-2.037,-0.405,10.192,-2.01,9.06,7.04,-8.678,0.7,-6.956,-24.75,-25.25,-16.12,-1.296,0.678,-0.259,-12.14,15.492,1.706,-10.785,14.797,12.14,0.448,0.0,-0.441,0.889,0.133,-15.492,-1.115,-0.0,0.432,-1.547,-0.259,0.827,4.336,4.139,3.755
11.7523,-2.037,-0.405,10.192,-2.01,9.06,7.04,-8.678,0.7,-6.956,-24.75,-25.25,-16.12,-1.296,0.678,-0.259,-12.14,15.492,1.706,-10.785,14.797,12.14,0.448,0.0,-0.441,0.889,0.133,-15.492,-1.115,-0.0,0.432,-1.547,-0.259,0.827,4.336,4.139,3.755
11.8130,1.298,0.493,10.333,1.49,-4.23,-1.58,-3.134,2.331,-8.201,37.21,-72.28,-5.57,-1.158,0.667,-0.391,-14.79,14.372,0.606,-13.573,13.659,14.79,0.541,-0.0,-1.262,1.802,0.226,-14.372,-1.068,0.0,-0.649,-0.419,-0.123,0.486,4.197,4.139,3.755
11.8424,0.713,-0.01,10.254,0.34,-1.66,0.31,-4.72,2.269,-9.975,-3.23,-190.98,3.66,-1.205,0.747,-0.399,-18.016,14.444,-0.259,-16.749,13.618,14.79,0.541,-0.0,-1.262,1.802,0.226,-14.372,-1.068,0.0,-0.649,-0.419,-0.123,0.486,4.197,4.139,3.755
11.8690,0.553,0.062,9.936,-1.5,5.62,0.29,-3.83,1.603,-8.254,26.22,-247.92,7.06,-1.386,0.785,-0.383,-23.05,14.549,-1.686,-21.604,13.621,23.05,0.829,0.0,-4.327,5.156,0.563,-14.549,-1.078,-0.0,-0.458,-0.62,-0.148,5.788,4.193,4.139,3.755
11.8997,-2.832,0.864,8.995,-0.15,1.67,0.61,1.528,2.101,-10.423,31.64,-43.6,-12.9,-0.854,0.701,-0.292,-25.166,14.003,-2.095,-24.246,13.155,23.05,0.829,0.0,-4.327,5.156,0.563,-14.549,-1.078,-0.0,-0.458,-0.62,-0.148,5.788,4.193,4.139,3.755
11.8997,-2.832,0.864,8.995,-0.15,1.67,0.61,1.528,2.101,-10.423,31.64,-43.6,-12.9,-0.854,0.701,-0.292,-25.166,14.003,-2.095,-24.246,13.155,25.166,0.903,0.0,-0.761,1.664,0.214,-14.003,-1.055,-0.0,-0.552,-0.503,-0.134,5.465,4.136,4.139,3.755
11.9573,-0.261,-0.002,10.546,-0.31,4.11,-2.11,-3.669,2.052,-9.4,-38.52,252.35,4.41,-1.111,0.781,-0.407,-16.187,13.602,0.291,-15.014,12.764,16.187,0.59,0.0,4.404,-3.815,-0.335,-13.602,-1.039,-0.0,0.672,-1.712,-0.279,0.31,4.088,4.139,3.755
11.9573,-0.261,-0.002,10.546,-0.31,4.11,-2.11,-3.669,2.052,-9.4,-38.52,252.35,4.41,-1.111,0.781,-0.407,-16.187,13.602,0.291,-15.014,12.764,16.187,0.59,0.0,4.404,-3.815,-0.335,-13.602,-1.039,-0.0,0.672,-1.712,-0.279,0.31,4.088,4.139,3.755
12.0157,0.048,-0.01,8.696,-1.14,4.84,5.18,-8.449,1.038,-6.687,-41.81,18.35,-11.83,-1.187,0.712,-0.289,-11.285,15.57,1.83,-10.038,14.842,11.192,0.415,-0.0,4.404,-3.989,-0.353,-14.727,-1.089,-0.0,1.369,-2.459,-0.37,0.928,4.222,4.139,3.755
12.0157,0.048,-0.01,8.696,-1.14,4.84,5.18,-8.449,1.038,-6.687,-41.81,18.35,-11.83,-1.187,0.712,-0.289,-11.285,15.57,1.83,-10.038,14.842,11.285,0.419,0.0,0.32,0.098,0.055,-15.57,-1.127,-0.0,0.73,-1.857,-0.298,0.918,4.342,4.139,3.755
12.0711,0.807,0.201,10.537,1.24,-3.51,-1.14,-1.774,2.072,-8.404,42.04,-93.93,-5.79,-1.079,0.735,-0.396,-14.707,14.471,0.502,-13.569,13.685,14.707,0.538,-0.0,-1.639,2.178,0.264,-14.471,-1.081,0.0,-0.734,-0.348,-0.117,0.487,4.2,4.139,3.755
12.0711,0.807,0.201,10.537,1.24,-3.51,-1.14,-1.774,2.072,-8.404,42.04,-93.93,-5.79,-1.079,0.735,-0.396,-14.707,14.471,0.502,-13.569,13.685,14.707,0.538,-0.0,-1.639,2.178,0.264,-14.471,-1.081,0.0,-0.734,-0.348,-0.117,0.487,4.2,4.139,3.755
12.1288,-0.043,-0.508,9.838,-1.3,5.99,3.11,-3.411,1.829,-7.582,29.61,-247.92,6.57,-1.237,0.755,-0.357,-23.433,14.47,-1.779,-22.135,13.573,23.433,0.843,0.0,-4.327,5.17,0.565,-14.47,-1.083,-0.0,-0.517,-0.567,-0.143,5.723,4.187,4.139,3.755
12.1608,-1.915,0.342,9.548,0.66,-2.61,-1.67,1.826,2.485,-10.81,28.16,25.02,-12.34,-0.512,0.712,-0.33,-24.622,13.949,-2.004,-24.043,13.104,24.622,0.885,-0.0,0.437,0.448,0.093,-13.949,-1.062,0.0,-0.491,-0.57,-0.144,5.49,4.129,4.139,3.755
12.1608,-1.915,0.342,9.548,0.66,-2.61,-1.67,1.826,2.485,-10.81,28.16,25.02,-12.34,-0.512,0.712,-0.33,-24.622,13.949,-2.004,-24.043,13.104,24.622,0.885,-0.0,0.437,0.448,0.093,-13.949,-1.062,0.0,-0.491,-0.57,-0.144,5.49,4.129,4.139,3.755
12.2181,0.11,0.029,9.397,-0.38,2.67,-2.58,-4.149,2.051,-10.284,-43.18,252.35,7.6,-1.076,0.75,-0.427,-15.557,13.788,0.339,-14.421,12.984,15.557,0.568,0.0,4.404,-3.836,-0.336,-13.788,-1.057,-0.0,0.754,-1.81,-0.293,0.383,4.115,4.139,3.755
12.2181,0.11,0.029,9.397,-0.38,2.67,-2.58,-4.149,2.051,-10.284,-43.18,252.35,7.6,-1.076,0.75,-0.427,-15.557,13.788,0.339,-14.421,12.984,15.557,0.568,0.0,4.404,-3.836,-0.336,-13.788,-1.057,-0.0,0.754,-1.81,-0.293,0.383,4.115,4.139,3.755
12.2759,-1.381,-0.026,8.851,-1.6,7.8,5.83,-8.483,0.94,-7.105,-27.0,-7.09,-18.51,-0.884,0.731,-0.3,-11.912,15.358,1.7,-10.965,14.596,11.912,0.441,0.0,-0.124,0.565,0.103,-15.358,-1.127,-0.0,0.471,-1.598,-0.269,0.805,4.312,4.139,3.755
12.2759,-1.381,-0.026,8.851,-1.6,7.8,5.83,-8.483,0.94,-7.105,-27.0,-7.09,-18.51,-0.884,0.731,-0.3,-11.912,15.358,1.7,-10.965,14.596,11.912,0.441,0.0,-0.124,0.565,0.103,-15.358,-1.127,-0.0,0.471,-1.598,-0.269,0.805,4.312,4.139,3.755
12.3406,1.154,0.582,10.345,1.23,-3.42,-1.82,-3.268,2.067,-8.377,37.48,-104.96,-6.65,-0.649,0.712,-0.426,-15.434,14.311,0.357,-14.724,13.537,15.434,0.564,-0.0,-1.832,2.396,0.287,-14.311,-1.084,0.0,-0.654,-0.429,-0.129,0.346,4.182,4.139,3.755
12.3610,0.658,-0.034,10.58,-0.06,-0.69,0.79,-6.56,2.393,-10.645,5.26,-247.92,3.73,-0.722,0.749,-0.429,-19.959,14.371,-0.784,-19.172,13.525,19.959,0.722,-0.0,-4.327,5.049,0.553,-14.371,-1.087,-0.0,-0.092,-0.995,-0.197,6.085,4.181,4.139,3.755
12.3610,0.658,-0.034,10.58,-0.06,-0.69,0.79,-6.56,2.393,-10.645,5.26,-247.92,3.73,-0.722,0.749,-0.429,-19.959,14.371,-0.784,-19.172,13.525,19.959,0.722,-0.0,-4.327,5.049,0.553,-14.371,-1.087,-0.0,-0.092,-0.995,-0.197,6.085,4.181,4.139,3.755
12.4252,-1.279,0.026,10.625,0.81,-5.06,-3.62,0.505,3.463,-13.206,23.55,104.53,-13.22,0.093,0.767,-0.4,-23.124,13.658,-1.655,-23.149,12.779,24.401,0.877,0.0,-4.327,5.204,0.57,-14.377,-1.088,-0.0,-0.56,-0.528,-0.141,5.518,4.167,4.139,3.755
12.4252,-1.279,0.026,10.625,0.81,-5.06,-3.62,0.505,3.463,-13.206,23.55,104.53,-13.22,0.093,0.767,-0.4,-23.124,13.658,-1.655,-23.149,12.779,23.124,0.833,-0.0,1.824,-0.992,-0.05,-13.658,-1.058,0.0,-0.411,-0.647,-0.155,5.599,4.09,4.139,3.755
12.4834,-1.219,0.045,10.64,-0.78,4.17,0.74,-2.869,2.896,-13.819,-51.96,252.35,9.22,-0.372,0.741,-0.423,-18.997,13.633,-0.573,-18.561,12.804,18.997,0.689,-0.0,4.075,-3.386,-0.29,-13.633,-1.058,0.0,0.23,-1.288,-0.232,6.16,4.093,4.139,3.755
12.5075,2.236,-0.555,9.831,-0.74,-1.28,2.65,-5.592,1.346,-7.005,-58.23,182.78,-0.3,-0.455,0.717,-0.412,-10.238,15.05,1.564,-9.725,14.29,10.238,0.383,-0.0,3.19,-2.807,-0.233,-15.05,-1.122,-0.0,1.016,-2.138,-0.335,0.956,4.274,4.139,3.755
12.5075,2.236,-0.555,9.831,-0.74,-1.28,2.65,-5.592,1.346,-7.005,-58.23,182.78,-0.3,-0.455,0.717,-0.412,-10.238,15.05,1.564,-9.725,14.29,10.238,0.383,-0.0,3.19,-2.807,-0.233,-15.05,-1.122,-0.0,1.016,-2.138,-0.335,0.956,4.274,4.139,3.755
12.5688,0.627,-0.065,9.124,1.5,-6.45,-6.68,0.917,2.811,-9.536,47.84,-127.76,14.35,-0.239,0.725,-0.416,-13.59,14.923,0.703,-13.289,14.134,11.546,0.429,0.0,-0.91,1.339,0.182,-15.425,-1.139,-0.0,0.222,-1.361,-0.242,0.777,4.326,4.139,3.755
12.5688,0.627,-0.065,9.124,1.5,-6.45,-6.68,0.917,2.811,-9.536,47.84,-127.76,14.35,-0.239,0.725,-0.416,-13.59,14.923,0.703,-13.289,14.134,13.59,0.5,-0.0,-2.23,2.73,0.321,-14.923,-1.118,0.0,-0.835,-0.283,-0.113,0.521,4.255,4.139,3.755
12.6227,0.96,0.618,10.441,-0.79,1.04,1.48,-6.335,2.361,-9.82,13.36,-247.92,2.35,-0.721,0.83,-0.429,-21.651,14.429,-1.284,-20.866,13.48,21.651,0.782,0.0,-4.327,5.109,0.561,-14.429,-1.099,-0.0,-0.233,-0.866,-0.183,5.878,4.175,4.139,3.755
12.6227,0.96,0.618,10.441,-0.79,1.04,1.48,-6.335,2.361,-9.82,13.36,-247.92,2.35,-0.721,0.83,-0.429,-21.651,14.429,-1.284,-20.866,13.48,21.651,0.782,0.0,-4.327,5.109,0.561,-14.429,-1.099,-0.0,-0.233,-0.866,-0.183,5.878,4.175,4.139,3.755
12.6538,-0.917,-0.01,8.777,-0.99,3.69,5.14,1.718,2.346,-9.102,26.74,-148.1,-15.01,-0.589,0.699,-0.352,-24.709,14.186,-2.202,-24.055,13.351,24.709,0.889,0.0,-2.585,3.473,0.398,-14.186,-1.089,-0.0,-0.467,-0.623,-0.154,5.489,4.16,4.139,3.755
12.6853,-0.761,-0.699,11.617,1.55,-5.62,-6.26,-0.688,3.139,-10.385,18.13,143.04,-14.95,-0.52,0.642,-0.447,-21.6,13.39,-1.279,-21.014,12.648,21.6,0.78,-0.0,2.497,-1.716,-0.121,-13.39,-1.055,0.0,-0.316,-0.739,-0.168,5.86,4.074,4.139,3.755
12.7404,0.869,0.431,9.67,-0.99,0.94,1.47,-1.699,2.917,-13.768,-65.43,252.35,3.99,-0.58,0.799,-0.442,-12.324,14.479,0.991,-11.683,13.632,12.324,0.456,0.0,4.404,-3.948,-0.346,-14.479,-1.105,-0.0,1.142,-2.247,-0.35,0.717,4.194,4.139,3.755
12.7404,0.869,0.431,9.67,-0.99,0.94,1.47,-1.699,2.917,-13.768,-65.43,252.35,3.99,-0.58,0.799,-0.442,-12.324,14.479,0.991,-11.683,13.632,12.324,0.456,0.0,4.404,-3.948,-0.346,-14.479,-1.105,-0.0,1.142,-2.247,-0.35,0.717,4.194,4.139,3.755
12.7964,-3.227,0.599,10.52,0.38,2.75,-1.94,-4.896,2.916,-11.281,16.52,-92.45,5.5,-0.226,0.677,-0.327,-12.686,15.26,1.426,-12.396,14.525,12.686,0.469,0.0,-1.614,2.083,0.257,-15.26,-1.141,0.0,-0.288,-0.853,-0.183,0.63,4.303,4.139,3.755
12.8257,0.661,-0.579,10.86,1.59,-5.62,-4.96,-0.215,2.443,-8.432,47.67,-107.13,6.07,-0.178,0.603,-0.449,-14.291,14.605,0.511,-14.053,13.939,12.686,0.469,0.0,-1.614,2.083,0.257,-15.26,-1.141,0.0,-0.288,-0.853,-0.183,0.63,4.303,4.139,3.755
12.8588,0.268,0.354,10.549,-0.07,0.68,-1.01,-6.033,2.033,-10.301,13.09,-221.47,0.78,-0.206,0.654,-0.461,-18.071,14.293,-0.361,-17.8,13.558,18.071,0.657,0.0,-3.865,4.523,0.502,-14.293,-1.101,-0.0,-0.228,-0.872,-0.186,6.253,4.185,4.139,3.755
12.8885,1.369,0.232,9.735,-1.15,3.59,1.94,-2.751,1.629,-7.294,24.35,-247.92,6.83,-0.597,0.691,-0.423,-23.132,14.402,-1.747,-22.469,13.59,23.132,0.834,0.0,-4.327,5.161,0.567,-14.402,-1.107,-0.0,-0.425,-0.682,-0.163,5.682,4.189,4.139,3.755
12.8885,1.369,0.232,9.735,-1.15,3.59,1.94,-2.751,1.629,-7.294,24.35,-247.92,6.83,-0.597,0.691,-0.423,-23.132,14.402,-1.747,-22.469,13.59,23.132,0.834,0.0,-4.327,5.161,0.567,-14.402,-1.107,-0.0,-0.425,-0.682,-0.163,5.682,4.189,4.139,3.755
12.9145,-4.257,0.661,10.216,0.21,3.45,-1.42,2.133,2.105,-11.398,30.26,30.78,-20.33,0.183,0.615,-0.37,-24.024,13.784,-1.912,-24.135,13.067,24.024,0.865,0.0,0.537,0.328,0.085,-13.784,-1.081,0.0,-0.528,-0.552,-0.148,5.479,4.125,4.139,3.755
12.9457,2.119,-0.239,10.405,1.92,-8.73,0.75,-1.25,3.024,-6.188,1.5,191.62,-8.65,-0.07,0.575,-0.442,-20.012,13.421,-0.851,-19.874,12.763,20.012,0.725,-0.0,3.344,-2.619,-0.211,-13.421,-1.066,0.0,-0.026,-1.04,-0.206,6.0,4.088,4.139,3.755
13.0036,0.792,-0.124,10.855,-0.48,-0.96,1.95,-3.09,1.966,-10.23,-68.56,234.68,12.39,-0.215,0.715,-0.439,-10.432,14.823,1.357,-10.159,14.057,10.432,0.391,-0.0,4.096,-3.705,-0.321,-14.823,-1.129,-0.0,1.197,-2.326,-0.361,0.903,4.246,4.139,3.755
13.0036,0.792,-0.124,10.855,-0.48,-0.96,1.95,-3.09,1.966,-10.23,-68.56,234.68,12.39,-0.215,0.715,-0.439,-10.432,14.823,1.357,-10.159,14.057,10.432,0.391,-0.0,4.096,-3.705,-0.321,-14.823,-1.129,-0.0,1.197,-2.326,-0.361,0.903,4.246,4.139,3.755
13.0602,-0.199,-0.084,9.752,1.23,-5.67,-4.54,-0.467,3.153,-10.839,41.19,-135.64,18.51,-0.017,0.632,-0.389,-12.936,15.09,1.04,-12.858,14.392,12.936,0.478,-0.0,-2.367,2.846,0.335,-15.09,-1.143,0.0,-0.719,-0.424,-0.134,0.574,4.287,4.139,3.755
13.0602,-0.199,-0.084,9.752,1.23,-5.67,-4.54,-0.467,3.153,-10.839,41.19,-135.64,18.51,-0.017,0.632,-0.389,-12.936,15.09,1.04,-12.858,14.392,12.936,0.478,-0.0,-2.367,2.846,0.335,-15.09,-1.143,0.0,-0.719,-0.424,-0.134,0.574,4.287,4.139,3.755
13.1160,0.5,-0.026,10.539,-0.19,-0.4,1.19,-7.168,2.344,-10.495,6.12,-247.92,0.5,-0.478,0.653,-0.461,-19.652,14.294,-0.741,-19.109,13.552,19.652,0.713,-0.0,-4.327,5.04,0.555,-14.294,-1.11,-0.0,-0.107,-1.003,-0.203,6.093,4.184,4.139,3.755
13.1160,0.5,-0.026,10.539,-0.19,-0.4,1.19,-7.168,2.344,-10.495,6.12,-247.92,0.5,-0.478,0.653,-0.461,-19.652,14.294,-0.741,-19.109,13.552,19.652,0.713,-0.0,-4.327,5.04,0.555,-14.294,-1.11,-0.0,-0.107,-1.003,-0.203,6.093,4.184,4.139,3.755
13.1780,-0.433,-0.218,10.278,1.36,-5.05,-5.23,0.168,3.456,-13.282,25.03,112.14,-15.76,0.018,0.56,-0.456,-22.505,13.501,-1.511,-22.453,12.849,22.505,0.813,-0.0,1.957,-1.145,-0.062,-13.501,-1.077,0.0,-0.437,-0.64,-0.16,5.684,4.098,4.139,3.755
13.1780,-0.433,-0.218,10.278,1.36,-5.05,-5.23,0.168,3.456,-13.282,25.03,112.14,-15.76,0.018,0.56,-0.456,-22.505,13.501,-1.511,-22.453,12.849,22.505,0.813,-0.0,1.957,-1.145,-0.062,-13.501,-1.077,0.0,-0.437,-0.64,-0.16,5.684,4.098,4.139,3.755
13.2342,0.079,0.045,10.001,-0.79,3.39,-0.56,-3.075,3.032,-13.916,-55.11,252.35,10.2,-0.389,0.659,-0.495,-13.622,14.113,0.655,-13.173,13.398,13.622,0.503,0.0,4.404,-3.902,-0.339,-14.113,-1.106,-0.0,0.962,-2.068,-0.332,0.535,4.165,4.139,3.755
13.2646,0.831,-0.294,10.211,-0.7,1.27,2.27,-5.81,1.146,-6.736,-57.4,156.75,-1.29,-0.65,0.604,-0.454,-10.149,15.043,1.583,-9.445,14.405,13.622,0.503,0.0,4.404,-3.902,-0.339,-14.113,-1.106,-0.0,0.962,-2.068,-0.332,0.535,4.165,4.139,3.755
13.2919,-1.97,0.175,9.91,-0.66,4.27,3.25,-8.219,2.315,-10.341,-7.42,-48.39,-8.42,-0.136,0.549,-0.362,-11.508,15.32,1.759,-11.312,14.714,11.508,0.429,0.0,-0.845,1.274,0.178,-15.32,-1.161,-0.0,0.129,-1.29,-0.239,0.762,4.326,4.139,3.755
13.3231,-0.148,-0.462,10.206,1.44,-5.6,-7.04,0.773,2.711,-8.975,48.67,-119.43,13.84,-0.02,0.542,-0.462,-13.425,14.788,0.741,-13.347,14.182,11.508,0.429,0.0,-0.845,1.274,0.178,-15.32,-1.161,-0.0,0.129,-1.29,-0.239,0.762,4.326,4.139,3.755
13.3231,-0.148,-0.462,10.206,1.44,-5.6,-7.04,0.773,2.711,-8.975,48.67,-119.43,13.84,-0.02,0.542,-0.462,-13.425,14.788,0.741,-13.347,14.182,13.425,0.496,-0.0,-2.084,2.58,0.309,-14.788,-1.139,0.0,-0.849,-0.289,-0.119,0.514,4.261,4.139,3.755
13.3483,0.656,0.5,10.013,0.6,-0.25,-0.29,-4.359,1.782,-9.637,24.19,-154.45,-3.17,-0.289,0.609,-0.491,-16.129,14.214,0.092,-15.778,13.537,16.129,0.59,-0.0,-2.696,3.286,0.38,-14.214,-1.114,0.0,-0.422,-0.692,-0.168,0.217,4.182,4.139,3.755
13.3784,1.243,0.749,10.163,-0.77,0.81,1.74,-5.614,2.321,-9.835,13.34,-247.92,3.74,-0.525,0.672,-0.471,-21.394,14.376,-1.242,-20.804,13.601,21.394,0.774,0.0,-4.327,5.101,0.563,-14.376,-1.123,-0.0,-0.233,-0.89,-0.192,5.886,4.19,4.139,3.755
13.4348,-0.031,-0.74,11.293,1.55,-6.5,-6.42,0.016,3.239,-10.393,18.92,141.72,-13.96,-0.524,0.432,-0.493,-21.28,13.273,-1.175,-20.687,12.759,21.28,0.77,-0.0,2.474,-1.703,-0.117,-13.273,-1.076,0.0,-0.33,-0.746,-0.175,5.9,4.087,4.139,3.755
13.4348,-0.031,-0.74,11.293,1.55,-6.5,-6.42,0.016,3.239,-10.393,18.92,141.72,-13.96,-0.524,0.432,-0.493,-21.28,13.273,-1.175,-20.687,12.759,21.28,0.77,-0.0,2.474,-1.703,-0.117,-13.273,-1.076,0.0,-0.33,-0.746,-0.175,5.9,4.087,4.139,3.755
13.4972,1.03,0.486,9.567,-0.9,0.01,1.45,-1.549,2.948,-13.951,-66.31,252.35,3.95,-0.633,0.608,-0.489,-11.882,14.384,1.061,-11.194,13.735,17.043,0.623,0.0,4.404,-3.782,-0.325,-13.574,-1.09,0.0,0.518,-1.608,-0.279,0.146,4.103,4.139,3.755
13.4972,1.03,0.486,9.567,-0.9,0.01,1.45,-1.549,2.948,-13.951,-66.31,252.35,3.95,-0.633,0.608,-0.489,-11.882,14.384,1.061,-11.194,13.735,11.882,0.443,0.0,4.404,-3.962,-0.344,-14.384,-1.127,-0.0,1.157,-2.284,-0.36,0.777,4.207,4.139,3.755
13.5529,-3.11,0.661,10.441,0.37,2.12,-1.84,-4.629,2.859,-11.442,16.15,-88.53,5.09,-0.38,0.483,-0.372,-12.079,15.193,1.534,-11.643,14.663,12.079,0.449,0.0,-1.545,1.995,0.251,-15.193,-1.164,0.0,-0.282,-0.882,-0.192,0.722,4.32,4.139,3.755
13.5825,0.601,-0.57,11.217,1.43,-5.12,-5.0,0.253,2.448,-8.434,48.41,-91.7,5.71,-0.334,0.45,-0.493,-13.412,14.493,0.695,-13.023,13.99,12.079,0.449,0.0,-1.545,1.995,0.251,-15.193,-1.164,0.0,-0.282,-0.882,-0.192,0.722,4.32,4.139,3.755
13.6086,0.211,0.429,10.329,0.27,0.02,-0.9,-4.779,2.12,-10.092,8.71,-155.57,0.49,-0.436,0.53,-0.506,-16.152,14.168,0.083,-15.656,13.574,16.152,0.592,0.0,-2.715,3.307,0.383,-14.168,-1.121,0.0,-0.152,-0.969,-0.203,0.232,4.187,4.139,3.755
13.6387,1.214,0.271,10.276,-1.15,3.28,1.25,-5.466,2.139,-8.973,15.74,-247.92,7.44,-0.642,0.575,-0.476,-21.462,14.435,-1.305,-20.754,13.76,21.462,0.777,0.0,-4.327,5.104,0.564,-14.435,-1.134,-0.0,-0.275,-0.859,-0.19,5.892,4.21,4.139,3.755
13.6387,1.214,0.271,10.276,-1.15,3.28,1.25,-5.466,2.139,-8.973,15.74,-247.92,7.44,-0.642,0.575,-0.476,-21.462,14.435,-1.305,-20.754,13.76,21.462,0.777,0.0,-4.327,5.104,0.564,-14.435,-1.134,-0.0,-0.275,-0.859,-0.19,5.892,4.21,4.139,3.755
13.6998,1.599,-0.962,10.321,2.14,-10.7,-6.65,-0.706,3.572,-9.878,17.74,171.65,-12.91,-0.132,0.499,-0.518,-21.147,13.276,-1.119,-20.945,12.694,24.579,0.886,0.0,-2.473,3.359,0.391,-14.039,-1.118,-0.0,-0.523,-0.595,-0.159,5.436,4.16,4.139,3.755
13.6998,1.599,-0.962,10.321,2.14,-10.7,-6.65,-0.706,3.572,-9.878,17.74,171.65,-12.91,-0.132,0.499,-0.518,-21.147,13.276,-1.119,-20.945,12.694,21.147,0.766,-0.0,2.996,-2.229,-0.169,-13.276,-1.085,0.0,-0.31,-0.776,-0.18,5.869,4.079,4.139,3.755
13.7545,1.401,0.007,9.797,-0.92,0.26,2.25,-2.861,2.519,-12.762,-73.41,252.35,8.59,-0.502,0.681,-0.512,-11.498,14.476,1.09,-10.939,13.75,11.498,0.43,0.0,4.404,-3.975,-0.345,-14.476,-1.14,-0.0,1.281,-2.421,-0.379,0.808,4.208,4.139,3.755
13.7545,1.401,0.007,9.797,-0.92,0.26,2.25,-2.861,2.519,-12.762,-73.41,252.35,8.59,-0.502,0.681,-0.512,-11.498,14.476,1.09,-10.939,13.75,11.498,0.43,0.0,4.404,-3.975,-0.345,-14.476,-1.14,-0.0,1.281,-2.421,-0.379,0.808,4.208,4.139,3.755
13.8120,-3.754,0.354,11.064,0.2,2.72,-1.91,-3.722,2.982,-11.244,26.47,-88.38,6.22,0.032,0.637,-0.375,-12.415,15.131,1.351,-12.384,14.428,12.415,0.462,0.0,-1.543,2.004,0.253,-15.131,-1.17,0.0,-0.462,-0.708,-0.174,0.631,4.291,4.139,3.755
13.8120,-3.754,0.354,11.064,0.2,2.72,-1.91,-3.722,2.982,-11.244,26.47,-88.38,6.22,0.032,0.637,-0.375,-12.415,15.131,1.351,-12.384,14.428,12.415,0.462,0.0,-1.543,2.004,0.253,-15.131,-1.17,0.0,-0.462,-0.708,-0.174,0.631,4.291,4.139,3.755
13.8754,0.575,0.35,10.319,0.45,-0.8,-0.81,-4.933,2.26,-10.453,8.37,-176.36,1.93,-0.283,0.66,-0.527,-16.703,14.173,-0.111,-16.358,13.44,13.784,0.51,-0.0,-1.461,1.97,0.25,-14.412,-1.14,0.0,-0.839,-0.301,-0.125,0.478,4.211,4.139,3.755
13.8754,0.575,0.35,10.319,0.45,-0.8,-0.81,-4.933,2.26,-10.453,8.37,-176.36,1.93,-0.283,0.66,-0.527,-16.703,14.173,-0.111,-16.358,13.44,16.703,0.612,-0.0,-3.078,3.69,0.423,-14.173,-1.131,0.0,-0.146,-0.985,-0.207,0.146,4.17,4.139,3.755
13.9316,-3.302,-0.139,9.869,-0.79,3.52,1.29,1.353,1.689,-10.409,27.0,-88.71,-17.72,0.125,0.544,-0.424,-24.416,13.902,-2.106,-24.467,13.259,24.416,0.881,0.0,-1.548,2.429,0.299,-13.902,-1.121,-0.0,-0.471,-0.65,-0.167,5.438,4.148,4.139,3.755
13.9615,2.768,-0.297,9.608,1.87,-10.89,-4.01,-0.324,3.548,-8.575,15.56,175.38,-12.95,-0.474,0.484,-0.528,-20.669,13.265,-1.075,-20.129,12.699,20.669,0.75,-0.0,3.061,-2.311,-0.176,-13.265,-1.094,0.0,-0.272,-0.822,-0.188,5.968,4.08,4.139,3.755
13.9615,2.768,-0.297,9.608,1.87,-10.89,-4.01,-0.324,3.548,-8.575,15.56,175.38,-12.95,-0.474,0.484,-0.528,-20.669,13.265,-1.075,-20.129,12.699,20.669,0.75,-0.0,3.061,-2.311,-0.176,-13.265,-1.094,0.0,-0.272,-0.822,-0.188,5.968,4.08,4.139,3.755
14.0198,1.417,0.113,9.728,-0.6,-1.83,1.64,-2.564,2.444,-12.013,-74.06,252.35,8.54,-0.668,0.621,-0.52,-10.854,14.51,1.2,-10.133,13.853,15.847,0.582,0.0,4.404,-3.822,-0.328,-13.496,-1.105,-0.0,0.584,-1.689,-0.292,0.287,4.097,4.139,3.755
14.0198,1.417,0.113,9.728,-0.6,-1.83,1.64,-2.564,2.444,-12.013,-74.06,252.35,8.54,-0.668,0.621,-0.52,-10.854,14.51,1.2,-10.133,13.853,10.854,0.408,-0.0,4.404,-3.997,-0.346,-14.51,-1.15,-0.0,1.293,-2.443,-0.383,0.906,4.221,4.139,3.755
14.0732,-1.482,0.16,10.123,1.05,-2.68,-3.29,-2.008,2.957,-11.477,32.86,-115.6,13.2,-0.505,0.481,-0.427,-12.531,15.072,1.168,-11.971,14.545,12.531,0.466,-0.0,-2.018,2.484,0.302,-15.072,-1.177,0.0,-0.573,-0.603,-0.163,0.682,4.306,4.139,3.755
14.0732,-1.482,0.16,10.123,1.05,-2.68,-3.29,-2.008,2.957,-11.477,32.86,-115.6,13.2,-0.505,0.481,-0.427,-12.531,15.072,1.168,-11.971,14.545,12.531,0.466,-0.0,-2.018,2.484,0.302,-15.072,-1.177,0.0,-0.573,-0.603,-0.163,0.682,4.306,4.139,3.755
14.1322,0.072,-0.122,10.573,-0.07,0.38,1.15,-4.168,2.199,-10.575,1.93,-160.74,-3.22,-0.67,0.525,-0.521,-16.804,14.099,-0.133,-16.074,13.51,16.804,0.616,0.0,-2.805,3.421,0.397,-14.099,-1.136,-0.0,-0.034,-1.103,-0.223,0.181,4.179,4.139,3.755
14.1624,0.886,-0.318,10.3,-1.63,4.15,2.74,-3.371,2.417,-7.822,17.31,-247.92,2.8,-0.852,0.548,-0.482,-21.732,14.351,-1.464,-20.815,13.7,16.804,0.616,0.0,-2.805,3.421,0.397,-14.099,-1.136,-0.0,-0.034,-1.103,-0.223,0.181,4.179,4.139,3.755
14.1903,-2.777,0.311,9.735,-0.24,3.09,2.63,-0.632,2.504,-9.598,4.62,-85.9,0.73,-0.494,0.484,-0.386,-24.641,14.606,-2.327,-24.077,14.006,24.641,0.889,0.0,-1.499,2.389,0.296,-14.606,-1.161,-0.0,-0.081,-1.08,-0.221,5.486,4.24,4.139,3.755
14.2232,0.663,-0.62,10.247,2.11,-8.68,-7.78,-2.283,2.601,-8.114,12.97,124.07,-0.17,-0.434,0.467,-0.526,-22.292,14.202,-1.831,-21.791,13.639,22.292,0.807,-0.0,2.165,-1.358,-0.079,-14.202,-1.144,0.0,-0.226,-0.917,-0.202,5.765,4.195,4.139,3.755
14.2232,0.663,-0.62,10.247,2.11,-8.68,-7.78,-2.283,2.601,-8.114,12.97,124.07,-0.17,-0.434,0.467,-0.526,-22.292,14.202,-1.831,-21.791,13.639,22.292,0.807,-0.0,2.165,-1.358,-0.079,-14.202,-1.144,0.0,-0.226,-0.917,-0.202,5.765,4.195,4.139,3.755
14.2488,0.709,0.891,9.38,0.7,-0.43,-1.63,-3.217,1.854,-8.915,-20.21,231.46,0.63,-0.67,0.614,-0.529,-18.27,14.019,-0.651,-17.538,13.326,18.27,0.667,-0.0,4.04,-3.373,-0.281,-14.019,-1.137,0.0,0.353,-1.49,-0.271,0.002,4.157,4.139,3.755
14.2821,1.544,0.309,9.699,-0.54,0.17,0.95,-1.229,2.359,-11.047,-43.48,252.35,-2.0,-0.858,0.611,-0.524,-13.053,14.384,0.632,-12.141,13.73,13.053,0.485,0.0,4.404,-3.919,-0.337,-14.384,-1.154,-0.0,0.759,-1.913,-0.322,0.661,4.206,4.139,3.755
14.3341,-1.784,0.608,8.976,-0.1,2.11,1.96,-4.671,2.571,-9.853,10.85,-52.78,-1.84,-0.519,0.481,-0.392,-12.947,14.811,1.199,-12.372,14.285,12.947,0.481,0.0,-0.921,1.403,0.195,-14.811,-1.175,-0.0,-0.189,-0.985,-0.211,0.633,4.274,4.139,3.755
14.3639,0.488,-0.867,10.424,1.77,-6.67,-7.13,-0.266,2.727,-9.087,36.47,-77.29,8.03,-0.529,0.449,-0.511,-13.868,14.363,0.529,-13.284,13.863,13.868,0.514,-0.0,-1.349,1.863,0.242,-14.363,-1.156,0.0,-0.637,-0.519,-0.155,0.521,4.222,4.139,3.755
14.3639,0.488,-0.867,10.424,1.77,-6.67,-7.13,-0.266,2.727,-9.087,36.47,-77.29,8.03,-0.529,0.449,-0.511,-13.868,14.363,0.529,-13.284,13.863,13.868,0.514,-0.0,-1.349,1.863,0.242,-14.363,-1.156,0.0,-0.637,-0.519,-0.155,0.521,4.222,4.139,3.755
14.4211,1.508,0.448,10.175,-0.74,2.07,1.64,-6.038,2.07,-9.973,8.69,-247.92,4.76,-1.007,0.634,-0.526,-21.115,14.443,-1.372,-20.047,13.704,21.115,0.767,0.0,-4.327,5.094,0.566,-14.443,-1.161,-0.0,-0.152,-1.01,-0.214,5.978,4.203,4.139,3.755
14.4211,1.508,0.448,10.175,-0.74,2.07,1.64,-6.038,2.07,-9.973,8.69,-247.92,4.76,-1.007,0.634,-0.526,-21.115,14.443,-1.372,-20.047,13.704,21.115,0.767,0.0,-4.327,5.094,0.566,-14.443,-1.161,-0.0,-0.152,-1.01,-0.214,5.978,4.203,4.139,3.755
14.4819,-0.845,-0.46,11.799,1.34,-4.9,-7.39,1.177,3.81,-12.315,26.02,166.4,-22.23,-0.551,0.466,-0.515,-22.368,13.168,-1.452,-21.746,12.61,22.368,0.811,-0.0,2.904,-2.094,-0.152,-13.168,-1.108,0.0,-0.454,-0.654,-0.172,5.419,4.18,4.139,3.755
14.4819,-0.845,-0.46,11.799,1.34,-4.9,-7.39,1.177,3.81,-12.315,26.02,166.4,-22.23,-0.551,0.466,-0.515,-22.368,13.168,-1.452,-21.746,12.61,22.368,0.811,-0.0,2.904,-2.094,-0.152,-13.168,-1.108,0.0,-0.454,-0.654,-0.172,5.771,4.069,4.139,3.755
14.5401,-0.247,0.749,10.472,-1.0,2.04,0.96,-2.26,3.071,-14.155,-73.92,252.35,7.83,-0.76,0.555,-0.527,-12.871,14.143,0.766,-12.056,13.547,17.875,0.654,0.0,4.404,-3.751,-0.318,-13.247,-1.112,0.0,0.339,-1.452,-0.268,0.074,4.073,4.139,3.755
14.5401,-0.247,0.749,10.472,-1.0,2.04,0.96,-2.26,3.071,-14.155,-73.92,252.35,7.83,-0.76,0.555,-0.527,-12.871,14.143,0.766,-12.056,13.547,12.871,0.479,0.0,4.404,-3.925,-0.336,-14.143,-1.152,-0.0,1.29,-2.442,-0.387,0.671,4.184,4.139,3.755
14.5969,-2.674,0.395,9.766,0.05,1.85,-0.46,-5.382,2.588,-11.638,14.51,-74.3,1.23,-0.236,0.498,-0.409,-12.64,15.166,1.316,-12.347,14.614,12.64,0.471,0.0,-1.297,1.768,0.233,-15.166,-1.199,0.0,-0.253,-0.946,-0.208,0.636,4.314,4.139,3.755
14.6278,0.558,-0.709,10.496,1.57,-5.59,-5.49,0.384,2.574,-8.25,54.78,-113.19,5.15,-0.299,0.461,-0.524,-14.31,14.43,0.417,-13.955,13.911,12.64,0.471,0.0,-1.297,1.768,0.233,-15.166,-1.199,0.0,-0.253,-0.946,-0.208,0.636,4.314,4.139,3.755
14.6556,0.275,0.591,10.29,0.34,0.47,-1.1,-6.102,2.125,-10.175,19.79,-205.8,0.24,-0.446,0.556,-0.54,-17.9,14.002,-0.361,-17.391,13.373,17.9,0.655,0.0,-3.592,4.247,0.482,-14.002,-1.15,0.0,-0.345,-0.805,-0.192,0.02,4.162,4.139,3.755
14.6877,1.192,0.345,10.077,-1.11,2.32,1.71,-3.579,1.567,-7.456,17.16,-247.92,9.84,-0.656,0.595,-0.508,-23.067,14.18,-1.77,-22.344,13.472,17.9,0.655,0.0,-3.592,4.247,0.482,-14.002,-1.15,0.0,-0.345,-0.805,-0.192,0.02,4.162,4.139,3.755
14.6877,1.192,0.345,10.077,-1.11,2.32,1.71,-3.579,1.567,-7.456,17.16,-247.92,9.84,-0.656,0.595,-0.508,-23.067,14.18,-1.77,-22.344,13.472,23.067,0.835,0.0,-4.327,5.162,0.575,-14.18,-1.159,-0.0,-0.3,-0.859,-0.198,5.698,4.174,4.139,3.755
14.7439,1.389,-0.11,10.455,1.75,-9.24,0.12,-1.433,3.024,-6.645,4.95,181.6,-7.01,0.225,0.601,-0.457,-24.196,13.725,-2.087,-24.348,13.023,24.196,0.875,0.0,0.136,0.739,0.133,-13.725,-1.14,-0.0,-0.425,-0.715,-0.181,5.453,4.12,4.139,3.755
14.7439,1.389,-0.11,10.455,1.75,-9.24,0.12,-1.433,3.024,-6.645,4.95,181.6,-7.01,0.067,0.567,-0.529,-20.351,13.323,-1.079,-20.351,12.673,20.351,0.741,-0.0,3.17,-2.429,-0.184,-13.323,-1.123,0.0,-0.086,-1.037,-0.22,5.941,4.077,4.139,3.755
14.8026,0.991,-0.249,10.494,-0.54,-1.68,2.19,-2.692,2.035,-10.657,-68.4,252.35,10.99,-0.068,0.704,-0.522,-10.734,14.675,1.195,-10.608,13.913,10.734,0.405,-0.0,4.404,-3.999,-0.343,-14.675,-1.184,-0.0,1.194,-2.378,-0.382,0.848,4.228,4.139,3.755
14.8274,-0.031,-0.065,8.566,-1.29,4.52,4.58,-8.268,0.992,-6.585,-28.09,25.74,-15.98,-0.142,0.579,-0.433,-10.851,15.212,1.731,-10.65,14.579,10.734,0.405,-0.0,4.404,-3.999,-0.343,-14.675,-1.184,-0.0,1.194,-2.378,-0.382,0.848,4.228,4.139,3.755
14.8636,-0.201,0.093,9.627,1.01,-5.2,-4.1,-1.326,3.163,-10.878,38.85,-131.73,17.08,0.069,0.599,-0.468,-13.061,14.915,0.975,-13.069,14.249,10.851,0.409,0.0,0.449,-0.04,0.053,-15.212,-1.209,-0.0,0.49,-1.699,-0.301,0.843,4.31,4.139,3.755
14.8871,1.379,0.273,10.242,0.95,-2.65,-0.74,-2.652,1.921,-8.459,42.07,-120.81,-6.12,-0.362,0.58,-0.536,-15.09,14.155,0.258,-14.669,13.513,15.09,0.557,-0.0,-2.109,2.666,0.324,-14.155,-1.165,0.0,-0.734,-0.431,-0.149,0.352,4.179,4.139,3.755
14.8871,1.379,0.273,10.242,0.95,-2.65,-0.74,-2.652,1.921,-8.459,42.07,-120.81,-6.12,-0.362,0.58,-0.536,-15.09,14.155,0.258,-14.669,13.513,15.09,0.557,-0.0,-2.109,2.666,0.324,-14.155,-1.165,0.0,-0.734,-0.431,-0.149,0.352,4.179,4.139,3.755
14.9456,-1.362,-0.364,10.59,-1.44,8.82,4.08,0.784,2.045,-7.336,34.03,-247.92,-2.07,-0.363,0.594,-0.477,-24.316,14.113,-2.22,-23.884,13.402,24.316,0.879,0.0,-4.327,5.206,0.58,-14.113,-1.165,-0.0,-0.594,-0.571,-0.166,5.51,4.166,4.139,3.755
14.9456,-1.362,-0.364,10.59,-1.44,8.82,4.08,0.784,2.045,-7.336,34.03,-247.92,-2.07,-0.363,0.594,-0.477,-24.316,14.113,-2.22,-23.884,13.402,24.316,0.879,0.0,-4.327,5.206,0.58,-14.113,-1.165,-0.0,-0.594,-0.571,-0.166,5.51,4.166,4.139,3.755
15.0048,1.982,1.032,9.759,0.27,-0.45,0.54,-3.12,1.7,-4.041,-21.63,228.51,-7.54,-0.671,0.571,-0.523,-18.511,13.382,-0.508,-17.778,12.738,18.511,0.677,-0.0,3.988,-3.311,-0.272,-13.382,-1.135,0.0,0.378,-1.512,-0.279,6.256,4.085,4.139,3.755
15.0048,1.982,1.032,9.759,0.27,-0.45,0.54,-3.12,1.7,-4.041,-21.63,228.51,-7.54,-0.671,0.571,-0.523,-18.511,13.382,-0.508,-17.778,12.738,18.511,0.677,-0.0,3.988,-3.311,-0.272,-13.382,-1.135,0.0,0.378,-1.512,-0.279,6.256,4.085,4.139,3.755
15.0625,1.767,-0.989,10.108,0.01,-2.8,-0.15,-5.492,1.575,-6.331,-40.95,197.69,-1.92,-0.95,0.383,-0.504,-9.774,14.774,1.646,-8.781,14.375,9.774,0.372,-0.0,3.45,-3.078,-0.25,-14.774,-1.198,0.0,0.715,-1.912,-0.328,1.072,4.285,4.139,3.755
15.0925,-0.737,0.481,9.857,-0.39,3.43,1.36,-8.186,1.538,-9.949,-9.3,-82.46,0.54,-0.755,0.46,-0.473,-11.278,15.02,1.576,-10.471,14.53,9.774,0.372,-0.0,3.45,-3.078,-0.25,-14.774,-1.198,0.0,0.715,-1.912,-0.328,1.072,4.285,4.139,3.755
15.1203,0.254,-0.247,10.269,0.32,-1.8,-2.13,1.022,2.344,-10.074,37.15,-119.21,5.31,-0.613,0.498,-0.503,-13.295,14.531,0.699,-12.627,13.986,13.295,0.495,-0.0,-2.081,2.576,0.316,-14.531,-1.189,0.0,-0.648,-0.541,-0.164,0.602,4.237,4.139,3.755
15.1515,0.261,-0.261,10.235,-0.19,0.91,1.32,-3.844,2.178,-9.29,31.01,-109.8,-11.44,-0.681,0.437,-0.496,-15.248,13.895,0.321,-14.511,13.408,13.295,0.495,-0.0,-2.081,2.576,0.316,-14.531,-1.189,0.0,-0.648,-0.541,-0.164,0.602,4.237,4.139,3.755
15.1515,0.261,-0.261,10.235,-0.19,0.91,1.32,-3.844,2.178,-9.29,31.01,-109.8,-11.44,-0.681,0.437,-0.496,-15.248,13.895,0.321,-14.511,13.408,15.248,0.563,0.0,-1.916,2.48,0.307,-13.895,-1.162,-0.0,-0.541,-0.621,-0.174,0.372,4.167,4.139,3.755
15.2083,0.108,0.036,9.574,0.04,0.57,-0.2,-2.144,1.671,-7.544,33.39,-247.92,1.89,-0.673,0.403,-0.505,-24.671,13.668,-2.038,-23.923,13.158,24.671,0.892,0.0,-4.327,5.219,0.583,-13.668,-1.154,0.0,-0.583,-0.572,-0.168,5.505,4.136,4.139,3.755
15.2083,0.108,0.036,9.574,0.04,0.57,-0.2,-2.144,1.671,-7.544,33.39,-247.92,1.89,-0.673,0.403,-0.505,-24.671,13.668,-2.038,-23.923,13.158,24.671,0.892,0.0,-4.327,5.219,0.583,-13.668,-1.154,0.0,-0.583,-0.572,-0.168,5.505,4.136,4.139,3.755
15.2689,0.828,0.891,10.084,0.46,-0.83,0.18,-2.745,1.797,-5.177,-17.66,217.47,-5.76,-0.824,0.482,-0.549,-19.539,13.043,-0.728,-18.65,12.487,19.539,0.713,-0.0,3.796,-3.082,-0.248,-13.043,-1.129,0.0,0.308,-1.437,-0.272,6.149,4.054,4.139,3.755
15.2932,-0.754,0.034,10.511,-1.37,5.77,0.72,-1.828,2.875,-13.366,-45.27,252.35,4.21,-0.647,0.52,-0.551,-14.507,13.46,0.442,-13.803,12.891,19.539,0.713,-0.0,3.796,-3.082,-0.248,-13.043,-1.129,0.0,0.308,-1.437,-0.272,6.149,4.054,4.139,3.755
15.3208,1.24,-0.546,9.962,-0.44,-2.27,2.12,-5.58,1.365,-7.369,-50.88,189.14,-1.07,-0.723,0.442,-0.501,-10.656,14.232,1.448,-9.884,13.761,10.656,0.403,-0.0,3.301,-2.898,-0.231,-14.232,-1.183,-0.0,0.888,-2.071,-0.349,0.937,4.21,4.139,3.755
15.3497,-1.288,0.412,9.471,0.14,1.61,-0.11,-7.663,2.018,-9.233,-7.28,-30.02,-4.88,-0.401,0.418,-0.477,-11.613,14.528,1.635,-11.158,14.069,11.613,0.437,0.0,-0.524,0.961,0.155,-14.528,-1.197,0.0,0.127,-1.324,-0.26,0.781,4.247,4.139,3.755
15.3497,-1.288,0.412,9.471,0.14,1.61,-0.11,-7.663,2.018,-9.233,-7.28,-30.02,-4.88,-0.401,0.418,-0.477,-11.613,14.528,1.635,-11.158,14.069,11.613,0.437,0.0,-0.524,0.961,0.155,-14.528,-1.197,0.0,0.127,-1.324,-0.26,0.781,4.247,4.139,3.755
15.4086,0.649,0.405,10.154,0.08,0.52,-0.41,-1.156,1.791,-9.473,20.02,-47.02,-7.9,-0.66,0.548,-0.568,-13.743,13.403,0.555,-13.028,12.81,13.743,0.511,0.0,-0.821,1.332,0.193,-13.403,-1.149,0.0,-0.349,-0.8,-0.197,0.553,4.094,4.139,3.755
15.4086,0.649,0.405,10.154,0.08,0.52,-0.41,-1.156,1.791,-9.473,20.02,-47.02,-7.9,-0.66,0.548,-0.568,-13.743,13.403,0.555,-13.028,12.81,13.743,0.511,0.0,-0.821,1.332,0.193,-13.403,-1.149,0.0,-0.349,-0.8,-0.197,0.553,4.094,4.139,3.755
15.4712,-1.085,-0.615,10.321,-0.79,2.75,2.32,-2.211,2.14,-9.185,4.93,-18.97,-1.69,-0.457,0.464,-0.511,-15.114,13.62,0.135,-14.601,13.1,15.114,0.559,0.0,-0.331,0.89,0.149,-13.62,-1.161,-0.0,-0.086,-1.075,-0.231,0.361,4.129,4.139,3.755
15.4712,-1.085,-0.615,10.321,-0.79,2.75,2.32,-2.211,2.14,-9.185,4.93,-18.97,-1.69,-0.457,0.464,-0.511,-15.114,13.62,0.135,-14.601,13.1,15.114,0.559,0.0,-0.331,0.89,0.149,-13.62,-1.161,-0.0,-0.086,-1.075,-0.231,0.361,4.129,4.139,3.755
15.5253,0.905,0.713,9.895,0.39,-0.65,-1.1,-2.379,2.197,-9.232,8.24,-2.83,0.39,-0.679,0.509,-0.559,-15.412,13.478,-0.046,-14.677,12.913,15.412,0.57,-0.0,-0.049,0.619,0.122,-13.478,-1.157,0.0,-0.144,-1.013,-0.224,0.351,4.106,4.139,3.755
15.5528,0.148,0.314,10.252,-0.58,1.01,0.41,-1.64,1.775,-9.291,-1.12,-4.6,-1.99,-0.647,0.509,-0.552,-15.321,13.35,-0.101,-14.619,12.786,15.412,0.57,-0.0,-0.049,0.619,0.122,-13.478,-1.157,0.0,-0.144,-1.013,-0.224,0.351,4.106,4.139,3.755
15.5862,0.151,-0.103,9.663,-0.65,0.75,2.71,-2.456,2.199,-9.242,-3.07,15.59,-6.9,-0.698,0.459,-0.517,-15.127,13.346,0.037,-14.375,12.835,15.321,0.567,0.0,-0.08,0.647,0.125,-13.35,-1.152,-0.0,0.02,-1.171,-0.243,0.358,4.091,4.139,3.755
15.6139,0.124,0.002,10.029,0.15,-0.98,-0.8,-2.461,2.495,-8.91,5.66,20.69,1.58,-0.71,0.443,-0.522,-14.707,13.341,0.093,-13.943,12.847,15.127,0.56,0.0,0.272,0.288,0.089,-13.346,-1.153,-0.0,0.054,-1.206,-0.247,0.388,4.097,4.139,3.755
15.6399,0.412,0.366,10.106,0.16,-0.71,-0.46,-2.784,2.029,-9.226,-7.29,-2.44,2.58,-0.752,0.468,-0.541,-14.596,13.418,0.029,-13.792,12.898,14.596,0.541,-0.0,-0.043,0.584,0.119,-13.418,-1.158,0.0,0.127,-1.285,-0.257,0.459,4.104,4.139,3.755
15.6729,-0.038,0.093,10.151,-0.31,1.31,0.51,-1.791,1.885,-9.376,-8.09,-21.18,-0.75,-0.751,0.473,-0.531,-14.874,13.547,-0.097,-14.071,13.02,14.596,0.541,-0.0,-0.043,0.584,0.119,-13.418,-1.158,0.0,0.127,-1.285,-0.257,0.459,4.104,4.139,3.755
15.6729,-0.038,0.093,10.151,-0.31,1.31,0.51,-1.791,1.885,-9.376,-8.09,-21.18,-0.75,-0.751,0.473,-0.531,-14.874,13.547,-0.097,-14.071,13.02,14.874,0.551,0.0,-0.37,0.921,0.153,-13.547,-1.164,-0.0,0.141,-1.305,-0.26,0.425,4.119,4.139,3.755
15.6999,-0.148,-0.002,9.998,-0.28,0.46,0.96,-2.456,2.128,-9.374,10.57,-3.36,-2.65,-0.698,0.453,-0.511,-14.995,13.374,-0.081,-14.245,12.868,14.995,0.556,0.0,-0.059,0.614,0.123,-13.374,-1.158,-0.0,-0.184,-0.973,-0.22,0.404,4.101,4.139,3.755
15.7303,0.192,0.136,10.084,0.16,-0.81,-0.75,-2.423,2.35,-8.879,6.48,11.94,-1.17,-0.675,0.46,-0.52,-14.782,13.22,-0.033,-14.055,12.708,14.782,0.548,-0.0,0.208,0.34,0.095,-13.22,-1.152,0.0,-0.113,-1.039,-0.228,0.427,4.081,4.139,3.755
15.7857,-0.072,-0.074,10.048,0.02,0.13,0.27,-2.259,1.902,-9.278,-5.38,-0.54,1.23,-0.665,0.436,-0.517,-14.732,13.497,-0.165,-14.015,13.007,14.732,0.546,0.0,-0.009,0.556,0.117,-13.497,-1.166,0.0,0.094,-1.26,-0.255,0.432,4.118,4.139,3.755
15.7857,-0.072,-0.074,10.048,0.02,0.13,0.27,-2.259,1.902,-9.278,-5.38,-0.54,1.23,-0.665,0.436,-0.517,-14.732,13.497,-0.165,-14.015,13.007,14.732,0.546,0.0,-0.009,0.556,0.117,-13.497,-1.166,0.0,0.094,-1.26,-0.255,0.432,4.118,4.139,3.755
15.8472,0.184,0.105,10.063,-0.0,0.12,0.19,-2.376,2.187,-9.061,1.69,-3.3,-0.71,-0.699,0.449,-0.524,-14.642,13.3,-0.149,-13.892,12.798,14.628,0.543,-0.0,0.073,0.47,0.109,-13.364,-1.161,0.0,-0.114,-1.047,-0.23,0.448,4.101,4.139,3.755
15.8472,0.184,0.105,10.063,-0.0,0.12,0.19,-2.376,2.187,-9.061,1.69,-3.3,-0.71,-0.699,0.449,-0.524,-14.642,13.3,-0.149,-13.892,12.798,14.642,0.543,0.0,-0.058,0.601,0.122,-13.3,-1.159,-0.0,-0.03,-1.13,-0.24,0.447,4.092,4.139,3.755
15.9019,0.132,0.06,10.075,-0.04,-0.28,-0.28,-2.424,2.049,-9.1,0.67,5.21,1.19,-0.684,0.435,-0.528,-14.527,13.356,-0.2,-13.793,12.868,14.527,0.54,-0.0,0.091,0.449,0.107,-13.356,-1.163,-0.0,-0.012,-1.152,-0.243,0.459,4.101,4.139,3.755
15.9300,0.16,0.089,10.008,-0.13,0.14,0.21,-2.399,2.064,-9.227,-1.52,-1.54,-0.16,-0.69,0.436,-0.526,-14.513,13.349,-0.207,-13.773,12.859,14.527,0.54,-0.0,0.091,0.449,0.107,-13.356,-1.163,-0.0,-0.012,-1.152,-0.243,0.459,4.101,4.139,3.755
15.9639,0.089,0.065,10.032,-0.03,-0.02,0.19,-2.273,2.191,-9.233,1.71,-0.24,-1.09,-0.673,0.432,-0.521,-14.481,13.329,-0.207,-13.758,12.844,14.481,0.538,-0.0,-0.004,0.542,0.116,-13.329,-1.164,-0.0,-0.03,-1.134,-0.242,0.464,4.098,4.139,3.755
15.9922,0.115,0.093,10.048,0.01,-0.18,-0.24,-2.404,2.155,-9.086,0.84,0.05,0.81,-0.668,0.435,-0.525,-14.46,13.303,-0.23,-13.742,12.814,14.481,0.538,-0.0,-0.004,0.542,0.116,-13.329,-1.164,-0.0,-0.03,-1.134,-0.242,0.464,4.098,4.139,3.755
16.0178,0.098,0.091,10.12,0.01,0.27,0.19,-2.319,2.063,-9.212,-2.93,-0.64,0.57,-0.68,0.442,-0.524,-14.444,13.339,-0.256,-13.714,12.843,14.444,0.537,0.0,-0.011,0.548,0.117,-13.339,-1.166,0.0,0.051,-1.218,-0.252,0.469,4.098,4.139,3.755
16.0503,0.029,0.043,10.015,-0.05,0.14,0.06,-2.292,2.096,-9.263,0.59,1.74,-0.51,-0.662,0.439,-0.521,-14.388,13.323,-0.252,-13.677,12.83,14.444,0.537,0.0,-0.011,0.548,0.117,-13.339,-1.166,0.0,0.051,-1.218,-0.252,0.469,4.098,4.139,3.755
16.0503,0.029,0.043,10.015,-0.05,0.14,0.06,-2.292,2.096,-9.263,0.59,1.74,-0.51,-0.662,0.439,-0.521,-14.388,13.323,-0.252,-13.677,12.83,14.388,0.535,0.0,0.03,0.505,0.113,-13.323,-1.167,-0.0,-0.01,-1.156,-0.245,0.473,4.096,4.139,3.755
16.1052,0.103,0.079,10.116,-0.02,-0.04,-0.1,-2.266,2.143,-9.155,-1.29,-3.6,0.66,-0.657,0.441,-0.524,-14.383,13.308,-0.288,-13.677,12.813,14.383,0.535,-0.0,-0.063,0.598,0.122,-13.308,-1.168,-0.0,0.022,-1.19,-0.25,0.473,4.094,4.139,3.755
16.1381,0.072,0.079,10.099,0.04,-0.08,-0.16,-2.243,2.067,-9.227,-0.42,0.8,0.06,-0.653,0.441,-0.525,-14.348,13.307,-0.304,-13.646,12.811,14.383,0.535,-0.0,-0.063,0.598,0.122,-13.308,-1.168,-0.0,0.022,-1.19,-0.25,0.473,4.094,4.139,3.755
16.1634,0.091,0.086,10.08,-0.08,0.09,0.08,-2.389,2.134,-9.136,0.66,2.63,-0.53,-0.648,0.44,-0.524,-14.284,13.277,-0.292,-13.588,12.783,14.284,0.532,0.0,0.046,0.486,0.111,-13.277,-1.168,-0.0,-0.012,-1.157,-0.246,0.484,4.09,4.139,3.755
16.1634,0.091,0.086,10.08,-0.08,0.09,0.08,-2.389,2.134,-9.136,0.66,2.63,-0.53,-0.648,0.44,-0.524,-14.284,13.277,-0.292,-13.588,12.783,14.284,0.532,0.0,0.046,0.486,0.111,-13.277,-1.168,-0.0,-0.012,-1.157,-0.246,0.484,4.09,4.139,3.755
16.1939,0.115,0.029,10.017,-0.05,0.08,0.1,-2.371,2.151,-9.169,-0.2,-1.15,0.18,-0.637,0.437,-0.522,-14.284,13.281,-0.309,-13.599,12.79,14.284,0.532,0.0,-0.02,0.552,0.118,-13.281,-1.169,-0.0,0.004,-1.173,-0.248,0.483,4.091,4.139,3.755
16.2535,0.187,0.077,10.032,0.02,-0.11,-0.1,-2.312,2.109,-9.16,0.1,0.94,0.03,-0.644,0.434,-0.523,-14.272,13.275,-0.339,-13.58,12.787,14.272,0.531,-0.0,0.016,0.515,0.115,-13.275,-1.171,0.0,-0.002,-1.169,-0.248,0.485,4.091,4.139,3.755
16.2535,0.187,0.077,10.032,0.02,-0.11,-0.1,-2.312,2.109,-9.16,0.1,0.94,0.03,-0.644,0.434,-0.523,-14.272,13.275,-0.339,-13.58,12.787,14.272,0.531,-0.0,0.016,0.515,0.115,-13.275,-1.171,0.0,-0.002,-1.169,-0.248,0.485,4.091,4.139,3.755
16.3078,0.05,0.067,10.132,-0.02,0.14,0.06,-2.309,2.145,-9.106,-0.95,-0.8,0.43,-0.628,0.431,-0.524,-14.253,13.302,-0.364,-13.576,12.816,14.253,0.531,0.0,-0.014,0.545,0.118,-13.302,-1.174,-0.0,0.017,-1.191,-0.251,0.486,4.094,4.139,3.755
16.3078,0.05,0.067,10.132,-0.02,0.14,0.06,-2.309,2.145,-9.106,-0.95,-0.8,0.43,-0.628,0.431,-0.524,-14.253,13.302,-0.364,-13.576,12.816,14.253,0.531,0.0,-0.014,0.545,0.118,-13.302,-1.174,-0.0,0.017,-1.191,-0.251,0.486,4.094,4.139,3.755
16.3700,0.067,0.081,10.084,0.04,0.01,0.04,-2.379,2.149,-9.099,-1.29,-0.03,-0.11,-0.615,0.433,-0.523,-14.258,13.316,-0.382,-13.595,12.828,14.258,0.531,0.0,-0.033,0.564,0.12,-13.316,-1.176,-0.0,0.016,-1.191,-0.252,0.483,4.096,4.139,3.755
16.3700,0.067,0.081,10.084,0.04,0.01,0.04,-2.379,2.149,-9.099,-1.29,-0.03,-0.11,-0.624,0.434,-0.522,-14.26,13.333,-0.393,-13.587,12.844,14.26,0.531,0.0,-0.001,0.532,0.117,-13.333,-1.177,0.0,0.022,-1.2,-0.253,0.484,4.098,4.139,3.755
16.4260,0.086,0.096,10.116,-0.09,-0.07,-0.0,-2.403,2.138,-9.13,-3.79,-8.33,1.26,-0.613,0.42,-0.526,-14.424,13.466,-0.493,-13.763,12.988,14.424,0.537,-0.0,-0.145,0.682,0.132,-13.466,-1.185,-0.0,0.066,-1.251,-0.259,0.463,4.115,4.139,3.755
16.4260,0.086,0.096,10.116,-0.09,-0.07,-0.0,-2.403,2.138,-9.13,-3.79,-8.33,1.26,-0.613,0.42,-0.526,-14.424,13.466,-0.493,-13.763,12.988,14.424,0.537,-0.0,-0.145,0.682,0.132,-13.466,-1.185,-0.0,0.066,-1.251,-0.259,0.463,4.115,4.139,3.755
16.4815,0.062,-0.041,10.245,-0.11,0.18,0.05,-3.108,2.179,-9.085,0.52,-39.24,1.14,-0.607,0.407,-0.523,-15.427,13.641,-0.752,-14.77,13.172,15.427,0.572,0.0,-0.685,1.257,0.19,-13.641,-1.194,-0.0,-0.009,-1.185,-0.252,0.34,4.138,4.139,3.755
16.4815,0.062,-0.041,10.245,-0.11,0.18,0.05,-3.108,2.179,-9.085,0.52,-39.24,1.14,-0.607,0.407,-0.523,-15.427,13.641,-0.752,-14.77,13.172,15.427,0.572,0.0,-0.685,1.257,0.19,-13.641,-1.194,-0.0,-0.009,-1.185,-0.252,0.34,4.138,4.139,3.755
16.5393,-0.204,-0.189,10.803,-0.08,0.88,0.33,-6.082,1.896,-9.128,24.08,-247.92,0.3,-0.774,0.365,-0.519,-22.33,13.547,-2.276,-21.491,13.082,22.33,0.813,0.0,-4.327,5.14,0.58,-13.547,-1.192,-0.0,-0.42,-0.772,-0.203,5.802,4.127,4.139,3.755
16.5688,-0.632,0.615,9.56,0.14,0.16,-0.47,0.35,2.081,-8.613,29.4,-97.03,-7.75,-0.63,0.402,-0.519,-25.14,13.186,-2.965,-24.439,12.668,25.14,0.911,0.0,-1.694,2.605,0.327,-13.186,-1.177,0.0,-0.513,-0.664,-0.19,5.442,4.076,4.139,3.755
16.5688,-0.632,0.615,9.56,0.14,0.16,-0.47,0.35,2.081,-8.613,29.4,-97.03,-7.75,-0.63,0.402,-0.519,-25.14,13.186,-2.965,-24.439,12.668,25.14,0.911,0.0,-1.694,2.605,0.327,-13.186,-1.177,0.0,-0.513,-0.664,-0.19,5.442,4.076,4.139,3.755
16.6306,0.232,0.093,10.154,-0.88,4.78,0.66,-3.773,1.956,-7.168,-38.13,252.35,1.13,-0.937,0.42,-0.532,-18.097,13.16,-1.231,-17.106,12.665,22.316,0.813,-0.0,2.207,-1.394,-0.073,-12.76,-1.16,0.0,-0.0,-1.159,-0.25,5.807,4.033,4.139,3.755
16.6306,0.232,0.093,10.154,-0.88,4.78,0.66,-3.773,1.956,-7.168,-38.13,252.35,1.13,-0.937,0.42,-0.532,-18.097,13.16,-1.231,-17.106,12.665,18.097,0.666,0.0,4.404,-3.739,-0.308,-13.16,-1.178,-0.0,0.665,-1.843,-0.332,0.055,4.076,4.139,3.755
16.6863,1.185,-0.227,10.075,-0.26,-0.57,0.58,-7.791,1.573,-6.797,-28.63,90.45,-5.44,-0.842,0.338,-0.521,-10.572,14.354,0.739,-9.689,13.982,10.572,0.403,-0.0,1.579,-1.176,-0.053,-14.354,-1.232,-0.0,0.5,-1.732,-0.319,0.961,4.237,4.139,3.755
16.6863,1.185,-0.227,10.075,-0.26,-0.57,0.58,-7.791,1.573,-6.797,-28.63,90.45,-5.44,-0.842,0.338,-0.521,-10.572,14.354,0.739,-9.689,13.982,10.572,0.403,-0.0,1.579,-1.176,-0.053,-14.354,-1.232,-0.0,0.5,-1.732,-0.319,0.961,4.237,4.139,3.755
16.7454,0.833,-0.529,10.465,0.75,-2.96,-2.12,1.498,2.516,-9.36,39.2,-95.28,-1.16,-0.701,0.489,-0.546,-13.881,13.795,-0.25,-13.132,13.251,13.881,0.519,-0.0,-1.663,2.182,0.283,-13.795,-1.21,0.0,-0.684,-0.525,-0.175,0.54,4.147,4.139,3.755
16.7454,0.833,-0.529,10.465,0.75,-2.96,-2.12,1.498,2.516,-9.36,39.2,-95.28,-1.16,-0.701,0.489,-0.546,-13.881,13.795,-0.25,-13.132,13.251,13.881,0.519,-0.0,-1.663,2.182,0.283,-13.795,-1.21,0.0,-0.684,-0.525,-0.175,0.54,4.147,4.139,3.755
16.8009,0.225,0.108,10.288,-0.44,1.57,1.35,-4.281,2.422,-8.823,-0.97,-173.57,3.63,-0.737,0.524,-0.524,-18.451,13.617,-1.228,-17.658,13.011,18.451,0.678,0.0,-3.029,3.707,0.437,-13.617,-1.204,-0.0,0.017,-1.221,-0.259,6.27,4.118,4.139,3.755
16.8009,0.225,0.108,10.288,-0.44,1.57,1.35,-4.281,2.422,-8.823,-0.97,-173.57,3.63,-0.737,0.524,-0.524,-18.451,13.617,-1.228,-17.658,13.011,18.451,0.678,0.0,-3.029,3.707,0.437,-13.617,-1.204,-0.0,0.017,-1.221,-0.259,6.27,4.118,4.139,3.755
16.8598,-0.9,0.575,9.673,0.87,-2.12,-3.62,1.717,2.109,-9.406,33.37,3.28,-8.86,-0.499,0.439,-0.535,-25.129,13.05,-2.858,-24.56,12.498,25.129,0.911,-0.0,0.057,0.854,0.153,-13.05,-1.181,0.0,-0.582,-0.598,-0.185,5.427,4.055,4.139,3.755
16.8878,1.867,0.115,10.195,1.23,-5.58,1.48,-0.187,2.626,-8.71,-2.92,157.08,-4.85,-0.499,0.439,-0.535,-25.129,13.05,-2.858,-24.56,12.498,25.129,0.911,-0.0,0.057,0.854,0.153,-13.05,-1.181,0.0,-0.582,-0.598,-0.185,5.427,4.055,4.139,3.755
16.9209,0.124,0.848,10.185,-1.23,4.91,-1.62,-3.858,2.093,-8.458,-50.14,252.35,4.2,-1.023,0.624,-0.562,-16.747,13.177,-0.79,-15.671,12.481,21.287,0.777,-0.0,2.742,-1.964,-0.129,-12.642,-1.164,0.0,0.051,-1.215,-0.259,5.959,4.002,4.139,3.755
16.9458,0.443,-0.239,9.685,-0.81,-0.01,4.14,-2.729,2.538,-11.898,-61.62,252.35,5.83,-0.927,0.555,-0.499,-11.758,14.081,0.311,-10.786,13.483,11.758,0.445,-0.0,4.404,-3.959,-0.33,-14.081,-1.229,-0.0,1.076,-2.304,-0.39,0.827,4.176,4.139,3.755
16.9458,0.443,-0.239,9.685,-0.81,-0.01,4.14,-2.729,2.538,-11.898,-61.62,252.35,5.83,-0.927,0.555,-0.499,-11.758,14.081,0.311,-10.786,13.483,11.758,0.445,-0.0,4.404,-3.959,-0.33,-14.081,-1.229,-0.0,1.076,-2.304,-0.39,0.827,4.176,4.139,3.755
17.0083,-1.748,0.359,11.056,0.79,-0.48,-4.16,-1.768,2.787,-11.206,29.51,-112.33,14.86,-0.489,0.551,-0.505,-13.266,14.254,0.255,-12.726,13.649,13.266,0.498,-0.0,-1.961,2.458,0.312,-14.254,-1.238,0.0,-0.515,-0.723,-0.201,0.59,4.196,4.139,3.755
17.0083,-1.748,0.359,11.056,0.79,-0.48,-4.16,-1.768,2.787,-11.206,29.51,-112.33,14.86,-0.489,0.551,-0.505,-13.266,14.254,0.255,-12.726,13.649,13.266,0.498,-0.0,-1.961,2.458,0.312,-14.254,-1.238,0.0,-0.515,-0.723,-0.201,0.59,4.196,4.139,3.755
17.0634,-0.333,0.17,10.331,-0.63,2.14,1.46,-4.687,2.41,-10.102,2.84,-159.48,-6.97,-0.795,0.572,-0.528,-17.456,13.477,-0.829,-16.606,12.83,17.456,0.644,0.0,-2.783,3.427,0.41,-13.477,-1.206,-0.0,-0.05,-1.157,-0.253,0.116,4.096,4.139,3.755
17.0634,-0.333,0.17,10.331,-0.63,2.14,1.46,-4.687,2.41,-10.102,2.84,-159.48,-6.97,-0.795,0.572,-0.528,-17.456,13.477,-0.829,-16.606,12.83,17.456,0.644,0.0,-2.783,3.427,0.41,-13.477,-1.206,-0.0,-0.05,-1.157,-0.253,0.116,4.096,4.139,3.755
17.1228,-1.032,0.603,9.318,0.59,-1.88,-2.07,0.977,1.915,-9.783,33.75,-83.18,-7.56,-0.433,0.474,-0.484,-25.341,13.137,-2.762,-24.837,12.549,25.341,0.919,-0.0,-1.452,2.371,0.306,-13.137,-1.193,0.0,-0.589,-0.604,-0.187,5.393,4.062,4.139,3.755
17.1228,-1.032,0.603,9.318,0.59,-1.88,-2.07,0.977,1.915,-9.783,33.75,-83.18,-7.56,-0.433,0.474,-0.484,-25.341,13.137,-2.762,-24.837,12.549,25.341,0.919,-0.0,-1.452,2.371,0.306,-13.137,-1.193,0.0,-0.589,-0.604,-0.187,5.393,4.062,4.139,3.755
17.1782,0.558,0.534,9.907,-0.51,3.04,-1.81,-3.954,1.822,-7.02,-40.81,252.35,4.57,-0.732,0.617,-0.555,-17.854,12.972,-0.913,-17.066,12.279,17.854,0.658,0.0,4.404,-3.746,-0.307,-12.972,-1.188,-0.0,0.712,-1.9,-0.343,0.059,4.029,4.139,3.755
17.2085,0.63,0.002,10.25,-1.44,2.55,1.64,-1.612,2.957,-13.465,-63.16,252.35,11.8,-0.621,0.626,-0.551,-12.604,13.874,0.114,-11.934,13.196,12.604,0.475,0.0,4.404,-3.929,-0.326,-13.874,-1.228,-0.0,1.102,-2.33,-0.396,0.686,4.141,4.139,3.755
17.2085,0.63,0.002,10.25,-1.44,2.55,1.64,-1.612,2.957,-13.465,-63.16,252.35,11.8,-0.621,0.626,-0.551,-12.604,13.874,0.114,-11.934,13.196,12.604,0.475,0.0,4.404,-3.929,-0.326,-13.874,-1.228,-0.0,1.102,-2.33,-0.396,0.686,4.141,4.139,3.755
17.2669,-1.417,0.632,9.737,1.03,-2.09,-3.33,-3.862,3.152,-11.168,25.56,-65.31,8.78,-0.076,0.575,-0.458,-12.405,14.37,0.75,-12.274,13.736,12.405,0.468,-0.0,-1.14,1.608,0.228,-14.37,-1.252,0.0,-0.446,-0.806,-0.213,0.645,4.207,4.139,3.755
17.2669,-1.417,0.632,9.737,1.03,-2.09,-3.33,-3.862,3.152,-11.168,25.56,-65.31,8.78,-0.076,0.575,-0.458,-12.405,14.37,0.75,-12.274,13.736,12.405,0.468,-0.0,-1.14,1.608,0.228,-14.37,-1.252,0.0,-0.446,-0.806,-0.213,0.645,4.207,4.139,3.755
17.3237,0.503,0.211,10.154,0.11,0.42,-0.42,-3.039,2.048,-9.835,-2.67,-99.38,-3.53,-0.573,0.662,-0.571,-15.163,13.368,-0.335,-14.536,12.642,15.163,0.564,0.0,-1.735,2.299,0.298,-13.368,-1.21,0.0,0.047,-1.257,-0.268,0.369,4.073,4.139,3.755
17.3237,0.503,0.211,10.154,0.11,0.42,-0.42,-3.039,2.048,-9.835,-2.67,-99.38,-3.53,-0.573,0.662,-0.571,-15.163,13.368,-0.335,-14.536,12.642,15.163,0.564,0.0,-1.735,2.299,0.298,-13.368,-1.21,0.0,0.047,-1.257,-0.268,0.369,4.073,4.139,3.755
17.3822,-0.522,0.005,9.218,-0.7,0.65,2.45,-4.474,1.389,-8.593,38.58,-247.92,-2.53,-0.6,0.492,-0.445,-24.017,13.49,-2.417,-23.35,12.884,24.017,0.874,0.0,-4.327,5.201,0.59,-13.49,-1.217,-0.0,-0.673,-0.544,-0.182,5.575,4.103,4.139,3.755
17.3822,-0.522,0.005,9.218,-0.7,0.65,2.45,-4.474,1.389,-8.593,38.58,-247.92,-2.53,-0.6,0.492,-0.445,-24.017,13.49,-2.417,-23.35,12.884,24.017,0.874,0.0,-4.327,5.201,0.59,-13.49,-1.217,-0.0,-0.673,-0.544,-0.182,5.575,4.103,4.139,3.755
17.4436,0.862,0.175,10.592,1.71,-5.28,2.82,-0.326,2.523,-7.67,-1.94,172.82,-4.43,-0.642,0.531,-0.538,-20.222,12.311,-1.412,-19.519,11.695,20.222,0.741,-0.0,3.016,-2.275,-0.158,-12.311,-1.168,0.0,0.034,-1.201,-0.262,6.043,3.957,4.139,3.755
17.4680,0.043,0.802,10.192,-0.71,3.74,-0.93,-3.518,2.053,-9.284,-61.6,252.35,9.24,-0.628,0.678,-0.562,-15.396,13.003,-0.354,-14.714,12.262,15.396,0.573,0.0,4.404,-3.831,-0.314,-13.003,-1.199,-0.0,1.075,-2.274,-0.391,0.347,4.027,4.139,3.755
17.4680,0.043,0.802,10.192,-0.71,3.74,-0.93,-3.518,2.053,-9.284,-61.6,252.35,9.24,-0.628,0.678,-0.562,-15.396,13.003,-0.354,-14.714,12.262,15.396,0.573,0.0,4.404,-3.831,-0.314,-13.003,-1.199,-0.0,1.075,-2.274,-0.391,0.347,4.027,4.139,3.755
17.5278,-1.353,0.053,8.662,-1.53,7.15,5.87,-8.588,0.006,-6.537,-18.29,16.67,-19.28,-0.367,0.559,-0.441,-11.258,14.507,1.023,-10.839,13.9,11.258,0.429,0.0,0.291,0.138,0.082,-14.507,-1.266,-0.0,0.319,-1.586,-0.309,0.82,4.227,4.139,3.755
17.5278,-1.353,0.053,8.662,-1.53,7.15,5.87,-8.588,0.006,-6.537,-18.29,16.67,-19.28,-0.367,0.559,-0.441,-11.258,14.507,1.023,-10.839,13.9,11.258,0.429,0.0,0.291,0.138,0.082,-14.507,-1.266,-0.0,0.319,-1.586,-0.309,0.82,4.227,4.139,3.755
17.5847,0.833,0.658,10.398,1.36,-2.88,-0.74,-1.413,2.41,-8.59,46.19,-31.93,-6.15,-0.168,0.573,-0.582,-12.675,13.055,0.309,-12.454,12.428,12.675,0.478,-0.0,-0.557,1.035,0.172,-13.055,-1.205,0.0,-0.806,-0.399,-0.167,0.623,4.047,4.139,3.755
17.5847,0.833,0.658,10.398,1.36,-2.88,-0.74,-1.413,2.41,-8.59,46.19,-31.93,-6.15,-0.168,0.573,-0.582,-12.675,13.055,0.309,-12.454,12.428,12.675,0.478,-0.0,-0.557,1.035,0.172,-13.055,-1.205,0.0,-0.806,-0.399,-0.167,0.623,4.047,4.139,3.755
17.6440,1.31,-0.098,10.683,-1.61,4.51,-1.44,-1.466,2.312,-8.967,-10.57,-72.65,5.8,-0.437,0.67,-0.584,-15.059,13.718,-0.511,-14.569,12.981,13.927,0.522,-0.0,-1.304,1.825,0.251,-13.183,-1.211,0.0,0.335,-1.546,-0.305,0.478,4.051,4.139,3.755
17.6440,1.31,-0.098,10.683,-1.61,4.51,-1.44,-1.466,2.312,-8.967,-10.57,-72.65,5.8,-0.437,0.67,-0.584,-15.059,13.718,-0.511,-14.569,12.981,15.059,0.561,0.0,-1.268,1.829,0.252,-13.718,-1.236,-0.0,0.184,-1.42,-0.29,0.364,4.114,4.139,3.755
17.7052,0.611,-0.108,9.981,0.45,-1.95,-1.23,-4.731,2.454,-7.77,40.91,-247.92,-8.55,-0.437,0.445,-0.533,-22.973,13.261,-2.057,-22.468,12.721,22.973,0.838,-0.0,-4.327,5.165,0.587,-13.261,-1.218,0.0,-0.714,-0.503,-0.18,5.683,4.083,4.139,3.755
17.7292,-1.053,0.455,9.934,0.62,-0.5,-2.45,0.922,2.233,-10.449,47.22,-71.18,-8.87,-0.266,0.456,-0.571,-25.369,12.499,-2.586,-25.028,11.941,25.369,0.922,-0.0,-1.242,2.164,0.288,-12.499,-1.185,0.0,-0.824,-0.361,-0.163,5.37,3.987,4.139,3.755
17.7292,-1.053,0.455,9.934,0.62,-0.5,-2.45,0.922,2.233,-10.449,47.22,-71.18,-8.87,-0.266,0.456,-0.571,-25.369,12.499,-2.586,-25.028,11.941,25.369,0.922,-0.0,-1.242,2.164,0.288,-12.499,-1.185,0.0,-0.824,-0.361,-0.163,5.37,3.987,4.139,3.755
17.7922,-0.029,0.907,10.317,-0.93,4.37,-1.88,-2.789,2.587,-8.657,-58.0,252.35,6.08,-0.65,0.514,-0.59,-22.132,12.118,-1.849,-21.417,11.509,22.132,0.809,-0.0,2.535,-1.727,-0.101,-12.118,-1.169,0.0,0.153,-1.322,-0.279,5.811,3.935,4.139,3.755
17.7922,-0.029,0.907,10.317,-0.93,4.37,-1.88,-2.789,2.587,-8.657,-58.0,252.35,6.08,-0.691,0.613,-0.586,-17.436,12.93,-0.825,-16.688,12.244,17.436,0.645,0.0,4.404,-3.76,-0.305,-12.93,-1.206,-0.0,1.012,-2.218,-0.387,0.106,4.024,4.139,3.755
17.8480,-0.278,0.113,9.821,-0.58,2.23,2.85,-7.691,0.68,-6.428,-32.62,42.47,-12.78,-0.401,0.5,-0.502,-11.507,14.45,0.82,-11.056,13.903,11.507,0.438,0.0,0.741,-0.303,0.039,-14.45,-1.274,-0.0,0.569,-1.843,-0.343,0.794,4.227,4.139,3.755
17.8480,-0.278,0.113,9.821,-0.58,2.23,2.85,-7.691,0.68,-6.428,-32.62,42.47,-12.78,-0.401,0.5,-0.502,-11.507,14.45,0.82,-11.056,13.903,11.507,0.438,0.0,0.741,-0.303,0.039,-14.45,-1.274,-0.0,0.569,-1.843,-0.343,0.794,4.227,4.139,3.755
17.9034,1.441,0.012,9.922,0.42,-2.88,0.18,0.371,1.744,-8.508,43.03,-78.41,-1.33,-0.452,0.572,-0.573,-14.189,13.349,-0.196,-13.685,12.72,14.189,0.532,-0.0,-1.369,1.9,0.26,-13.349,-1.228,0.0,-0.751,-0.477,-0.179,0.472,4.083,4.139,3.755
17.9034,1.441,0.012,9.922,0.42,-2.88,0.18,0.371,1.744,-8.508,43.03,-78.41,-1.33,-0.452,0.572,-0.573,-14.189,13.349,-0.196,-13.685,12.72,14.189,0.532,-0.0,-1.369,1.9,0.26,-13.349,-1.228,0.0,-0.751,-0.477,-0.179,0.472,4.083,4.139,3.755
17.9622,0.51,-0.4,10.003,-0.75,2.06,3.16,-4.689,2.631,-8.753,10.71,-194.23,3.22,-0.547,0.559,-0.516,-19.338,13.54,-1.303,-18.731,12.896,19.338,0.711,0.0,-3.39,4.101,0.482,-13.54,-1.238,-0.0,-0.187,-1.051,-0.248,6.139,4.104,4.139,3.755
17.9622,0.51,-0.4,10.003,-0.75,2.06,3.16,-4.689,2.631,-8.753,10.71,-194.23,3.22,-0.547,0.559,-0.516,-19.338,13.54,-1.303,-18.731,12.896,19.338,0.711,0.0,-3.39,4.101,0.482,-13.54,-1.238,-0.0,-0.187,-1.051,-0.248,6.139,4.104,4.139,3.755
18.0229,-0.663,0.345,10.104,1.37,-3.02,-4.48,1.822,2.527,-10.636,25.71,44.33,-10.85,-0.162,0.522,-0.587,-24.938,12.697,-2.648,-24.705,12.071,24.938,0.907,-0.0,0.774,0.134,0.086,-12.697,-1.203,0.0,-0.449,-0.754,-0.213,5.409,4.003,4.139,3.755
18.0229,-0.663,0.345,10.104,1.37,-3.02,-4.48,1.822,2.527,-10.636,25.71,44.33,-10.85,-0.162,0.522,-0.587,-24.938,12.697,-2.648,-24.705,12.071,24.938,0.907,-0.0,0.774,0.134,0.086,-12.697,-1.203,0.0,-0.449,-0.754,-0.213,5.409,4.003,4.139,3.755
18.0800,0.22,0.69,9.938,-1.12,4.77,-1.46,-3.428,2.063,-9.534,-55.59,252.35,5.47,-0.497,0.735,-0.596,-15.99,13.013,-0.578,-15.438,12.208,15.99,0.595,0.0,4.404,-3.809,-0.309,-13.013,-1.219,-0.0,0.97,-2.189,-0.386,0.258,4.02,4.139,3.755
18.1084,1.659,-0.73,9.663,-1.47,0.49,4.87,-3.685,2.197,-10.704,-67.87,206.09,6.45,-0.656,0.654,-0.553,-11.513,14.098,0.368,-10.809,13.397,15.99,0.595,0.0,4.404,-3.809,-0.309,-13.013,-1.219,-0.0,0.97,-2.189,-0.386,0.258,4.02,4.139,3.755
18.1354,-1.686,0.273,9.601,-0.96,6.1,4.41,-7.519,0.838,-6.949,-16.18,18.95,-13.16,-0.498,0.584,-0.445,-12.014,14.447,0.814,-11.463,13.815,12.014,0.456,0.0,0.331,0.125,0.083,-14.447,-1.283,-0.0,0.282,-1.566,-0.312,0.744,4.216,4.139,3.755
18.1653,-1.142,-0.067,10.726,1.73,-5.06,-7.66,-0.043,3.163,-10.727,44.91,-103.01,15.53,-0.126,0.612,-0.54,-13.389,13.959,0.211,-13.209,13.286,13.389,0.504,-0.0,-1.798,2.302,0.302,-13.959,-1.263,0.0,-0.784,-0.479,-0.182,0.531,4.152,4.139,3.755
18.1653,-1.142,-0.067,10.726,1.73,-5.06,-7.66,-0.043,3.163,-10.727,44.91,-103.01,15.53,-0.126,0.612,-0.54,-13.389,13.959,0.211,-13.209,13.286,13.389,0.504,-0.0,-1.798,2.302,0.302,-13.959,-1.263,0.0,-0.784,-0.479,-0.182,0.531,4.152,4.139,3.755
18.1980,0.649,0.74,10.168,1.0,-1.34,-0.2,-0.688,1.917,-8.586,39.03,-56.12,-5.88,-0.471,0.636,-0.597,-14.17,13.161,-0.18,-13.647,12.467,14.17,0.532,-0.0,-0.98,1.511,0.223,-13.161,-1.229,0.0,-0.681,-0.548,-0.19,0.477,4.052,4.139,3.755
18.2294,0.431,0.45,10.297,-0.41,0.56,2.0,-2.381,2.339,-9.633,-10.46,-112.4,-1.88,-0.58,0.68,-0.592,-16.023,13.237,-0.608,-15.388,12.488,16.023,0.596,0.0,-1.962,2.558,0.328,-13.237,-1.233,-0.0,0.183,-1.416,-0.294,0.264,4.054,4.139,3.755
18.2838,-2.069,-0.172,10.772,-0.03,0.62,0.97,-4.198,1.378,-7.761,38.89,-247.92,-2.47,-0.159,0.569,-0.515,-25.058,13.193,-2.626,-24.829,12.513,25.058,0.912,0.0,-4.327,5.239,0.598,-13.193,-1.233,-0.0,-0.679,-0.554,-0.191,5.394,4.057,4.139,3.755
18.2838,-2.069,-0.172,10.772,-0.03,0.62,0.97,-4.198,1.378,-7.761,38.89,-247.92,-2.47,-0.159,0.569,-0.515,-25.058,13.193,-2.626,-24.829,12.513,25.058,0.912,0.0,-4.327,5.239,0.598,-13.193,-1.233,-0.0,-0.679,-0.554,-0.191,5.394,4.057,4.139,3.755
18.3427,0.733,0.838,10.082,1.47,-4.25,1.68,-1.283,2.179,-6.515,-10.57,183.62,-2.56,-0.247,0.652,-0.598,-20.022,12.048,-1.38,-19.713,11.311,20.022,0.736,-0.0,3.205,-2.468,-0.173,-12.048,-1.185,0.0,0.184,-1.369,-0.289,6.019,3.91,4.139,3.755
18.3427,0.733,0.838,10.082,1.47,-4.25,1.68,-1.283,2.179,-6.515,-10.57,183.62,-2.56,-0.247,0.652,-0.598,-20.022,12.048,-1.38,-19.713,11.311,20.022,0.736,-0.0,3.205,-2.468,-0.173,-12.048,-1.185,0.0,0.184,-1.369,-0.289,6.019,3.91,4.139,3.755
18.3994,1.556,-0.019,9.742,-1.54,1.41,2.66,-3.822,1.72,-9.457,-71.78,150.25,10.98,-0.499,0.753,-0.595,-11.255,14.209,0.386,-10.706,13.405,11.255,0.43,0.0,2.622,-2.192,-0.147,-14.209,-1.281,-0.0,1.253,-2.534,-0.43,0.836,4.166,4.139,3.755
18.3994,1.556,-0.019,9.742,-1.54,1.41,2.66,-3.822,1.72,-9.457,-71.78,150.25,10.98,-0.499,0.753,-0.595,-11.255,14.209,0.386,-10.706,13.405,11.255,0.43,0.0,2.622,-2.192,-0.147,-14.209,-1.281,-0.0,1.253,-2.534,-0.43,0.836,4.166,4.139,3.755
18.4555,-0.857,-0.364,10.635,1.82,-5.82,-7.92,0.637,3.25,-9.586,56.08,-72.44,11.49,0.115,0.651,-0.566,-12.825,13.573,0.345,-12.884,12.858,12.825,0.485,-0.0,-1.264,1.75,0.248,-13.573,-1.255,0.0,-0.979,-0.277,-0.16,0.57,4.099,4.139,3.755
18.4555,-0.857,-0.364,10.635,1.82,-5.82,-7.92,0.637,3.25,-9.586,56.08,-72.44,11.49,0.115,0.651,-0.566,-12.825,13.573,0.345,-12.884,12.858,12.825,0.485,-0.0,-1.264,1.75,0.248,-13.573,-1.255,0.0,-0.979,-0.277,-0.16,0.57,4.099,4.139,3.755
18.4871,0.505,0.632,10.175,1.02,-1.14,-0.97,-1.075,2.233,-9.436,41.1,-24.96,-2.93,-0.177,0.703,-0.627,-12.864,12.716,0.149,-12.633,11.957,12.864,0.487,-0.0,-0.436,0.922,0.165,-12.716,-1.219,0.0,-0.717,-0.501,-0.187,0.601,3.989,4.139,3.755
18.5428,0.369,-0.52,10.853,-1.72,6.36,1.54,-0.718,2.567,-9.916,-12.78,-24.23,3.67,-0.396,0.671,-0.594,-14.265,13.51,-0.429,-13.819,12.776,14.265,0.536,0.0,-0.423,0.959,0.169,-13.51,-1.255,-0.0,0.223,-1.478,-0.305,0.456,4.089,4.139,3.755
18.5428,0.369,-0.52,10.853,-1.72,6.36,1.54,-0.718,2.567,-9.916,-12.78,-24.23,3.67,-0.396,0.671,-0.594,-14.265,13.51,-0.429,-13.819,12.776,14.265,0.536,0.0,-0.423,0.959,0.169,-13.51,-1.255,-0.0,0.223,-1.478,-0.305,0.456,4.089,4.139,3.755
18.6023,0.144,0.227,10.362,0.72,-1.4,-3.37,-2.32,2.679,-8.89,12.87,34.72,-5.44,-0.41,0.57,-0.598,-13.983,13.08,-0.263,-13.522,12.454,13.983,0.526,-0.0,0.606,-0.08,0.065,-13.08,-1.238,0.0,-0.225,-1.014,-0.249,0.492,4.05,4.139,3.755
18.6023,0.144,0.227,10.362,0.72,-1.4,-3.37,-2.32,2.679,-8.89,12.87,34.72,-5.44,-0.41,0.57,-0.598,-13.983,13.08,-0.263,-13.522,12.454,13.983,0.526,-0.0,0.606,-0.08,0.065,-13.08,-1.238,0.0,-0.225,-1.014,-0.249,0.492,4.05,4.139,3.755
18.6584,-0.297,0.299,10.116,-0.5,3.0,1.02,-2.241,1.646,-9.501,-9.68,1.78,-2.56,-0.556,0.619,-0.598,-14.27,13.239,-0.521,-13.665,12.559,14.27,0.536,0.0,0.031,0.505,0.124,-13.239,-1.247,-0.0,0.169,-1.416,-0.298,0.475,4.063,4.139,3.755
18.6866,-0.069,0.012,10.156,0.11,-1.36,0.0,-1.727,2.297,-9.245,6.28,11.95,-2.19,-0.556,0.619,-0.598,-14.27,13.239,-0.521,-13.665,12.559,14.27,0.536,0.0,0.031,0.505,0.124,-13.239,-1.247,-0.0,0.169,-1.416,-0.298,0.475,4.063,4.139,3.755
18.7157,-0.11,0.069,10.104,0.18,0.08,-0.73,-2.428,2.352,-9.148,11.21,25.79,-0.9,-0.404,0.576,-0.595,-13.471,12.951,-0.312,-13.019,12.319,13.471,0.508,0.0,0.45,0.058,0.08,-12.951,-1.236,0.0,-0.196,-1.041,-0.254,0.554,4.033,4.139,3.755
18.7473,0.409,0.074,10.029,-0.02,-0.44,0.19,-1.738,2.061,-8.938,-12.32,-18.69,3.93,-0.466,0.59,-0.598,-13.697,13.139,-0.441,-13.184,12.491,13.471,0.508,0.0,0.45,0.058,0.08,-12.951,-1.236,0.0,-0.196,-1.041,-0.254,0.554,4.033,4.139,3.755
18.7473,0.409,0.074,10.029,-0.02,-0.44,0.19,-1.738,2.061,-8.938,-12.32,-18.69,3.93,-0.466,0.59,-0.598,-13.697,13.139,-0.441,-13.184,12.491,13.697,0.516,-0.0,-0.326,0.842,0.158,-13.139,-1.246,-0.0,0.215,-1.461,-0.304,0.534,4.055,4.139,3.755
18.8049,0.199,0.17,10.113,0.22,-0.8,-0.39,-1.905,2.015,-8.911,6.58,6.41,-0.67,-0.425,0.578,-0.592,-13.408,13.136,-0.422,-12.936,12.502,13.408,0.506,-0.0,0.112,0.394,0.114,-13.136,-1.247,0.0,-0.115,-1.133,-0.265,0.564,4.056,4.139,3.755
18.8049,0.199,0.17,10.113,0.22,-0.8,-0.39,-1.905,2.015,-8.911,6.58,6.41,-0.67,-0.425,0.578,-0.592,-13.408,13.136,-0.422,-12.936,12.502,13.408,0.506,-0.0,0.112,0.394,0.114,-13.136,-1.247,0.0,-0.115,-1.133,-0.265,0.564,4.056,4.139,3.755
18.8626,0.06,0.134,9.996,-0.07,0.15,0.13,-1.586,2.157,-9.127,-2.27,-3.7,0.83,-0.426,0.579,-0.585,-13.391,13.204,-0.469,-12.919,12.568,13.391,0.506,0.0,-0.065,0.57,0.131,-13.204,-1.252,-0.0,0.04,-1.292,-0.285,0.566,4.064,4.139,3.755
18.8626,0.06,0.134,9.996,-0.07,0.15,0.13,-1.586,2.157,-9.127,-2.27,-3.7,0.83,-0.426,0.579,-0.585,-13.391,13.204,-0.469,-12.919,12.568,13.391,0.506,0.0,-0.065,0.57,0.131,-13.204,-1.252,-0.0,0.04,-1.292,-0.285,0.566,4.064,4.139,3.755
18.9218,0.242,0.091,10.07,-0.06,0.12,0.11,-1.851,2.142,-9.159,-0.0,-0.25,-0.51,-0.485,0.574,-0.593,-13.153,13.182,-0.462,-12.623,12.552,13.153,0.497,0.0,-0.004,0.502,0.125,-13.182,-1.253,-0.0,0.0,-1.253,-0.281,0.602,4.062,4.139,3.755
18.9515,-0.108,0.029,10.048,-0.2,0.14,0.26,-1.943,2.149,-9.336,0.33,-2.02,-0.14,-0.449,0.559,-0.586,-13.131,13.163,-0.468,-12.636,12.547,13.131,0.497,0.0,-0.035,0.532,0.128,-13.163,-1.253,-0.0,-0.006,-1.247,-0.28,0.601,4.061,4.139,3.755
18.9515,-0.108,0.029,10.048,-0.2,0.14,0.26,-1.943,2.149,-9.336,0.33,-2.02,-0.14,-0.449,0.559,-0.586,-13.131,13.163,-0.468,-12.636,12.547,13.131,0.497,0.0,-0.035,0.532,0.128,-13.163,-1.253,-0.0,-0.006,-1.247,-0.28,0.601,4.061,4.139,3.755
19.0064,0.172,0.139,10.025,-0.05,-0.01,-0.12,-1.944,2.095,-9.278,-1.4,-3.92,0.93,-0.5,0.561,-0.592,-12.998,13.19,-0.497,-12.454,12.573,12.998,0.492,-0.0,-0.068,0.561,0.131,-13.19,-1.256,-0.0,0.024,-1.281,-0.285,0.623,4.065,4.139,3.755
19.0064,0.172,0.139,10.025,-0.05,-0.01,-0.12,-1.944,2.095,-9.278,-1.4,-3.92,0.93,-0.5,0.561,-0.592,-12.998,13.19,-0.497,-12.454,12.573,12.998,0.492,-0.0,-0.068,0.561,0.131,-13.19,-1.256,-0.0,0.024,-1.281,-0.285,0.623,4.065,4.139,3.755
19.0638,0.105,0.065,10.068,0.03,-0.19,-0.03,-1.998,2.215,-9.183,1.55,1.08,-0.16,-0.491,0.542,-0.59,-12.842,13.155,-0.483,-12.308,12.558,12.842,0.487,-0.0,0.019,0.468,0.122,-13.155,-1.256,0.0,-0.027,-1.229,-0.279,0.641,4.063,4.139,3.755
19.0638,0.105,0.065,10.068,0.03,-0.19,-0.03,-1.998,2.215,-9.183,1.55,1.08,-0.16,-0.491,0.542,-0.59,-12.842,13.155,-0.483,-12.308,12.558,12.842,0.487,-0.0,0.019,0.468,0.122,-13.155,-1.256,0.0,-0.027,-1.229,-0.279,0.641,4.063,4.139,3.755
19.1252,0.165,0.089,10.029,-0.05,-0.18,-0.04,-1.929,2.122,-9.325,-0.97,1.2,0.09,-0.492,0.542,-0.59,-12.769,13.181,-0.515,-12.233,12.584,12.769,0.484,-0.0,0.021,0.463,0.122,-13.181,-1.259,-0.0,0.017,-1.276,-0.285,0.65,4.066,4.139,3.755
19.1508,0.124,0.084,9.946,-0.0,-0.08,-0.02,-2.0,2.107,-9.258,0.52,0.31,0.02,-0.499,0.543,-0.59,-12.709,13.16,-0.514,-12.166,12.562,12.769,0.484,-0.0,0.021,0.463,0.122,-13.181,-1.259,-0.0,0.017,-1.276,-0.285,0.65,4.066,4.139,3.755
19.1819,0.074,0.057,9.979,-0.17,-0.02,0.06,-2.005,2.182,-9.284,0.1,-0.17,-0.59,-0.506,0.526,-0.588,-12.682,13.156,-0.514,-12.133,12.575,12.682,0.481,-0.0,-0.003,0.484,0.124,-13.156,-1.26,-0.0,-0.002,-1.258,-0.284,0.662,4.065,4.139,3.755
19.2150,0.117,0.05,10.013,0.01,-0.02,-0.08,-1.987,2.231,-9.214,0.58,0.66,0.24,-0.508,0.523,-0.588,-12.63,13.161,-0.524,-12.079,12.584,12.682,0.481,-0.0,-0.003,0.484,0.124,-13.156,-1.26,-0.0,-0.002,-1.258,-0.284,0.662,4.065,4.139,3.755
19.2150,0.117,0.05,10.013,0.01,-0.02,-0.08,-1.987,2.231,-9.214,0.58,0.66,0.24,-0.508,0.523,-0.588,-12.63,13.161,-0.524,-12.079,12.584,12.63,0.48,-0.0,0.012,0.468,0.122,-13.161,-1.261,0.0,-0.01,-1.251,-0.283,0.669,4.066,4.139,3.755
19.2677,0.141,0.057,10.058,-0.14,0.04,0.2,-1.962,2.085,-9.292,-0.45,1.98,-0.06,-0.51,0.52,-0.585,-12.54,13.161,-0.541,-11.988,12.586,12.54,0.477,0.0,0.034,0.442,0.12,-13.161,-1.263,-0.0,0.008,-1.271,-0.286,0.68,4.066,4.139,3.755
19.2677,0.141,0.057,10.058,-0.14,0.04,0.2,-1.962,2.085,-9.292,-0.45,1.98,-0.06,-0.51,0.52,-0.585,-12.54,13.161,-0.541,-11.988,12.586,12.54,0.477,0.0,0.034,0.442,0.12,-13.161,-1.263,-0.0,0.008,-1.271,-0.286,0.68,4.066,4.139,3.755
19.3277,0.072,0.091,10.185,0.06,-0.03,-0.13,-2.031,2.191,-9.261,0.53,0.15,0.31,-0.503,0.506,-0.585,-12.463,13.148,-0.543,-11.918,12.588,12.463,0.474,-0.0,0.003,0.471,0.123,-13.148,-1.264,0.0,-0.009,-1.255,-0.285,0.688,4.066,4.139,3.755
19.3537,0.089,0.113,10.022,-0.05,0.01,-0.11,-1.853,2.114,-9.31,-1.57,-1.06,0.32,-0.508,0.506,-0.588,-12.442,13.171,-0.561,-11.892,12.611,12.442,0.473,0.0,-0.019,0.492,0.125,-13.171,-1.266,-0.0,0.027,-1.294,-0.289,0.692,4.069,4.139,3.755
19.3537,0.089,0.113,10.022,-0.05,0.01,-0.11,-1.853,2.114,-9.31,-1.57,-1.06,0.32,-0.508,0.506,-0.588,-12.442,13.171,-0.561,-11.892,12.611,12.442,0.473,0.0,-0.019,0.492,0.125,-13.171,-1.266,-0.0,0.027,-1.294,-0.289,0.692,4.069,4.139,3.755
19.4127,0.117,0.117,10.025,0.05,-0.01,0.13,-1.955,2.21,-9.251,0.62,-0.34,-0.07,-0.518,0.504,-0.585,-12.354,13.147,-0.55,-11.794,12.59,12.354,0.47,-0.0,-0.006,0.476,0.124,-13.147,-1.267,0.0,-0.011,-1.256,-0.285,0.703,4.067,4.139,3.755
19.4127,0.117,0.117,10.025,0.05,-0.01,0.13,-1.955,2.21,-9.251,0.62,-0.34,-0.07,-0.518,0.504,-0.585,-12.354,13.147,-0.55,-11.794,12.59,12.354,0.47,-0.0,-0.006,0.476,0.124,-13.147,-1.267,0.0,-0.011,-1.256,-0.285,0.703,4.067,4.139,3.755
19.4729,0.192,0.108,9.986,-0.05,-0.03,0.01,-1.918,2.121,-9.268,-0.43,0.28,-0.14,-0.537,0.5,-0.586,-12.293,13.158,-0.568,-11.716,12.603,12.293,0.468,-0.0,0.005,0.463,0.123,-13.158,-1.269,-0.0,0.008,-1.277,-0.288,0.713,4.068,4.139,3.755
19.4729,0.192,0.108,9.986,-0.05,-0.03,0.01,-1.918,2.121,-9.268,-0.43,0.28,-0.14,-0.537,0.5,-0.586,-12.293,13.158,-0.568,-11.716,12.603,12.293,0.468,-0.0,0.005,0.463,0.123,-13.158,-1.269,-0.0,0.008,-1.277,-0.288,0.713,4.068,4.139,3.755
19.5316,0.074,0.038,10.089,-0.17,0.02,-0.04,-1.955,2.225,-9.246,0.11,-0.26,-0.01,-0.534,0.478,-0.586,-12.242,13.144,-0.566,-11.668,12.612,12.242,0.467,0.0,-0.005,0.471,0.124,-13.144,-1.271,-0.0,-0.002,-1.269,-0.288,0.719,4.069,4.139,3.755
19.5647,0.184,0.098,10.068,-0.13,-0.27,-0.05,-1.939,2.139,-9.268,-0.39,-0.05,0.31,-0.547,0.476,-0.587,-12.215,13.152,-0.578,-11.628,12.623,12.215,0.466,-0.0,-0.001,0.466,0.123,-13.152,-1.272,-0.0,0.007,-1.279,-0.289,0.719,4.069,4.139,3.755
19.5647,0.184,0.098,10.068,-0.13,-0.27,-0.05,-1.939,2.139,-9.268,-0.39,-0.05,0.31,-0.547,0.476,-0.587,-12.215,13.152,-0.578,-11.628,12.623,12.215,0.466,-0.0,-0.001,0.466,0.123,-13.152,-1.272,-0.0,0.007,-1.279,-0.289,0.724,4.071,4.139,3.755
19.6177,0.036,0.077,10.144,-0.07,0.24,0.16,-1.96,2.17,-9.251,0.3,0.13,-0.49,-0.554,0.467,-0.583,-12.162,13.138,-0.574,-11.569,12.617,12.162,0.464,0.0,0.002,0.462,0.123,-13.138,-1.273,-0.0,-0.005,-1.268,-0.289,0.731,4.07,4.139,3.755
19.6177,0.036,0.077,10.144,-0.07,0.24,0.16,-1.96,2.17,-9.251,0.3,0.13,-0.49,-0.554,0.467,-0.583,-12.162,13.138,-0.574,-11.569,12.617,12.162,0.464,0.0,0.002,0.462,0.123,-13.138,-1.273,-0.0,-0.005,-1.268,-0.289,0.731,4.07,4.139,3.755
19.6744,0.065,0.096,10.144,-0.09,-0.05,-0.18,-2.004,2.169,-9.263,-0.34,-0.02,0.35,-0.548,0.472,-0.586,-12.123,13.149,-0.587,-11.534,12.624,12.123,0.463,-0.0,-0.0,0.463,0.123,-13.149,-1.275,-0.0,0.006,-1.281,-0.291,0.735,4.071,4.139,3.755
19.6744,0.065,0.096,10.144,-0.09,-0.05,-0.18,-2.004,2.169,-9.263,-0.34,-0.02,0.35,-0.548,0.472,-0.586,-12.123,13.149,-0.587,-11.534,12.624,12.123,0.463,-0.0,-0.0,0.463,0.123,-13.149,-1.275,-0.0,0.006,-1.281,-0.291,0.735,4.071,4.139,3.755
19.7310,0.081,0.045,10.063,-0.07,0.1,0.13,-1.982,2.191,-9.309,0.23,0.73,-0.41,-0.565,0.472,-0.586,-12.065,13.135,-0.586,-11.46,12.611,12.065,0.461,0.0,0.013,0.448,0.122,-13.135,-1.277,-0.0,-0.004,-1.273,-0.29,0.744,4.069,4.139,3.755
19.7625,0.096,0.065,10.094,-0.01,-0.04,-0.09,-1.97,2.2,-9.24,0.47,0.07,0.19,-0.568,0.473,-0.588,-12.044,13.134,-0.59,-11.436,12.608,12.044,0.46,-0.0,0.001,0.459,0.123,-13.134,-1.277,-0.0,-0.008,-1.269,-0.29,0.747,4.069,4.139,3.755
19.7625,0.096,0.065,10.094,-0.01,-0.04,-0.09,-1.97,2.2,-9.24,0.47,0.07,0.19,-0.568,0.473,-0.588,-12.044,13.134,-0.59,-11.436,12.608,12.044,0.46,-0.0,0.001,0.459,0.123,-13.134,-1.277,-0.0,-0.008,-1.269,-0.29,0.747,4.069,4.139,3.755
19.8183,0.11,0.069,10.108,-0.09,0.01,0.07,-1.939,2.149,-9.282,0.15,0.87,-0.36,-0.578,0.468,-0.588,-12.005,13.141,-0.598,-11.388,12.619,12.005,0.459,0.0,0.015,0.444,0.122,-13.141,-1.28,-0.0,-0.003,-1.277,-0.292,0.753,4.07,4.139,3.755
19.8183,0.11,0.069,10.108,-0.09,0.01,0.07,-1.939,2.149,-9.282,0.15,0.87,-0.36,-0.578,0.468,-0.588,-12.005,13.141,-0.598,-11.388,12.619,12.005,0.459,0.0,0.015,0.444,0.122,-13.141,-1.28,-0.0,-0.003,-1.277,-0.292,0.753,4.07,4.139,3.755
19.8760,0.139,0.108,10.068,-0.03,-0.18,-0.13,-1.929,2.157,-9.301,-0.59,-0.46,0.29,-0.575,0.472,-0.589,-11.97,13.145,-0.606,-11.356,12.62,11.97,0.458,-0.0,-0.008,0.466,0.124,-13.145,-1.282,-0.0,0.01,-1.292,-0.294,0.757,4.07,4.139,3.755
19.8760,0.139,0.108,10.068,-0.03,-0.18,-0.13,-1.929,2.157,-9.301,-0.59,-0.46,0.29,-0.575,0.472,-0.589,-11.97,13.145,-0.606,-11.356,12.62,11.97,0.458,-0.0,-0.008,0.466,0.124,-13.145,-1.282,-0.0,0.01,-1.292,-0.294,0.757,4.07,4.139,3.755
19.9381,0.134,0.079,10.022,-0.02,0.07,-0.04,-1.975,2.175,-9.269,0.7,0.55,-0.38,-0.578,0.463,-0.59,-11.926,13.129,-0.603,-11.309,12.613,11.926,0.456,0.0,0.01,0.447,0.123,-13.129,-1.283,-0.0,-0.012,-1.271,-0.292,0.763,4.069,4.139,3.755
19.9678,0.144,0.11,9.981,-0.02,-0.03,0.02,-1.973,2.191,-9.237,0.19,-0.18,0.11,-0.581,0.464,-0.59,-11.916,13.129,-0.605,-11.296,12.612,11.926,0.456,0.0,0.01,0.447,0.123,-13.129,-1.283,-0.0,-0.012,-1.271,-0.292,0.763,4.069,4.139,3.755
19.9949,0.136,0.055,10.068,0.11,-0.06,-0.04,-1.99,2.138,-9.331,-0.69,-0.12,0.22,-0.588,0.454,-0.591,-11.905,13.134,-0.612,-11.278,12.627,11.905,0.455,-0.0,-0.002,0.457,0.124,-13.134,-1.285,0.0,0.012,-1.297,-0.295,0.766,4.071,4.139,3.755
20.0242,0.113,0.017,10.072,0.04,-0.05,-0.0,-1.935,2.142,-9.272,0.19,0.78,0.0,-0.595,0.452,-0.591,-11.877,13.125,-0.611,-11.243,12.621,11.905,0.455,-0.0,-0.002,0.457,0.124,-13.134,-1.285,0.0,0.012,-1.297,-0.295,0.766,4.071,4.139,3.755
20.0242,0.113,0.017,10.072,0.04,-0.05,-0.0,-1.935,2.142,-9.272,0.19,0.78,0.0,-0.595,0.452,-0.591,-11.877,13.125,-0.611,-11.243,12.621,11.877,0.454,-0.0,0.014,0.441,0.122,-13.125,-1.285,0.0,-0.003,-1.282,-0.294,0.771,4.07,4.139,3.755
20.0815,0.101,0.139,10.044,0.03,-0.12,-0.08,-1.918,2.175,-9.24,-0.03,0.26,0.31,-0.593,0.451,-0.592,-11.848,13.128,-0.617,-11.217,12.624,11.848,0.454,-0.0,0.005,0.449,0.123,-13.128,-1.287,0.0,0.001,-1.288,-0.295,0.772,4.071,4.139,3.755
20.0815,0.101,0.139,10.044,0.03,-0.12,-0.08,-1.918,2.175,-9.24,-0.03,0.26,0.31,-0.593,0.451,-0.592,-11.848,13.128,-0.617,-11.217,12.624,11.848,0.454,-0.0,0.005,0.449,0.123,-13.128,-1.287,0.0,0.001,-1.288,-0.295,0.774,4.071,4.139,3.755
20.1383,0.062,0.072,10.029,0.01,0.03,0.01,-1.923,2.186,-9.252,0.82,0.72,0.08,-0.585,0.443,-0.591,-11.813,13.121,-0.617,-11.19,12.625,11.813,0.452,0.0,0.012,0.44,0.123,-13.121,-1.289,0.0,-0.014,-1.275,-0.294,0.777,4.071,4.139,3.755
20.1383,0.062,0.072,10.029,0.01,0.03,0.01,-1.923,2.186,-9.252,0.82,0.72,0.08,-0.585,0.443,-0.591,-11.813,13.121,-0.617,-11.19,12.625,11.813,0.452,0.0,0.012,0.44,0.123,-13.121,-1.289,0.0,-0.014,-1.275,-0.294,0.777,4.071,4.139,3.755
20.2009,0.115,0.038,10.025,-0.06,-0.08,0.08,-1.926,2.156,-9.276,-0.19,0.49,0.1,-0.574,0.441,-0.589,-11.792,13.134,-0.625,-11.179,12.641,11.792,0.452,-0.0,0.009,0.443,0.123,-13.134,-1.291,-0.0,0.003,-1.295,-0.297,0.779,4.073,4.139,3.755
20.2242,0.096,0.077,10.092,0.05,-0.03,0.1,-1.963,2.139,-9.279,0.16,-0.04,-0.25,-0.568,0.437,-0.589,-11.783,13.125,-0.623,-11.176,12.636,11.792,0.452,-0.0,0.009,0.443,0.123,-13.134,-1.291,-0.0,0.003,-1.295,-0.297,0.779,4.073,4.139,3.755
20.2532,0.108,0.045,10.017,-0.04,-0.03,0.01,-1.939,2.181,-9.269,0.38,0.26,-0.12,-0.577,0.433,-0.589,-11.771,13.122,-0.622,-11.155,12.637,11.771,0.451,-0.0,0.005,0.447,0.124,-13.122,-1.293,-0.0,-0.007,-1.286,-0.296,0.782,4.072,4.139,3.755
20.2855,0.091,0.079,10.013,-0.0,-0.03,-0.06,-1.936,2.176,-9.234,-0.22,-0.23,0.2,-0.577,0.434,-0.59,-11.766,13.131,-0.628,-11.152,12.645,11.766,0.451,-0.0,-0.004,0.455,0.124,-13.131,-1.294,-0.0,0.004,-1.298,-0.298,0.782,4.073,4.139,3.755
20.2855,0.091,0.079,10.013,-0.0,-0.03,-0.06,-1.936,2.176,-9.234,-0.22,-0.23,0.2,-0.577,0.434,-0.59,-11.766,13.131,-0.628,-11.152,12.645,11.766,0.451,-0.0,-0.004,0.455,0.124,-13.131,-1.294,-0.0,0.004,-1.298,-0.298,0.782,4.073,4.139,3.755
20.3401,0.096,0.098,10.094,-0.03,-0.03,0.04,-1.941,2.154,-9.249,0.29,0.07,-0.12,-0.586,0.438,-0.591,-11.744,13.127,-0.63,-11.12,12.637,11.744,0.45,-0.0,0.001,0.449,0.124,-13.127,-1.296,-0.0,-0.005,-1.291,-0.298,0.786,4.072,4.139,3.755
20.3401,0.096,0.098,10.094,-0.03,-0.03,0.04,-1.941,2.154,-9.249,0.29,0.07,-0.12,-0.586,0.438,-0.591,-11.744,13.127,-0.63,-11.12,12.637,11.744,0.45,-0.0,0.001,0.449,0.124,-13.127,-1.296,-0.0,-0.005,-1.291,-0.298,0.786,4.072,4.139,3.755
20.4041,0.103,0.105,9.986,-0.09,-0.15,0.03,-1.941,2.158,-9.301,-0.19,0.05,0.15,-0.593,0.444,-0.592,-11.728,13.13,-0.635,-11.097,12.634,11.74,0.45,-0.0,0.001,0.45,0.124,-13.126,-1.296,-0.0,-0.001,-1.295,-0.299,0.787,4.072,4.139,3.755
20.4041,0.103,0.105,9.986,-0.09,-0.15,0.03,-1.941,2.158,-9.301,-0.19,0.05,0.15,-0.593,0.444,-0.592,-11.728,13.13,-0.635,-11.097,12.634,11.728,0.45,-0.0,0.001,0.449,0.124,-13.13,-1.297,-0.0,0.003,-1.301,-0.3,0.789,4.072,4.139,3.755
20.4286,0.084,0.108,10.072,0.04,-0.12,0.06,-1.95,2.181,-9.269,0.07,-0.06,-0.01,-0.595,0.447,-0.591,-11.721,13.13,-0.637,-11.088,12.63,11.721,0.45,-0.0,-0.001,0.451,0.125,-13.13,-1.298,0.0,-0.001,-1.297,-0.299,0.79,4.072,4.139,3.755
20.4871,0.091,0.053,10.032,-0.17,0.03,0.05,-1.952,2.157,-9.242,0.16,0.2,-0.29,-0.594,0.437,-0.591,-11.701,13.12,-0.632,-11.07,12.631,11.701,0.449,0.0,0.003,0.446,0.124,-13.12,-1.3,-0.0,-0.003,-1.297,-0.3,0.792,4.072,4.139,3.755
20.4871,0.091,0.053,10.032,-0.17,0.03,0.05,-1.952,2.157,-9.242,0.16,0.2,-0.29,-0.594,0.437,-0.591,-11.701,13.12,-0.632,-11.07,12.631,11.701,0.449,0.0,0.003,0.446,0.124,-13.12,-1.3,-0.0,-0.003,-1.297,-0.3,0.792,4.072,4.139,3.755
20.5440,0.053,0.096,10.046,-0.13,0.02,-0.1,-1.955,2.105,-9.331,-0.2,0.01,0.13,-0.583,0.44,-0.595,-11.688,13.116,-0.637,-11.067,12.624,11.688,0.449,0.0,0.0,0.448,0.125,-13.116,-1.301,-0.0,0.004,-1.305,-0.301,0.792,4.071,4.139,3.755
20.5440,0.053,0.096,10.046,-0.13,0.02,-0.1,-1.955,2.105,-9.331,-0.2,0.01,0.13,-0.583,0.44,-0.595,-11.688,13.116,-0.637,-11.067,12.624,11.688,0.449,0.0,0.0,0.448,0.125,-13.116,-1.301,-0.0,0.004,-1.305,-0.301,0.792,4.071,4.139,3.755
20.6015,0.072,0.031,10.151,0.01,-0.03,-0.07,-2.037,2.185,-9.24,0.16,0.43,0.15,-0.574,0.433,-0.595,-11.678,13.114,-0.635,-11.066,12.629,11.681,0.448,0.0,0.003,0.446,0.124,-13.112,-1.302,0.0,-0.003,-1.299,-0.301,0.793,4.07,4.139,3.755
20.6015,0.072,0.031,10.151,0.01,-0.03,-0.07,-2.037,2.185,-9.24,0.16,0.43,0.15,-0.574,0.433,-0.595,-11.678,13.114,-0.635,-11.066,12.629,11.678,0.448,-0.0,0.007,0.441,0.124,-13.114,-1.303,0.0,-0.003,-1.3,-0.301,0.792,4.071,4.139,3.755
20.6601,0.115,0.045,10.101,0.01,-0.0,-0.01,-2.015,2.116,-9.31,-0.45,0.36,-0.29,-0.574,0.438,-0.595,-11.661,13.118,-0.643,-11.05,12.628,11.661,0.448,-0.0,0.001,0.447,0.125,-13.118,-1.304,-0.0,0.003,-1.308,-0.302,0.794,4.071,4.139,3.755
20.6601,0.115,0.045,10.101,0.01,-0.0,-0.01,-2.015,2.116,-9.31,-0.45,0.36,-0.29,-0.576,0.435,-0.596,-11.656,13.114,-0.638,-11.042,12.627,11.656,0.448,-0.0,0.006,0.441,0.124,-13.114,-1.305,0.0,0.008,-1.313,-0.303,0.795,4.071,4.139,3.755
20.7213,0.103,0.079,10.029,-0.0,-0.06,-0.08,-1.998,2.16,-9.284,-0.42,-0.16,-0.07,-0.568,0.435,-0.596,-11.636,13.11,-0.636,-11.031,12.624,11.636,0.447,-0.0,-0.003,0.45,0.125,-13.11,-1.307,-0.0,0.007,-1.314,-0.304,0.797,4.071,4.139,3.755
20.7213,0.103,0.079,10.029,-0.0,-0.06,-0.08,-1.998,2.16,-9.284,-0.42,-0.16,-0.07,-0.568,0.435,-0.596,-11.636,13.11,-0.636,-11.031,12.624,11.636,0.447,-0.0,-0.003,0.45,0.125,-13.11,-1.307,-0.0,0.007,-1.314,-0.304,0.797,4.071,4.139,3.755
20.7780,0.141,0.038,9.989,0.01,-0.1,0.14,-1.979,2.15,-9.335,0.06,-0.15,-0.28,-0.584,0.427,-0.595,-11.615,13.112,-0.64,-10.993,12.633,11.615,0.446,-0.0,-0.003,0.449,0.125,-13.112,-1.309,0.0,-0.001,-1.308,-0.304,0.801,4.072,4.139,3.755
20.8062,0.069,0.041,10.058,0.08,-0.06,-0.01,-1.93,2.189,-9.207,0.75,1.11,-0.1,-0.584,0.427,-0.595,-11.615,13.112,-0.64,-10.993,12.633,11.615,0.446,-0.0,-0.003,0.449,0.125,-13.112,-1.309,0.0,-0.001,-1.308,-0.304,0.801,4.072,4.139,3.755
20.8337,0.062,0.103,10.051,-0.09,-0.06,-0.03,-1.925,2.163,-9.366,-0.63,-0.93,0.21,-0.572,0.425,-0.595,-11.604,13.115,-0.642,-10.995,12.638,11.604,0.446,-0.0,-0.016,0.462,0.127,-13.115,-1.311,-0.0,0.011,-1.322,-0.306,0.801,4.072,4.139,3.755
20.8647,0.16,0.019,10.07,-0.06,-0.11,0.02,-1.899,2.133,-9.29,-0.02,0.82,0.09,-0.58,0.417,-0.595,-11.581,13.117,-0.645,-10.964,12.648,11.581,0.445,-0.0,0.014,0.431,0.124,-13.117,-1.312,-0.0,0.0,-1.312,-0.305,0.805,4.074,4.139,3.755
20.8647,0.16,0.019,10.07,-0.06,-0.11,0.02,-1.899,2.133,-9.29,-0.02,0.82,0.09,-0.58,0.417,-0.595,-11.581,13.117,-0.645,-10.964,12.648,11.581,0.445,-0.0,0.014,0.431,0.124,-13.117,-1.312,-0.0,0.0,-1.312,-0.305,0.805,4.074,4.139,3.755
20.9206,0.096,0.089,10.02,-0.01,-0.18,0.03,-1.957,2.189,-9.298,0.36,0.08,0.18,-0.574,0.415,-0.595,-11.585,13.114,-0.64,-10.974,12.647,11.585,0.446,-0.0,-0.005,0.451,0.126,-13.114,-1.312,-0.0,-0.004,-1.308,-0.305,0.804,4.074,4.139,3.755
20.9206,0.096,0.089,10.02,-0.01,-0.18,0.03,-1.957,2.189,-9.298,0.36,0.08,0.18,-0.57,0.419,-0.596,-11.577,13.112,-0.643,-10.97,12.641,11.577,0.445,-0.0,0.001,0.444,0.125,-13.112,-1.313,-0.0,-0.006,-1.307,-0.305,0.804,4.073,4.139,3.755
20.9845,0.108,0.124,10.003,0.02,-0.09,-0.03,-1.92,2.148,-9.291,0.13,0.23,-0.19,-0.574,0.42,-0.598,-11.564,13.117,-0.647,-10.953,12.646,11.564,0.445,-0.0,0.004,0.441,0.125,-13.117,-1.315,0.0,-0.002,-1.313,-0.306,0.806,4.073,4.139,3.755
20.9845,0.108,0.124,10.003,0.02,-0.09,-0.03,-1.92,2.148,-9.291,0.13,0.23,-0.19,-0.574,0.42,-0.598,-11.564,13.117,-0.647,-10.953,12.646,11.564,0.445,-0.0,0.004,0.441,0.125,-13.117,-1.315,0.0,-0.002,-1.313,-0.306,0.806,4.073,4.139,3.755
21.0088,0.105,0.067,9.981,0.02,-0.03,0.03,-1.993,2.18,-9.285,0.33,-0.03,-0.17,-0.573,0.418,-0.598,-11.565,13.112,-0.645,-10.955,12.643,11.565,0.445,-0.0,-0.001,0.446,0.126,-13.112,-1.316,0.0,-0.006,-1.31,-0.306,0.806,4.073,4.139,3.755
21.0698,0.041,0.038,10.017,0.05,-0.0,0.03,-1.914,2.151,-9.276,-0.17,0.09,-0.01,-0.579,0.421,-0.599,-11.565,13.117,-0.652,-10.948,12.644,11.565,0.445,-0.0,-0.006,0.451,0.126,-13.117,-1.317,0.0,0.007,-1.324,-0.308,0.807,4.073,4.139,3.755
21.0981,0.11,0.067,10.022,-0.02,-0.12,-0.0,-1.979,2.182,-9.26,0.48,0.27,-0.28,-0.577,0.42,-0.598,-11.55,13.108,-0.647,-10.935,12.636,11.55,0.445,-0.0,0.005,0.44,0.125,-13.108,-1.319,-0.0,-0.008,-1.31,-0.307,0.808,4.072,4.139,3.755
21.1271,0.031,0.019,10.07,0.11,0.04,-0.04,-1.921,2.197,-9.27,0.02,-0.48,0.09,-0.567,0.41,-0.598,-11.552,13.116,-0.651,-10.948,12.655,11.552,0.445,0.0,-0.008,0.453,0.127,-13.116,-1.32,0.0,-0.0,-1.319,-0.308,0.807,4.075,4.139,3.755
21.1271,0.031,0.019,10.07,0.11,0.04,-0.04,-1.921,2.197,-9.27,0.02,-0.48,0.09,-0.567,0.41,-0.598,-11.552,13.116,-0.651,-10.948,12.655,11.552,0.445,0.0,-0.008,0.453,0.127,-13.116,-1.32,0.0,-0.0,-1.319,-0.308,0.807,4.075,4.139,3.755
21.1875,0.115,0.113,9.857,0.12,-0.2,-0.04,-1.805,2.157,-9.268,0.32,-0.47,0.4,-0.585,0.422,-0.6,-11.516,13.121,-0.656,-10.893,12.647,11.516,0.444,-0.0,-0.008,0.452,0.127,-13.121,-1.322,0.0,-0.006,-1.316,-0.308,0.814,4.074,4.139,3.755
21.2118,-0.053,0.12,10.233,-0.01,0.16,-0.12,-2.024,2.191,-9.284,0.47,2.74,0.13,-0.573,0.414,-0.6,-11.489,13.106,-0.642,-10.879,12.64,11.516,0.444,-0.0,-0.008,0.452,0.127,-13.121,-1.322,0.0,-0.006,-1.316,-0.308,0.814,4.074,4.139,3.755
21.2118,-0.053,0.12,10.233,-0.01,0.16,-0.12,-2.024,2.191,-9.284,0.47,2.74,0.13,-0.573,0.414,-0.6,-11.489,13.106,-0.642,-10.879,12.64,11.489,0.443,0.0,0.048,0.395,0.121,-13.106,-1.322,-0.0,-0.008,-1.314,-0.308,0.815,4.073,4.139,3.755
21.2714,-0.077,0.072,10.271,-0.03,0.34,0.04,-2.078,2.12,-9.353,-0.5,2.51,-0.3,-0.571,0.42,-0.601,-11.457,13.119,-0.646,-10.849,12.648,11.457,0.442,0.0,0.044,0.398,0.122,-13.119,-1.325,-0.0,0.009,-1.333,-0.311,0.819,4.074,4.139,3.755
21.2714,-0.077,0.072,10.271,-0.03,0.34,0.04,-2.078,2.12,-9.353,-0.5,2.51,-0.3,-0.571,0.42,-0.601,-11.457,13.119,-0.646,-10.849,12.648,11.457,0.442,0.0,0.044,0.398,0.122,-13.119,-1.325,-0.0,0.009,-1.333,-0.311,0.819,4.074,4.139,3.755
21.3282,0.134,0.01,10.025,-0.06,-0.02,-0.02,-2.077,2.163,-9.257,0.07,1.46,0.09,-0.569,0.417,-0.599,-11.429,13.113,-0.642,-10.823,12.644,11.429,0.441,-0.0,0.026,0.415,0.124,-13.113,-1.326,-0.0,-0.001,-1.325,-0.311,0.822,4.073,4.139,3.755
21.3282,0.134,0.01,10.025,-0.06,-0.02,-0.02,-2.077,2.163,-9.257,0.07,1.46,0.09,-0.569,0.417,-0.599,-11.429,13.113,-0.642,-10.823,12.644,11.429,0.441,-0.0,0.026,0.415,0.124,-13.113,-1.326,-0.0,-0.001,-1.325,-0.311,0.822,4.073,4.139,3.755
21.3879,0.034,0.057,10.171,-0.04,0.17,0.03,-2.003,2.181,-9.34,0.32,-0.03,0.15,-0.587,0.421,-0.6,-11.425,13.126,-0.65,-10.801,12.654,11.425,0.441,0.0,-0.001,0.441,0.126,-13.126,-1.328,-0.0,-0.006,-1.323,-0.311,0.825,4.074,4.139,3.755
21.3879,0.034,0.057,10.171,-0.04,0.17,0.03,-2.003,2.181,-9.34,0.32,-0.03,0.15,-0.587,0.421,-0.6,-11.425,13.126,-0.65,-10.801,12.654,11.425,0.441,0.0,-0.001,0.441,0.126,-13.126,-1.328,-0.0,-0.006,-1.323,-0.311,0.825,4.074,4.139,3.755
21.4470,0.055,0.043,10.087,0.02,0.05,-0.03,-1.966,2.216,-9.293,0.06,-0.83,0.17,-0.572,0.413,-0.599,-11.429,13.127,-0.646,-10.819,12.663,11.429,0.441,0.0,-0.015,0.455,0.128,-13.127,-1.33,0.0,-0.001,-1.329,-0.312,0.823,4.076,4.139,3.755
21.4764,0.28,0.11,9.936,-0.08,-0.23,0.11,-1.852,2.164,-9.279,-0.03,0.2,0.38,-0.575,0.414,-0.598,-11.418,13.131,-0.658,-10.806,12.666,11.418,0.441,-0.0,0.004,0.437,0.126,-13.131,-1.331,-0.0,0.001,-1.332,-0.313,0.824,4.076,4.139,3.755
21.4764,0.28,0.11,9.936,-0.08,-0.23,0.11,-1.852,2.164,-9.279,-0.03,0.2,0.38,-0.575,0.414,-0.598,-11.418,13.131,-0.658,-10.806,12.666,11.418,0.441,-0.0,0.004,0.437,0.126,-13.131,-1.331,-0.0,0.001,-1.332,-0.313,0.824,4.076,4.139,3.755
21.5329,0.098,0.074,10.063,-0.07,-0.07,0.13,-1.93,2.187,-9.272,0.92,0.05,-0.39,-0.566,0.421,-0.598,-11.407,13.124,-0.653,-10.804,12.652,11.407,0.44,0.0,0.006,0.434,0.126,-13.124,-1.332,-0.0,0.003,-1.335,-0.314,0.824,4.074,4.139,3.755
21.5329,0.098,0.074,10.063,-0.07,-0.07,0.13,-1.93,2.187,-9.272,0.92,0.05,-0.39,-0.564,0.421,-0.597,-11.408,13.112,-0.647,-10.807,12.639,11.408,0.44,-0.0,0.001,0.439,0.127,-13.112,-1.332,-0.0,-0.016,-1.316,-0.312,0.824,4.073,4.139,3.755
21.5896,0.151,0.062,9.96,-0.01,-0.16,-0.03,-1.935,2.136,-9.301,-0.68,0.27,0.18,-0.567,0.421,-0.599,-11.403,13.124,-0.656,-10.799,12.652,11.403,0.44,-0.0,0.005,0.436,0.127,-13.124,-1.335,-0.0,0.012,-1.347,-0.316,0.825,4.074,4.139,3.755
21.5896,0.151,0.062,9.96,-0.01,-0.16,-0.03,-1.935,2.136,-9.301,-0.68,0.27,0.18,-0.567,0.421,-0.599,-11.403,13.124,-0.656,-10.799,12.652,11.403,0.44,-0.0,0.005,0.436,0.127,-13.124,-1.335,-0.0,0.012,-1.347,-0.316,0.825,4.074,4.139,3.755
21.6464,0.096,0.16,9.953,-0.09,0.01,-0.04,-1.866,2.161,-9.251,0.46,0.18,-0.09,-0.583,0.433,-0.598,-11.396,13.111,-0.652,-10.776,12.627,11.396,0.44,0.0,0.003,0.437,0.127,-13.111,-1.336,-0.0,-0.008,-1.328,-0.314,0.828,4.071,4.139,3.755
21.6464,0.096,0.16,9.953,-0.09,0.01,-0.04,-1.866,2.161,-9.251,0.46,0.18,-0.09,-0.583,0.433,-0.598,-11.396,13.111,-0.652,-10.776,12.627,11.396,0.44,0.0,0.003,0.437,0.127,-13.111,-1.336,-0.0,-0.008,-1.328,-0.314,0.828,4.071,4.139,3.755
21.7053,0.148,0.081,10.092,-0.06,-0.1,-0.07,-1.902,2.145,-9.188,0.34,0.81,-0.05,-0.59,0.424,-0.6,-11.377,13.126,-0.658,-10.751,12.65,11.377,0.439,-0.0,0.014,0.425,0.126,-13.126,-1.339,-0.0,-0.006,-1.333,-0.315,0.831,4.074,4.139,3.755
21.7053,0.148,0.081,10.092,-0.06,-0.1,-0.07,-1.902,2.145,-9.188,0.34,0.81,-0.05,-0.59,0.424,-0.6,-11.377,13.126,-0.658,-10.751,12.65,11.377,0.439,-0.0,0.014,0.425,0.126,-13.126,-1.339,-0.0,-0.006,-1.333,-0.315,0.831,4.074,4.139,3.755
21.7619,0.117,0.069,10.07,-0.12,0.56,0.54,-2.11,1.871,-9.264,25.29,6.04,-7.83,-0.592,0.427,-0.59,-11.427,12.465,-0.501,-10.797,11.99,11.427,0.441,0.0,0.105,0.336,0.117,-12.465,-1.311,-0.0,-0.441,-0.87,-0.26,0.825,3.993,4.139,3.755
21.7908,0.012,0.069,10.017,-0.03,0.11,0.47,-1.845,2.337,-9.182,25.96,-7.83,-6.25,-0.592,0.427,-0.59,-11.427,12.465,-0.501,-10.797,11.99,11.427,0.441,0.0,0.105,0.336,0.117,-12.465,-1.311,-0.0,-0.441,-0.87,-0.26,0.825,3.993,4.139,3.755
21.8232,0.019,0.043,10.058,0.01,-0.25,-0.36,-2.128,2.14,-9.11,9.65,-2.53,-1.04,-0.586,0.401,-0.583,-11.675,11.728,-0.402,-11.049,11.283,11.569,0.446,0.0,-0.137,0.583,0.142,-11.953,-1.29,-0.0,-0.453,-0.837,-0.256,0.809,3.933,4.139,3.755
21.8522,0.23,0.091,10.032,-0.0,-0.0,0.08,-1.924,1.839,-9.316,-3.48,-13.8,0.98,-0.615,0.414,-0.586,-11.911,11.779,-0.47,-11.256,11.32,11.911,0.458,-0.0,-0.241,0.699,0.154,-11.779,-1.284,-0.0,0.061,-1.345,-0.318,0.794,3.907,4.139,3.755
21.8786,0.014,0.127,10.127,0.01,0.07,0.16,-2.127,1.47,-9.59,12.46,-9.28,-2.53,-0.602,0.413,-0.581,-12.102,11.537,-0.475,-11.46,11.079,12.102,0.465,0.0,-0.162,0.627,0.147,-11.537,-1.274,0.0,-0.218,-1.057,-0.283,0.744,3.882,4.139,3.755
21.9103,0.134,0.077,9.979,0.03,-0.35,-0.2,-2.118,1.365,-9.565,39.42,-9.04,-8.41,-0.6,0.411,-0.582,-12.321,10.721,-0.352,-11.68,10.268,12.102,0.465,0.0,-0.162,0.627,0.147,-11.537,-1.274,0.0,-0.218,-1.057,-0.283,0.744,3.882,4.139,3.755
21.9103,0.134,0.077,9.979,0.03,-0.35,-0.2,-2.118,1.365,-9.565,39.42,-9.04,-8.41,-0.6,0.411,-0.582,-12.321,10.721,-0.352,-11.68,10.268,12.321,0.473,-0.0,-0.158,0.63,0.147,-10.721,-1.239,0.0,-0.688,-0.551,-0.223,0.717,3.783,4.139,3.755
21.9362,0.225,0.041,10.017,-0.13,-0.09,0.24,-2.175,1.433,-9.483,53.73,-9.53,-11.84,-0.621,0.412,-0.581,-12.545,9.566,-0.155,-11.879,9.118,12.545,0.48,-0.0,-0.166,0.647,0.149,-9.566,-1.19,-0.0,-0.938,-0.252,-0.187,0.693,3.642,4.139,3.755
21.9689,0.144,0.074,10.072,-0.08,-0.15,0.21,-1.845,1.251,-9.398,46.05,-1.49,-12.67,-0.628,0.416,-0.576,-12.637,8.505,0.071,-11.962,8.059,12.637,0.484,-0.0,-0.026,0.51,0.135,-8.505,-1.144,-0.0,-0.804,-0.34,-0.198,0.683,3.513,4.139,3.755
22.0271,0.002,0.019,9.967,-0.09,-0.09,0.19,-2.175,1.24,-9.233,27.61,33.95,-5.49,-0.612,0.395,-0.555,-11.426,6.931,0.532,-10.77,6.518,11.426,0.442,-0.0,0.593,-0.151,0.069,-6.931,-1.076,-0.0,-0.482,-0.595,-0.228,0.829,3.325,4.139,3.755
22.0521,0.01,0.002,10.137,0.02,-0.1,-0.18,-1.988,0.779,-9.41,20.47,20.76,-1.47,-0.612,0.395,-0.555,-11.426,6.931,0.532,-10.77,6.518,11.426,0.442,-0.0,0.593,-0.151,0.069,-6.931,-1.076,-0.0,-0.482,-0.595,-0.228,0.829,3.325,4.139,3.755
22.0864,0.189,0.108,9.957,0.08,-0.16,-0.1,-1.782,0.606,-9.451,15.21,20.73,-1.88,-0.6,0.402,-0.564,-10.586,6.001,0.646,-9.942,5.586,11.016,0.427,-0.0,0.362,0.065,0.091,-6.441,-1.056,0.0,-0.357,-0.698,-0.241,0.877,3.266,4.139,3.755
22.1101,0.148,0.072,10.07,0.04,0.01,0.12,-1.712,0.565,-9.527,7.73,17.93,-2.64,-0.607,0.404,-0.562,-10.202,5.719,0.701,-9.554,5.305,10.202,0.399,0.0,0.313,0.086,0.093,-5.719,-1.025,0.0,-0.135,-0.89,-0.264,0.977,3.177,4.139,3.755
22.1101,0.148,0.072,10.07,0.04,0.01,0.12,-1.712,0.565,-9.527,7.73,17.93,-2.64,-0.607,0.404,-0.562,-10.202,5.719,0.701,-9.554,5.305,10.202,0.399,0.0,0.313,0.086,0.093,-5.719,-1.025,0.0,-0.135,-0.89,-0.264,0.977,3.177,4.139,3.755
22.1710,0.132,0.043,10.039,0.01,-0.3,-0.02,-1.31,0.466,-9.682,17.1,14.84,-4.42,-0.603,0.404,-0.558,-9.502,4.943,0.845,-8.859,4.533,9.502,0.375,-0.0,0.259,0.116,0.096,-4.943,-0.992,0.0,-0.299,-0.693,-0.241,1.062,3.082,4.139,3.755
22.1710,0.132,0.043,10.039,0.01,-0.3,-0.02,-1.31,0.466,-9.682,17.1,14.84,-4.42,-0.603,0.404,-0.558,-9.502,4.943,0.845,-8.859,4.533,9.502,0.375,-0.0,0.259,0.116,0.096,-4.943,-0.992,0.0,-0.299,-0.693,-0.241,1.062,3.082,4.139,3.755
22.2317,0.18,0.036,10.127,-0.1,-0.25,-0.04,-1.602,0.223,-9.601,4.88,5.63,-0.33,-0.612,0.409,-0.557,-9.077,4.405,0.885,-8.426,3.993,9.077,0.36,-0.0,0.098,0.262,0.111,-4.405,-0.969,-0.0,-0.085,-0.884,-0.264,1.115,3.016,4.139,3.755
22.2551,0.012,0.144,10.001,-0.04,0.03,0.0,-1.293,0.165,-9.618,12.92,4.91,-2.6,-0.595,0.415,-0.557,-8.948,4.064,0.903,-8.315,3.648,8.948,0.355,0.0,0.086,0.27,0.111,-4.064,-0.954,-0.0,-0.225,-0.729,-0.246,1.115,3.016,4.139,3.755
22.2850,0.103,0.065,10.077,-0.04,-0.13,-0.03,-1.363,-0.059,-9.738,20.79,4.43,-5.3,-0.599,0.414,-0.559,-8.829,3.516,0.966,-8.192,3.104,8.829,0.351,-0.0,0.077,0.274,0.112,-3.516,-0.931,-0.0,-0.363,-0.568,-0.227,1.144,2.908,4.139,3.755
22.3174,0.019,0.084,10.022,-0.13,0.18,0.24,-1.232,0.187,-9.703,27.06,6.89,-5.5,-0.591,0.413,-0.554,-8.652,2.895,1.047,-8.023,2.486,8.829,0.351,-0.0,0.077,0.274,0.112,-3.516,-0.931,-0.0,-0.363,-0.568,-0.227,1.144,2.908,4.139,3.755
22.3174,0.019,0.084,10.022,-0.13,0.18,0.24,-1.232,0.187,-9.703,27.06,6.89,-5.5,-0.591,0.413,-0.554,-8.652,2.895,1.047,-8.023,2.486,8.652,0.345,0.0,0.12,0.225,0.107,-2.895,-0.904,-0.0,-0.472,-0.431,-0.21,1.164,2.832,4.139,3.755
22.3716,0.134,0.117,9.967,0.08,-0.25,-0.2,-1.243,-0.15,-9.734,29.74,4.16,-2.72,-0.595,0.416,-0.56,-8.365,1.501,1.104,-7.732,1.096,8.365,0.335,-0.0,0.073,0.263,0.111,-1.501,-0.843,0.0,-0.519,-0.324,-0.198,1.2,2.662,4.139,3.755
22.3716,0.134,0.117,9.967,0.08,-0.25,-0.2,-1.243,-0.15,-9.734,29.74,4.16,-2.72,-0.595,0.416,-0.56,-8.365,1.501,1.104,-7.732,1.096,8.365,0.335,-0.0,0.073,0.263,0.111,-1.501,-0.843,0.0,-0.519,-0.324,-0.198,1.2,2.662,4.139,3.755
22.4330,0.06,0.014,10.063,-0.1,0.25,0.18,-1.319,-0.43,-9.719,43.35,7.35,-6.65,-0.624,0.417,-0.56,-7.966,-0.351,1.24,-7.305,-0.749,7.966,0.321,0.0,0.128,0.193,0.104,0.351,-0.762,-0.0,-0.757,-0.006,-0.159,1.252,2.437,4.139,3.755
22.4583,0.069,0.012,9.96,0.03,-0.35,-0.2,-1.234,-0.444,-9.433,37.32,6.36,-3.31,-0.6,0.404,-0.561,-7.841,-1.218,1.261,-7.203,-1.6,7.841,0.317,-0.0,0.111,0.206,0.105,1.218,-0.725,0.0,-0.651,-0.073,-0.167,1.264,2.333,4.139,3.755
22.4583,0.069,0.012,9.96,0.03,-0.35,-0.2,-1.234,-0.444,-9.433,37.32,6.36,-3.31,-0.6,0.404,-0.561,-7.841,-1.218,1.261,-7.203,-1.6,7.841,0.317,-0.0,0.111,0.206,0.105,1.218,-0.725,0.0,-0.651,-0.073,-0.167,1.264,2.333,4.139,3.755
22.4914,0.055,0.17,10.013,0.18,-0.64,-0.83,-0.508,-0.709,-9.434,25.12,4.75,0.05,-0.612,0.42,-0.574,-7.665,-1.832,1.22,-7.016,-2.228,7.665,0.311,-0.0,0.083,0.228,0.108,1.832,-0.698,0.0,-0.438,-0.259,-0.19,1.287,2.256,4.139,3.755
22.5229,0.153,0.388,10.084,-0.09,0.52,0.51,-1.087,-0.921,-9.62,10.59,12.33,-4.08,-0.675,0.447,-0.572,-7.262,-2.293,1.228,-6.552,-2.712,7.262,0.297,0.0,0.215,0.081,0.093,2.293,-0.677,-0.0,-0.185,-0.492,-0.218,1.344,2.197,4.139,3.755
22.5743,0.074,0.043,10.036,0.28,-1.06,-0.91,-1.024,-0.815,-9.407,-13.81,6.58,4.66,-0.618,0.414,-0.57,-7.014,-2.1,1.049,-6.363,-2.49,7.014,0.288,-0.0,0.115,0.173,0.102,2.1,-0.685,0.0,0.241,-0.927,-0.27,1.367,2.224,4.139,3.755
22.6058,0.146,0.184,10.135,0.01,0.28,-0.23,-1.064,-0.994,-9.53,-18.71,-7.25,4.64,-0.659,0.436,-0.582,-7.089,-1.888,0.909,-6.397,-2.301,7.089,0.291,0.0,-0.127,0.417,0.127,1.888,-0.695,0.0,0.326,-1.021,-0.282,1.363,2.247,4.139,3.755
22.6058,0.146,0.184,10.135,0.01,0.28,-0.23,-1.064,-0.994,-9.53,-18.71,-7.25,4.64,-0.659,0.436,-0.582,-7.089,-1.888,0.909,-6.397,-2.301,7.089,0.291,0.0,-0.127,0.417,0.127,1.888,-0.695,0.0,0.326,-1.021,-0.282,1.363,2.247,4.139,3.755
22.6674,0.048,0.086,10.017,0.17,-0.41,-0.61,-1.049,-0.721,-9.683,-13.25,-16.99,3.11,-0.633,0.44,-0.577,-7.321,-1.627,0.831,-6.654,-2.048,7.321,0.299,0.0,-0.211,0.51,0.136,1.627,-0.706,-0.0,0.34,-1.046,-0.285,1.331,2.278,4.139,3.755
22.6674,0.048,0.086,10.017,0.17,-0.41,-0.61,-1.049,-0.721,-9.683,-13.25,-16.99,3.11,-0.619,0.431,-0.585,-7.618,-1.42,0.727,-6.965,-1.834,7.618,0.309,-0.0,-0.297,0.606,0.146,1.42,-0.715,0.0,0.231,-0.946,-0.273,1.293,2.304,4.139,3.755
22.6910,0.199,0.129,10.015,0.01,-0.3,-0.29,-0.96,-0.781,-9.664,-11.27,-15.79,2.75,-0.65,0.441,-0.596,-7.909,-1.302,0.634,-7.225,-1.726,7.909,0.319,-0.0,-0.276,0.595,0.145,1.302,-0.72,0.0,0.197,-0.917,-0.27,1.262,2.318,4.139,3.755
22.7243,0.129,0.163,10.096,-0.12,0.39,0.25,-0.99,-0.627,-9.773,-9.89,-6.34,0.38,-0.67,0.449,-0.594,-7.976,-1.195,0.583,-7.272,-1.628,7.976,0.322,0.0,-0.111,0.432,0.129,1.195,-0.724,-0.0,0.173,-0.897,-0.268,1.256,2.33,4.139,3.755
22.7815,0.115,0.077,10.147,0.08,-0.38,-0.37,-1.293,-0.476,-9.567,-7.18,-1.02,1.88,-0.64,0.432,-0.594,-8.007,-1.009,0.465,-7.334,-1.428,8.007,0.323,-0.0,-0.018,0.341,0.12,1.009,-0.732,0.0,0.125,-0.858,-0.263,1.248,2.354,4.139,3.755
22.7815,0.115,0.077,10.147,0.08,-0.38,-0.37,-1.293,-0.476,-9.567,-7.18,-1.02,1.88,-0.64,0.432,-0.594,-8.007,-1.009,0.465,-7.334,-1.428,8.007,0.323,-0.0,-0.018,0.341,0.12,1.009,-0.732,0.0,0.125,-0.858,-0.263,1.248,2.354,4.139,3.755
22.8371,0.105,0.007,10.063,-0.05,0.18,0.16,-1.378,-0.348,-9.653,-12.32,1.25,0.84,-0.653,0.427,-0.592,-8.039,-0.717,0.346,-7.354,-1.133,8.039,0.324,0.0,0.022,0.302,0.116,0.717,-0.745,-0.0,0.215,-0.96,-0.276,1.246,2.39,4.139,3.755
22.8673,0.103,0.026,10.001,-0.03,-0.24,-0.13,-1.27,-0.124,-9.511,-16.26,-0.91,2.67,-0.645,0.414,-0.592,-8.042,-0.415,0.267,-7.365,-0.82,8.039,0.324,0.0,0.022,0.302,0.116,0.717,-0.745,-0.0,0.215,-0.96,-0.276,1.246,2.39,4.139,3.755
22.8937,0.101,0.072,10.101,-0.0,-0.05,-0.08,-1.362,-0.004,-9.528,-27.37,-1.99,4.7,-0.647,0.417,-0.595,-8.065,0.079,0.143,-7.388,-0.332,8.065,0.325,-0.0,-0.035,0.36,0.122,-0.079,-0.78,-0.0,0.478,-1.257,-0.312,1.242,2.488,4.139,3.755
22.9244,0.108,0.139,10.111,-0.05,0.01,0.17,-1.18,0.587,-9.237,-53.64,-0.99,7.25,-0.644,0.429,-0.594,-8.081,1.109,-0.024,-7.407,0.681,8.065,0.325,-0.0,-0.035,0.36,0.122,-0.079,-0.78,-0.0,0.478,-1.257,-0.312,1.242,2.488,4.139,3.755
22.9244,0.108,0.139,10.111,-0.05,0.01,0.17,-1.18,0.587,-9.237,-53.64,-0.99,7.25,-0.644,0.429,-0.594,-8.081,1.109,-0.024,-7.407,0.681,8.081,0.326,0.0,-0.017,0.343,0.12,-1.109,-0.825,-0.0,0.936,-1.761,-0.373,1.239,2.612,4.139,3.755
22.9837,-0.002,0.069,10.338,-0.09,0.56,0.09,-1.068,5.143,-7.72,-252.01,5.14,38.18,-0.602,0.429,-0.589,-8.121,8.859,-1.154,-7.498,8.392,8.121,0.327,0.0,0.09,0.238,0.11,-8.859,-1.164,-0.0,4.398,-5.562,-0.831,1.228,3.554,4.139,3.755
22.9837,-0.002,0.069,10.338,-0.09,0.56,0.09,-1.068,5.143,-7.72,-252.01,5.14,38.18,-0.602,0.429,-0.589,-8.121,8.859,-1.154,-7.498,8.392,8.121,0.327,0.0,0.09,0.238,0.11,-8.859,-1.164,-0.0,4.398,-5.562,-0.831,1.228,3.554,4.139,3.755
23.0387,-0.393,-0.251,9.615,0.36,-1.0,-1.43,-5.278,0.972,-10.736,119.12,-32.39,-12.86,-0.56,0.305,-0.59,-8.183,9.749,-1.37,-7.601,9.402,8.183,0.329,-0.0,-0.565,0.895,0.176,-9.749,-1.204,0.0,-2.079,0.875,-0.059,1.216,3.677,4.139,3.755
23.0714,1.516,0.766,9.787,0.99,-4.06,-0.46,0.711,3.548,-8.703,66.48,10.58,-19.81,-0.69,0.369,-0.618,-8.362,8.332,-1.099,-7.649,7.926,8.183,0.329,-0.0,-0.565,0.895,0.176,-9.749,-1.204,0.0,-2.079,0.875,-0.059,1.216,3.677,4.139,3.755
23.1019,0.469,-0.46,10.269,-1.03,3.33,0.29,-0.973,3.675,-8.411,-15.93,-10.0,5.76,-0.861,0.361,-0.607,-8.008,8.885,-1.185,-7.126,8.484,8.008,0.323,0.0,-0.175,0.498,0.136,-8.885,-1.167,-0.0,0.278,-1.446,-0.338,1.274,3.565,4.139,3.755
23.1270,-1.46,0.311,9.898,-0.16,1.88,1.32,-2.081,1.008,-10.074,-40.34,-21.83,7.88,-0.592,0.375,-0.557,-8.727,9.755,-1.365,-8.112,9.337,8.727,0.348,0.0,-0.381,0.729,0.16,-9.755,-1.206,-0.0,0.704,-1.91,-0.394,1.153,3.669,4.139,3.755
23.1270,-1.46,0.311,9.898,-0.16,1.88,1.32,-2.081,1.008,-10.074,-40.34,-21.83,7.88,-0.592,0.375,-0.557,-8.727,9.755,-1.365,-8.112,9.337,8.727,0.348,0.0,-0.381,0.729,0.16,-9.755,-1.206,-0.0,0.704,-1.91,-0.394,1.153,3.669,4.139,3.755
23.1860,0.457,0.405,9.881,0.17,-0.34,-0.49,-1.197,2.257,-8.886,9.45,-20.9,2.37,-0.658,0.388,-0.607,-8.791,9.586,-1.379,-8.11,9.154,8.791,0.351,-0.0,-0.365,0.716,0.158,-9.586,-1.2,0.0,-0.165,-1.035,-0.289,1.154,3.647,4.139,3.755
23.1860,0.457,0.405,9.881,0.17,-0.34,-0.49,-1.197,2.257,-8.886,9.45,-20.9,2.37,-0.658,0.388,-0.607,-8.791,9.586,-1.379,-8.11,9.154,8.791,0.351,-0.0,-0.365,0.716,0.158,-9.586,-1.2,0.0,-0.165,-1.035,-0.289,1.154,3.647,4.139,3.755
23.2470,0.28,-0.132,9.986,-0.17,0.47,0.64,-1.598,1.86,-9.48,-2.97,7.62,1.25,-0.622,0.367,-0.587,-8.299,10.571,-1.346,-7.656,10.157,8.299,0.334,0.0,0.133,0.201,0.107,-10.571,-1.244,-0.0,0.052,-1.296,-0.321,1.209,3.769,4.139,3.755
23.2728,-0.077,0.148,9.96,0.22,-0.83,-0.76,-1.816,1.672,-9.522,21.39,-0.39,-1.45,-0.563,0.383,-0.593,-8.408,10.165,-1.289,-7.823,9.738,8.408,0.337,-0.0,-0.007,0.344,0.121,-10.165,-1.227,0.0,-0.373,-0.854,-0.268,1.189,3.718,4.139,3.755
23.2728,-0.077,0.148,9.96,0.22,-0.83,-0.76,-1.816,1.672,-9.522,21.39,-0.39,-1.45,-0.563,0.383,-0.593,-8.408,10.165,-1.289,-7.823,9.738,8.408,0.337,-0.0,-0.007,0.344,0.121,-10.165,-1.227,0.0,-0.373,-0.854,-0.268,1.189,3.718,4.139,3.755
23.3313,0.002,-0.022,10.008,-0.29,0.67,1.14,-1.569,1.483,-9.392,28.12,3.71,-5.02,-0.612,0.391,-0.579,-8.039,9.454,-1.016,-7.405,9.025,8.039,0.325,0.0,0.065,0.26,0.113,-9.454,-1.198,-0.0,-0.491,-0.707,-0.251,1.24,3.631,4.139,3.755
23.3313,0.002,-0.022,10.008,-0.29,0.67,1.14,-1.569,1.483,-9.392,28.12,3.71,-5.02,-0.612,0.391,-0.579,-8.039,9.454,-1.016,-7.405,9.025,8.039,0.325,0.0,0.065,0.26,0.113,-9.454,-1.198,-0.0,-0.491,-0.707,-0.251,1.24,3.631,4.139,3.755
23.3918,0.393,0.096,10.017,-0.07,-0.32,-0.23,-1.308,1.51,-9.589,62.49,4.86,-7.38,-0.618,0.39,-0.588,-7.878,7.278,-0.646,-7.236,6.86,7.878,0.319,-0.0,0.085,0.234,0.11,-7.278,-1.104,-0.0,-1.091,-0.013,-0.168,1.26,3.367,4.139,3.755
23.4166,0.096,0.06,10.01,-0.26,0.31,0.82,-1.313,1.258,-9.322,43.65,-0.54,-9.04,-0.618,0.39,-0.588,-7.878,7.278,-0.646,-7.236,6.86,7.878,0.319,-0.0,0.085,0.234,0.11,-7.278,-1.104,-0.0,-1.091,-0.013,-0.168,1.26,3.367,4.139,3.755
23.4457,-0.053,-0.12,10.111,-0.14,0.17,0.22,-1.623,1.387,-9.641,34.75,1.3,-6.21,-0.595,0.39,-0.565,-7.913,5.666,-0.336,-7.292,5.257,7.913,0.32,0.0,0.023,0.298,0.117,-5.666,-1.035,-0.0,-0.607,-0.428,-0.218,1.254,3.171,4.139,3.755
23.4776,0.144,0.127,10.068,-0.06,-0.41,-0.08,-1.276,0.927,-9.454,30.68,-0.77,-3.17,-0.591,0.394,-0.566,-7.962,5.047,-0.274,-7.344,4.638,7.962,0.322,-0.0,-0.013,0.336,0.121,-5.047,-1.008,-0.0,-0.535,-0.472,-0.223,1.247,3.095,4.139,3.755
23.4776,0.144,0.127,10.068,-0.06,-0.41,-0.08,-1.276,0.927,-9.454,30.68,-0.77,-3.17,-0.591,0.394,-0.566,-7.962,5.047,-0.274,-7.344,4.638,7.962,0.322,-0.0,-0.013,0.336,0.121,-5.047,-1.008,-0.0,-0.535,-0.472,-0.223,1.247,3.095,4.139,3.755
23.5349,0.022,0.014,10.06,-0.07,0.01,0.08,-1.338,0.473,-9.724,37.19,4.66,-6.78,-0.587,0.383,-0.561,-7.809,3.795,-0.073,-7.194,3.403,7.882,0.319,-0.0,0.061,0.259,0.113,-4.536,-0.986,-0.0,-0.389,-0.597,-0.238,1.259,3.032,4.139,3.755
23.5349,0.022,0.014,10.06,-0.07,0.01,0.08,-1.338,0.473,-9.724,37.19,4.66,-6.78,-0.587,0.383,-0.561,-7.809,3.795,-0.073,-7.194,3.403,7.809,0.317,0.0,0.081,0.235,0.111,-3.795,-0.954,-0.0,-0.649,-0.305,-0.203,1.265,2.944,4.139,3.755
23.5924,0.091,0.117,10.101,0.05,-0.15,-0.2,-1.332,0.287,-9.584,17.7,-4.5,-1.36,-0.593,0.389,-0.566,-7.788,3.11,0.014,-7.167,2.715,7.788,0.316,-0.0,0.02,0.296,0.117,-3.11,-0.924,0.0,-0.548,-0.376,-0.212,1.269,2.86,4.139,3.755
23.5924,0.091,0.117,10.101,0.05,-0.15,-0.2,-1.332,0.287,-9.584,17.7,-4.5,-1.36,-0.602,0.4,-0.571,-7.86,2.693,0.024,-7.23,2.289,7.86,0.319,-0.0,-0.079,0.397,0.127,-2.693,-0.906,0.0,-0.309,-0.597,-0.238,1.261,2.808,4.139,3.755
23.6496,0.12,0.069,10.07,0.01,-0.12,-0.08,-1.384,0.275,-9.56,23.61,-0.6,-3.24,-0.598,0.407,-0.57,-7.847,1.673,0.117,-7.22,1.266,7.847,0.318,-0.0,-0.011,0.329,0.12,-1.673,-0.862,0.0,-0.412,-0.45,-0.221,1.262,2.683,4.139,3.755
23.6809,0.06,0.055,10.003,0.09,-0.26,-0.2,-1.328,-0.117,-9.656,16.28,-1.35,-1.62,-0.6,0.404,-0.572,-7.878,1.263,0.128,-7.248,0.86,7.847,0.318,-0.0,-0.011,0.329,0.12,-1.673,-0.862,0.0,-0.412,-0.45,-0.221,1.262,2.683,4.139,3.755
23.7097,0.17,0.084,10.104,-0.0,0.18,0.08,-1.222,-0.303,-9.825,24.37,1.2,-4.06,-0.615,0.409,-0.572,-7.837,0.715,0.183,-7.192,0.31,7.837,0.318,0.0,0.021,0.297,0.117,-0.715,-0.82,-0.0,-0.425,-0.395,-0.215,1.266,2.566,4.139,3.755
23.7348,0.062,0.057,9.991,0.03,-0.01,0.16,-1.302,-0.208,-9.669,29.43,-1.41,-5.35,-0.606,0.401,-0.569,-7.85,0.042,0.266,-7.213,-0.352,7.85,0.318,-0.0,-0.025,0.343,0.122,-0.042,-0.791,0.0,-0.514,-0.277,-0.201,1.263,2.485,4.139,3.755
23.7348,0.062,0.057,9.991,0.03,-0.01,0.16,-1.302,-0.208,-9.669,29.43,-1.41,-5.35,-0.606,0.401,-0.569,-7.85,0.042,0.266,-7.213,-0.352,7.85,0.318,-0.0,-0.025,0.343,0.122,-0.042,-0.791,0.0,-0.514,-0.277,-0.201,1.263,2.485,4.139,3.755
23.7954,0.141,0.101,9.902,-0.04,-0.03,-0.03,-1.397,-0.427,-9.558,15.27,0.42,-1.6,-0.62,0.4,-0.57,-7.801,-0.895,0.33,-7.151,-1.284,7.801,0.317,-0.0,0.007,0.309,0.119,0.895,-0.75,-0.0,-0.267,-0.483,-0.225,1.271,2.372,4.139,3.755
23.7954,0.141,0.101,9.902,-0.04,-0.03,-0.03,-1.397,-0.427,-9.558,15.27,0.42,-1.6,-0.62,0.4,-0.57,-7.801,-0.895,0.33,-7.151,-1.284,7.801,0.317,-0.0,0.007,0.309,0.119,0.895,-0.75,-0.0,-0.267,-0.483,-0.225,1.271,2.372,4.139,3.755
23.8534,0.151,0.127,9.993,0.01,0.01,0.1,-1.16,-0.566,-9.55,9.71,-2.23,-2.21,-0.647,0.406,-0.572,-7.87,-1.557,0.368,-7.191,-1.948,7.87,0.319,0.0,-0.039,0.358,0.124,1.557,-0.721,0.0,-0.169,-0.552,-0.234,1.266,2.29,4.139,3.755
23.8849,0.048,0.0,10.127,0.07,-0.02,0.16,-1.354,-0.734,-9.813,10.48,0.74,-3.06,-0.636,0.394,-0.568,-7.844,-1.859,0.398,-7.177,-2.238,7.844,0.318,-0.0,0.013,0.305,0.119,1.859,-0.708,0.0,-0.183,-0.525,-0.231,1.266,2.29,4.139,3.755
23.9123,0.019,0.055,10.015,0.01,-0.0,-0.1,-1.469,-0.524,-9.505,15.29,-2.61,-0.48,-0.623,0.393,-0.568,-7.901,-2.206,0.401,-7.247,-2.583,7.901,0.32,-0.0,-0.046,0.366,0.125,2.206,-0.692,0.0,-0.267,-0.425,-0.219,1.259,2.213,4.139,3.755
23.9123,0.019,0.055,10.015,0.01,-0.0,-0.1,-1.469,-0.524,-9.505,15.29,-2.61,-0.48,-0.623,0.393,-0.568,-7.901,-2.206,0.401,-7.247,-2.583,7.901,0.32,-0.0,-0.046,0.366,0.125,2.206,-0.692,0.0,-0.267,-0.425,-0.219,1.259,2.213,4.139,3.755
23.9444,0.093,0.093,10.077,0.05,-0.4,-0.46,-1.288,-0.83,-9.564,9.47,-6.77,0.38,-0.616,0.395,-0.577,-8.055,-2.506,0.37,-7.407,-2.884,8.055,0.326,-0.0,-0.118,0.444,0.133,2.506,-0.679,0.0,-0.165,-0.514,-0.23,1.24,2.176,4.139,3.755
23.9994,0.067,0.038,10.087,-0.08,0.06,0.17,-1.522,-1.131,-9.61,25.06,-9.0,-4.84,-0.625,0.4,-0.576,-8.238,-3.449,0.448,-7.58,-3.828,8.064,0.326,-0.0,-0.03,0.357,0.124,2.859,-0.664,-0.0,-0.216,-0.447,-0.222,1.24,2.132,4.139,3.755
23.9994,0.067,0.038,10.087,-0.08,0.06,0.17,-1.522,-1.131,-9.61,25.06,-9.0,-4.84,-0.625,0.4,-0.576,-8.238,-3.449,0.448,-7.58,-3.828,8.238,0.332,0.0,-0.157,0.489,0.137,3.449,-0.638,-0.0,-0.437,-0.2,-0.192,1.218,2.061,4.139,3.755
24.0584,0.144,0.055,10.041,0.07,-0.22,-0.19,-1.423,-1.302,-9.392,29.97,-19.36,-3.33,-0.603,0.407,-0.584,-8.978,-4.94,0.592,-8.339,-5.321,8.978,0.358,-0.0,-0.338,0.696,0.158,4.94,-0.572,0.0,-0.523,-0.049,-0.174,1.126,1.878,4.139,3.755
24.0838,0.151,0.06,10.029,-0.11,0.06,0.04,-1.474,-1.375,-9.579,26.6,-18.72,-5.14,-0.616,0.412,-0.585,-9.317,-5.613,0.688,-8.662,-5.996,8.978,0.358,-0.0,-0.338,0.696,0.158,4.94,-0.572,0.0,-0.523,-0.049,-0.174,1.126,1.878,4.139,3.755
24.1124,0.06,0.05,10.142,-0.05,0.24,0.29,-1.599,-1.494,-9.481,23.79,-9.97,-5.2,-0.609,0.406,-0.58,-9.544,-6.229,0.788,-8.894,-6.602,9.544,0.378,0.0,-0.174,0.552,0.144,6.229,-0.515,-0.0,-0.415,-0.1,-0.18,1.058,1.722,4.139,3.755
24.1445,0.11,0.036,10.07,0.04,-0.06,-0.02,-1.499,-1.428,-9.479,25.55,-0.96,-5.67,-0.601,0.398,-0.579,-9.583,-6.841,0.868,-8.942,-7.204,9.583,0.379,-0.0,-0.017,0.396,0.129,6.841,-0.488,0.0,-0.446,-0.042,-0.173,1.052,1.648,4.139,3.755
24.1445,0.11,0.036,10.07,0.04,-0.06,-0.02,-1.499,-1.428,-9.479,25.55,-0.96,-5.67,-0.601,0.398,-0.579,-9.583,-6.841,0.868,-8.942,-7.204,9.583,0.379,-0.0,-0.017,0.396,0.129,6.841,-0.488,0.0,-0.446,-0.042,-0.173,1.052,1.648,4.139,3.755
24.1710,0.024,0.043,10.151,0.04,0.07,-0.26,-1.664,-1.261,-9.297,14.13,9.77,-0.22,-0.595,0.389,-0.583,-9.425,-7.229,0.829,-8.791,-7.582,9.425,0.374,0.0,0.171,0.203,0.109,7.229,-0.47,0.0,-0.247,-0.224,-0.195,1.07,1.602,4.139,3.755
24.2046,0.184,0.134,10.039,0.05,-0.54,-0.52,-1.483,-1.569,-9.149,-11.46,4.17,2.96,-0.597,0.397,-0.591,-9.391,-7.157,0.716,-8.755,-7.519,9.391,0.373,-0.0,0.073,0.3,0.119,7.157,-0.473,0.0,0.2,-0.673,-0.249,1.075,1.61,4.139,3.755
24.2629,-0.067,0.057,10.135,-0.18,0.26,0.13,-1.891,-1.547,-9.574,-2.1,-1.32,0.46,-0.609,0.397,-0.588,-9.372,-7.111,0.589,-8.725,-7.474,9.372,0.372,0.0,-0.023,0.395,0.129,7.111,-0.474,-0.0,0.037,-0.511,-0.23,1.078,1.615,4.139,3.755
24.2871,0.18,0.062,10.046,0.11,-0.4,-0.38,-1.603,-1.695,-9.206,-3.6,-1.16,1.98,-0.608,0.39,-0.594,-9.468,-7.13,0.525,-8.822,-7.487,9.468,0.375,-0.0,-0.02,0.396,0.129,7.13,-0.473,0.0,0.063,-0.535,-0.233,1.067,1.614,4.139,3.755
24.2871,0.18,0.062,10.046,0.11,-0.4,-0.38,-1.603,-1.695,-9.206,-3.6,-1.16,1.98,-0.608,0.39,-0.594,-9.468,-7.13,0.525,-8.822,-7.487,9.468,0.375,-0.0,-0.02,0.396,0.129,7.13,-0.473,0.0,0.063,-0.535,-0.233,1.067,1.614,4.139,3.755
24.3454,0.086,0.091,9.977,-0.13,0.3,0.19,-1.614,-1.652,-9.566,-4.22,-2.62,1.78,-0.622,0.405,-0.596,-9.659,-7.096,0.43,-8.999,-7.469,9.659,0.382,0.0,-0.046,0.428,0.132,7.096,-0.473,-0.0,0.074,-0.547,-0.234,1.045,1.616,4.139,3.755
24.3454,0.086,0.091,9.977,-0.13,0.3,0.19,-1.614,-1.652,-9.566,-4.22,-2.62,1.78,-0.622,0.405,-0.596,-9.659,-7.096,0.43,-8.999,-7.469,9.659,0.382,0.0,-0.046,0.428,0.132,7.096,-0.473,-0.0,0.074,-0.547,-0.234,1.045,1.616,4.139,3.755
24.4070,0.089,0.062,10.113,0.01,0.03,-0.06,-1.676,-1.249,-9.4,-3.65,-2.02,1.21,-0.618,0.401,-0.597,-9.713,-7.183,0.364,-9.058,-7.554,9.713,0.384,0.0,-0.035,0.419,0.132,7.183,-0.468,0.0,0.064,-0.532,-0.233,1.038,1.606,4.139,3.755
24.4070,0.089,0.062,10.113,0.01,0.03,-0.06,-1.676,-1.249,-9.4,-3.65,-2.02,1.21,-0.618,0.401,-0.597,-9.713,-7.183,0.364,-9.058,-7.554,9.713,0.384,0.0,-0.035,0.419,0.132,7.183,-0.468,0.0,0.064,-0.532,-0.233,1.038,1.606,4.139,3.755
24.4629,0.153,0.062,10.041,-0.04,-0.13,0.03,-1.762,-1.624,-9.482,-9.63,2.88,1.53,-0.622,0.406,-0.598,-9.673,-6.922,0.218,-9.014,-7.299,9.673,0.383,-0.0,0.05,0.333,0.123,6.922,-0.479,-0.0,0.168,-0.647,-0.247,1.043,1.637,4.139,3.755
24.4890,0.055,0.091,10.07,-0.02,0.26,0.16,-1.816,-1.504,-9.534,-3.18,-2.09,0.22,-0.616,0.404,-0.596,-9.731,-6.907,0.19,-9.079,-7.283,9.731,0.385,0.0,-0.037,0.421,0.132,6.907,-0.479,-0.0,0.055,-0.534,-0.234,1.035,1.639,4.139,3.755
24.4890,0.055,0.091,10.07,-0.02,0.26,0.16,-1.816,-1.504,-9.534,-3.18,-2.09,0.22,-0.616,0.404,-0.596,-9.731,-6.907,0.19,-9.079,-7.283,9.731,0.385,0.0,-0.037,0.421,0.132,6.907,-0.479,-0.0,0.055,-0.534,-0.234,1.035,1.639,4.139,3.755
24.5500,0.144,0.096,10.118,-0.15,0.11,0.02,-1.591,-1.41,-9.485,-0.9,-1.76,0.15,-0.613,0.407,-0.599,-9.763,-6.994,0.138,-9.113,-7.373,9.763,0.386,0.0,-0.031,0.417,0.132,6.994,-0.474,-0.0,0.016,-0.49,-0.228,1.031,1.628,4.139,3.755
24.5500,0.144,0.096,10.118,-0.15,0.11,0.02,-1.591,-1.41,-9.485,-0.9,-1.76,0.15,-0.613,0.407,-0.599,-9.763,-6.994,0.138,-9.113,-7.373,9.763,0.386,0.0,-0.031,0.417,0.132,6.994,-0.474,-0.0,0.016,-0.49,-0.228,1.031,1.628,4.139,3.755
24.6051,0.11,0.108,10.029,-0.02,-0.1,-0.07,-1.687,-1.403,-9.47,-0.29,0.26,-0.24,-0.608,0.409,-0.598,-9.787,-7.085,0.1,-9.143,-7.466,9.787,0.387,-0.0,0.005,0.382,0.128,7.085,-0.469,-0.0,0.005,-0.474,-0.227,1.027,1.616,4.139,3.755
24.6358,0.065,0.081,10.127,-0.06,-0.06,0.04,-1.684,-1.432,-9.481,-0.35,-0.85,0.25,-0.601,0.408,-0.597,-9.814,-7.13,0.074,-9.176,-7.511,9.814,0.388,-0.0,-0.015,0.403,0.131,7.13,-0.467,-0.0,0.006,-0.473,-0.227,1.023,1.611,4.139,3.755
24.6358,0.065,0.081,10.127,-0.06,-0.06,0.04,-1.684,-1.432,-9.481,-0.35,-0.85,0.25,-0.601,0.408,-0.597,-9.814,-7.13,0.074,-9.176,-7.511,9.814,0.388,-0.0,-0.015,0.403,0.131,7.13,-0.467,-0.0,0.006,-0.473,-0.227,1.023,1.611,4.139,3.755
24.6961,0.103,0.05,10.022,0.01,0.01,-0.03,-1.753,-1.379,-9.501,0.03,-0.7,-0.04,-0.595,0.401,-0.598,-9.839,-7.206,0.036,-9.208,-7.58,9.839,0.389,0.0,-0.012,0.401,0.131,7.206,-0.462,0.0,-0.0,-0.462,-0.225,1.02,1.602,4.139,3.755
24.6961,0.103,0.05,10.022,0.01,0.01,-0.03,-1.753,-1.379,-9.501,0.03,-0.7,-0.04,-0.595,0.401,-0.598,-9.839,-7.206,0.036,-9.208,-7.58,9.839,0.389,0.0,-0.012,0.401,0.131,7.206,-0.462,0.0,-0.0,-0.462,-0.225,1.02,1.602,4.139,3.755
24.7559,0.151,0.077,10.008,-0.11,-0.15,0.02,-1.66,-1.401,-9.488,-0.45,0.07,-0.15,-0.598,0.402,-0.598,-9.857,-7.278,-0.004,-9.224,-7.653,9.857,0.39,-0.0,0.001,0.388,0.129,7.278,-0.458,-0.0,0.008,-0.466,-0.226,1.018,1.593,4.139,3.755
24.7559,0.151,0.077,10.008,-0.11,-0.15,0.02,-1.66,-1.401,-9.488,-0.45,0.07,-0.15,-0.598,0.402,-0.598,-9.857,-7.278,-0.004,-9.224,-7.653,9.857,0.39,-0.0,0.001,0.388,0.129,7.278,-0.458,-0.0,0.008,-0.466,-0.226,1.018,1.593,4.139,3.755
24.8156,0.065,0.113,10.118,0.06,-0.13,-0.04,-1.666,-1.425,-9.471,-0.79,0.08,0.01,-0.599,0.411,-0.6,-9.878,-7.347,-0.043,-9.243,-7.731,9.878,0.39,-0.0,0.001,0.389,0.13,7.347,-0.454,0.0,0.014,-0.468,-0.227,1.015,1.584,4.139,3.755
24.8412,0.086,0.072,10.025,0.02,-0.05,0.06,-1.713,-1.393,-9.518,0.07,-0.31,-0.12,-0.601,0.409,-0.599,-9.892,-7.383,-0.056,-9.256,-7.765,9.892,0.391,-0.0,-0.005,0.396,0.13,7.383,-0.452,0.0,-0.001,-0.451,-0.225,1.014,1.58,4.139,3.755
24.8412,0.086,0.072,10.025,0.02,-0.05,0.06,-1.713,-1.393,-9.518,0.07,-0.31,-0.12,-0.601,0.409,-0.599,-9.892,-7.383,-0.056,-9.256,-7.765,9.892,0.391,-0.0,-0.005,0.396,0.13,7.383,-0.452,0.0,-0.001,-0.451,-0.225,1.014,1.58,4.139,3.755
24.8993,0.086,0.101,10.053,0.01,-0.11,-0.18,-1.689,-1.409,-9.481,-0.45,-0.51,0.15,-0.597,0.407,-0.601,-9.916,-7.444,-0.092,-9.283,-7.825,9.897,0.391,0.0,0.011,0.38,0.129,7.416,-0.45,-0.0,-0.001,-0.449,-0.224,1.013,1.576,4.139,3.755
24.8993,0.086,0.101,10.053,0.01,-0.11,-0.18,-1.689,-1.409,-9.481,-0.45,-0.51,0.15,-0.597,0.407,-0.601,-9.916,-7.444,-0.092,-9.283,-7.825,9.916,0.392,-0.0,-0.009,0.401,0.131,7.444,-0.448,0.0,0.008,-0.456,-0.225,1.01,1.573,4.139,3.755
24.9533,0.089,0.065,10.027,-0.04,-0.07,0.07,-1.684,-1.355,-9.471,-0.01,-0.12,-0.5,-0.604,0.401,-0.6,-9.929,-7.504,-0.118,-9.29,-7.878,9.929,0.392,-0.0,-0.002,0.394,0.131,7.504,-0.445,-0.0,0.0,-0.445,-0.224,1.009,1.566,4.139,3.755
24.9851,-0.223,0.124,10.218,0.04,-0.09,-0.02,-1.003,-1.622,-9.676,-2.65,26.03,-0.61,-0.571,0.408,-0.6,-9.593,-7.526,-0.159,-8.988,-7.908,9.593,0.381,-0.0,0.454,-0.074,0.084,7.526,-0.443,0.0,0.046,-0.489,-0.23,1.046,1.562,4.139,3.755
24.9851,-0.223,0.124,10.218,0.04,-0.09,-0.02,-1.003,-1.622,-9.676,-2.65,26.03,-0.61,-0.571,0.408,-0.6,-9.593,-7.526,-0.159,-8.988,-7.908,9.593,0.381,-0.0,0.454,-0.074,0.084,7.526,-0.443,0.0,0.046,-0.489,-0.23,1.046,1.562,4.139,3.755
25.0474,0.156,0.223,10.07,0.11,-0.23,-0.01,-1.566,-1.427,-9.82,-0.78,26.21,-1.48,-0.561,0.403,-0.59,-8.07,-7.477,-0.281,-7.481,-7.853,8.07,0.328,-0.0,0.457,-0.13,0.078,7.477,-0.444,0.0,0.014,-0.458,-0.226,1.23,1.569,4.139,3.755
25.0474,0.156,0.223,10.07,0.11,-0.23,-0.01,-1.566,-1.427,-9.82,-0.78,26.21,-1.48,-0.561,0.403,-0.59,-8.07,-7.477,-0.281,-7.481,-7.853,8.07,0.328,-0.0,0.457,-0.13,0.078,7.477,-0.444,0.0,0.014,-0.458,-0.226,1.23,1.569,4.139,3.755
25.1009,0.05,-0.091,9.996,-0.04,-0.08,0.13,-0.887,-1.511,-9.386,-8.03,33.21,-0.86,-0.563,0.383,-0.592,-6.641,-7.347,-0.478,-6.056,-7.704,6.641,0.278,-0.0,0.58,-0.302,0.061,7.347,-0.449,-0.0,0.14,-0.589,-0.242,1.405,1.587,4.139,3.755
25.1009,0.05,-0.091,9.996,-0.04,-0.08,0.13,-0.887,-1.511,-9.386,-8.03,33.21,-0.86,-0.563,0.383,-0.592,-6.641,-7.347,-0.478,-6.056,-7.704,6.641,0.278,-0.0,0.58,-0.302,0.061,7.347,-0.449,-0.0,0.14,-0.589,-0.242,1.405,1.587,4.139,3.755
25.1587,0.096,0.153,10.113,0.04,0.06,-0.28,-0.845,-1.344,-9.65,-1.1,18.02,0.26,-0.566,0.406,-0.596,-5.508,-7.222,-0.617,-4.926,-7.604,5.508,0.238,0.0,0.315,-0.076,0.083,7.222,-0.453,0.0,0.019,-0.472,-0.228,1.543,1.599,4.139,3.755
25.1897,0.124,-0.038,9.95,-0.04,-0.22,0.08,-0.11,-1.128,-9.743,-5.43,25.65,-0.04,-0.562,0.394,-0.593,-4.971,-7.141,-0.667,-4.395,-7.511,5.508,0.238,0.0,0.315,-0.076,0.083,7.222,-0.453,0.0,0.019,-0.472,-0.228,1.543,1.599,4.139,3.755
25.2195,0.01,0.012,10.108,-0.15,0.23,0.17,-0.918,-1.129,-9.479,-6.91,38.11,1.15,-0.572,0.403,-0.592,-4.167,-7.002,-0.758,-3.585,-7.382,4.167,0.191,0.0,0.665,-0.474,0.043,7.002,-0.462,-0.0,0.121,-0.583,-0.242,1.706,1.627,4.139,3.755
25.2481,0.069,0.263,10.18,0.04,0.1,-0.02,-0.808,-1.305,-9.697,-9.62,40.13,0.06,-0.575,0.41,-0.594,-3.342,-6.857,-0.834,-2.759,-7.245,3.342,0.163,0.0,0.7,-0.538,0.037,6.857,-0.468,0.0,0.168,-0.636,-0.248,1.807,1.643,4.139,3.755
25.2481,0.069,0.263,10.18,0.04,0.1,-0.02,-0.808,-1.305,-9.697,-9.62,40.13,0.06,-0.575,0.41,-0.594,-3.342,-6.857,-0.834,-2.759,-7.245,3.342,0.163,0.0,0.7,-0.538,0.037,6.857,-0.468,0.0,0.168,-0.636,-0.248,1.807,1.643,4.139,3.755
25.3016,0.0,0.069,10.001,0.11,-0.11,-0.17,0.113,-0.945,-9.609,-27.03,21.91,1.27,-0.559,0.394,-0.598,-2.175,-5.997,-0.972,-1.613,-6.374,2.175,0.122,-0.0,0.382,-0.261,0.064,5.997,-0.504,0.0,0.472,-0.976,-0.289,1.947,1.75,4.139,3.755
25.3329,0.239,0.093,10.001,-0.01,-0.07,-0.04,0.096,-1.13,-9.738,-27.33,15.53,-0.29,-0.593,0.399,-0.601,-1.746,-5.46,-0.993,-1.152,-5.843,2.175,0.122,-0.0,0.382,-0.261,0.064,5.997,-0.504,0.0,0.472,-0.976,-0.289,1.947,1.75,4.139,3.755
25.3611,0.024,0.055,10.063,-0.07,0.2,0.26,-0.02,-0.97,-9.744,-18.14,4.87,-0.43,-0.587,0.394,-0.597,-1.524,-5.065,-0.983,-0.937,-5.444,1.524,0.099,0.0,0.085,0.014,0.092,5.065,-0.544,-0.0,0.317,-0.861,-0.276,2.03,1.863,4.139,3.755
25.3927,0.089,0.077,10.01,0.04,-0.15,0.03,0.022,-0.946,-9.817,-7.35,1.94,-0.24,-0.585,0.395,-0.596,-1.401,-4.888,-0.966,-0.816,-5.269,1.524,0.099,0.0,0.085,0.014,0.092,5.065,-0.544,-0.0,0.317,-0.861,-0.276,2.03,1.863,4.139,3.755
25.3927,0.089,0.077,10.01,0.04,-0.15,0.03,0.022,-0.946,-9.817,-7.35,1.94,-0.24,-0.585,0.395,-0.596,-1.401,-4.888,-0.966,-0.816,-5.269,1.401,0.095,-0.0,0.034,0.061,0.097,4.888,-0.552,0.0,0.128,-0.68,-0.254,2.045,1.885,4.139,3.755
25.4507,-0.057,0.065,10.008,-0.06,0.03,0.03,0.353,-0.584,-9.651,-6.04,-1.51,1.44,-0.563,0.395,-0.597,-1.322,-4.711,-0.957,-0.759,-5.092,1.322,0.092,0.0,-0.026,0.119,0.102,4.711,-0.559,-0.0,0.105,-0.664,-0.253,2.052,1.906,4.139,3.755
25.4507,-0.057,0.065,10.008,-0.06,0.03,0.03,0.353,-0.584,-9.651,-6.04,-1.51,1.44,-0.563,0.395,-0.597,-1.322,-4.711,-0.957,-0.759,-5.092,1.322,0.092,0.0,-0.026,0.119,0.102,4.711,-0.559,-0.0,0.105,-0.664,-0.253,2.052,1.906,4.139,3.755
25.4764,0.17,0.163,10.082,0.05,-0.12,-0.03,0.083,-0.789,-9.729,-12.19,2.27,-0.17,-0.575,0.411,-0.6,-1.185,-4.478,-0.951,-0.611,-4.876,1.185,0.087,-0.0,0.04,0.048,0.095,4.478,-0.569,0.0,0.213,-0.781,-0.267,2.07,1.933,4.139,3.755
25.5387,-0.024,0.031,10.171,0.01,0.04,-0.2,0.182,-0.536,-9.833,-4.54,-0.95,0.96,-0.566,0.408,-0.598,-1.166,-4.143,-0.91,-0.601,-4.538,1.202,0.088,0.0,-0.112,0.2,0.111,4.281,-0.577,0.0,0.135,-0.712,-0.259,2.07,1.956,4.139,3.755
25.5387,-0.024,0.031,10.171,0.01,0.04,-0.2,0.182,-0.536,-9.833,-4.54,-0.95,0.96,-0.566,0.408,-0.598,-1.166,-4.143,-0.91,-0.601,-4.538,1.166,0.087,0.0,-0.017,0.103,0.101,4.143,-0.583,0.0,0.079,-0.662,-0.253,2.071,1.974,4.139,3.755
25.5982,0.096,0.084,10.013,-0.13,0.27,0.26,-0.083,-0.642,-9.782,-5.52,-2.79,-1.14,-0.596,0.421,-0.599,-0.987,-3.879,-0.881,-0.392,-4.289,0.987,0.081,0.0,-0.049,0.129,0.104,3.879,-0.594,-0.0,0.096,-0.69,-0.257,2.097,2.005,4.139,3.755
25.5982,0.096,0.084,10.013,-0.13,0.27,0.26,-0.083,-0.642,-9.782,-5.52,-2.79,-1.14,-0.596,0.421,-0.599,-0.987,-3.879,-0.881,-0.392,-4.289,0.987,0.081,0.0,-0.049,0.129,0.104,3.879,-0.594,-0.0,0.096,-0.69,-0.257,2.097,2.005,4.139,3.755
25.6509,0.136,0.146,10.08,0.1,-0.23,-0.2,-0.224,-0.675,-9.712,7.57,-22.74,1.16,-0.577,0.433,-0.601,-1.524,-3.969,-0.839,-0.946,-4.39,1.524,0.099,-0.0,-0.397,0.496,0.14,3.969,-0.589,0.0,-0.132,-0.457,-0.229,2.029,1.992,4.139,3.755
25.6509,0.136,0.146,10.08,0.1,-0.23,-0.2,-0.224,-0.675,-9.712,7.57,-22.74,1.16,-0.577,0.433,-0.601,-1.524,-3.969,-0.839,-0.946,-4.39,1.524,0.099,-0.0,-0.397,0.496,0.14,3.969,-0.589,0.0,-0.132,-0.457,-0.229,2.029,1.992,4.139,3.755
25.7088,0.081,0.115,9.998,0.06,0.07,-0.04,-0.059,-0.666,-9.827,17.98,-44.56,-0.19,-0.568,0.456,-0.6,-3.262,-4.55,-0.694,-2.685,-4.991,3.262,0.16,0.0,-0.778,0.938,0.185,4.55,-0.563,0.0,-0.314,-0.249,-0.204,1.816,1.919,4.139,3.755
25.7416,0.074,0.014,10.118,0.01,-0.23,-0.17,-0.242,-0.64,-9.72,17.13,-26.99,0.15,-0.568,0.456,-0.6,-3.262,-4.55,-0.694,-2.685,-4.991,3.262,0.16,0.0,-0.778,0.938,0.185,4.55,-0.563,0.0,-0.314,-0.249,-0.204,1.816,1.919,4.139,3.755
25.7416,0.074,0.014,10.118,0.01,-0.23,-0.17,-0.242,-0.64,-9.72,17.13,-26.99,0.15,-0.565,0.449,-0.603,-3.756,-4.87,-0.65,-3.181,-5.302,3.756,0.177,-0.0,-0.471,0.648,0.156,4.87,-0.549,0.0,-0.299,-0.25,-0.204,1.756,1.881,4.139,3.755
25.7950,0.081,0.096,10.068,0.01,-0.03,0.0,-0.719,-0.836,-9.663,3.88,-18.94,-0.17,-0.577,0.461,-0.604,-4.644,-5.154,-0.561,-4.053,-5.597,4.644,0.208,-0.0,-0.331,0.539,0.145,5.154,-0.536,0.0,-0.068,-0.468,-0.23,1.649,1.845,4.139,3.755
25.7950,0.081,0.096,10.068,0.01,-0.03,0.0,-0.719,-0.836,-9.663,3.88,-18.94,-0.17,-0.577,0.461,-0.604,-4.644,-5.154,-0.561,-4.053,-5.597,4.644,0.208,-0.0,-0.331,0.539,0.145,5.154,-0.536,0.0,-0.068,-0.468,-0.23,1.649,1.845,4.139,3.755
25.8560,0.105,0.065,10.005,-0.05,-0.09,-0.15,-0.892,-0.911,-9.615,3.29,-17.36,0.41,-0.581,0.449,-0.607,-5.358,-5.298,-0.513,-4.76,-5.729,5.358,0.233,-0.0,-0.303,0.536,0.145,5.298,-0.529,-0.0,-0.057,-0.471,-0.231,1.563,1.829,4.139,3.755
25.8874,0.148,0.12,10.099,-0.02,-0.03,-0.04,-0.814,-0.925,-9.645,1.79,-10.96,0.03,-0.588,0.46,-0.609,-5.589,-5.341,-0.496,-4.983,-5.783,5.358,0.233,-0.0,-0.303,0.536,0.145,5.298,-0.529,-0.0,-0.057,-0.471,-0.231,1.563,1.829,4.139,3.755
25.9160,0.093,0.012,10.106,0.07,-0.2,-0.07,-1.061,-0.918,-9.644,1.45,-7.99,-0.03,-0.592,0.45,-0.609,-5.763,-5.371,-0.484,-5.152,-5.802,5.763,0.247,-0.0,-0.14,0.387,0.131,5.371,-0.525,0.0,-0.025,-0.499,-0.235,1.515,1.82,4.139,3.755
25.9421,0.091,0.093,10.003,-0.04,-0.08,-0.04,-0.899,-0.886,-9.637,1.07,-4.7,0.25,-0.596,0.446,-0.609,-5.888,-5.386,-0.478,-5.273,-5.812,5.888,0.252,-0.0,-0.082,0.334,0.125,5.386,-0.524,-0.0,-0.019,-0.505,-0.235,1.5,1.818,4.139,3.755
25.9421,0.091,0.093,10.003,-0.04,-0.08,-0.04,-0.899,-0.886,-9.637,1.07,-4.7,0.25,-0.596,0.446,-0.609,-5.888,-5.386,-0.478,-5.273,-5.812,5.888,0.252,-0.0,-0.082,0.334,0.125,5.386,-0.524,-0.0,-0.019,-0.505,-0.235,1.5,1.818,4.139,3.755
25.9988,0.065,0.086,10.087,-0.01,-0.01,0.08,-1.14,-0.901,-9.564,1.09,-0.61,-0.41,-0.598,0.439,-0.608,-5.888,-5.435,-0.474,-5.27,-5.854,5.888,0.252,-0.0,-0.011,0.262,0.118,5.435,-0.521,-0.0,-0.019,-0.502,-0.235,1.501,1.813,4.139,3.755
26.0319,0.105,0.115,10.015,0.05,-0.23,-0.11,-1.059,-0.891,-9.647,0.46,-1.07,0.09,-0.599,0.444,-0.61,-5.945,-5.442,-0.482,-5.327,-5.867,5.888,0.252,-0.0,-0.011,0.262,0.118,5.435,-0.521,-0.0,-0.019,-0.502,-0.235,1.501,1.813,4.139,3.755
26.0608,0.081,0.065,10.036,-0.02,0.18,0.03,-1.057,-0.91,-9.653,-0.02,0.82,0.09,-0.6,0.447,-0.611,-5.937,-5.444,-0.493,-5.318,-5.871,5.937,0.254,0.0,0.014,0.239,0.116,5.444,-0.52,-0.0,0.0,-0.52,-0.238,1.495,1.811,4.139,3.755
26.0853,0.077,0.101,10.101,0.02,-0.05,0.09,-1.112,-0.979,-9.662,0.09,-0.52,-0.24,-0.593,0.452,-0.609,-5.967,-5.451,-0.493,-5.354,-5.884,5.967,0.255,-0.0,-0.009,0.264,0.119,5.451,-0.519,0.0,-0.002,-0.518,-0.237,1.49,1.81,4.139,3.755
26.0853,0.077,0.101,10.101,0.02,-0.05,0.09,-1.112,-0.979,-9.662,0.09,-0.52,-0.24,-0.593,0.452,-0.609,-5.967,-5.451,-0.493,-5.354,-5.884,5.967,0.255,-0.0,-0.009,0.264,0.119,5.451,-0.519,0.0,-0.002,-0.518,-0.237,1.49,1.81,4.139,3.755
26.1483,0.072,0.06,10.125,-0.02,0.11,0.04,-1.113,-0.952,-9.698,-0.14,-0.21,0.09,-0.589,0.451,-0.608,-6.001,-5.461,-0.504,-5.393,-5.893,6.001,0.256,0.0,-0.004,0.259,0.118,5.461,-0.518,-0.0,0.002,-0.52,-0.238,1.486,1.809,4.139,3.755
26.1483,0.072,0.06,10.125,-0.02,0.11,0.04,-1.113,-0.952,-9.698,-0.14,-0.21,0.09,-0.589,0.451,-0.608,-6.001,-5.461,-0.504,-5.393,-5.893,6.001,0.256,0.0,-0.004,0.259,0.118,5.461,-0.518,-0.0,0.002,-0.52,-0.238,1.486,1.809,4.139,3.755
26.2012,0.096,0.084,10.027,-0.0,-0.08,-0.05,-1.093,-0.973,-9.634,-0.04,-0.43,0.09,-0.588,0.451,-0.609,-6.04,-5.474,-0.512,-5.432,-5.906,6.04,0.257,-0.0,-0.007,0.265,0.119,5.474,-0.517,-0.0,0.001,-0.517,-0.238,1.481,1.807,4.139,3.755
26.2366,0.115,0.093,10.036,-0.05,0.03,0.02,-1.059,-0.979,-9.634,-0.05,0.33,-0.2,-0.586,0.455,-0.609,-6.048,-5.481,-0.515,-5.443,-5.917,6.048,0.258,0.0,0.006,0.252,0.118,5.481,-0.516,-0.0,0.001,-0.517,-0.238,1.479,1.806,4.139,3.755
26.2366,0.115,0.093,10.036,-0.05,0.03,0.02,-1.059,-0.979,-9.634,-0.05,0.33,-0.2,-0.586,0.455,-0.609,-6.048,-5.481,-0.515,-5.443,-5.917,6.048,0.258,0.0,0.006,0.252,0.118,5.481,-0.516,-0.0,0.001,-0.517,-0.238,1.479,1.806,4.139,3.755
26.2886,0.11,0.103,10.072,0.01,-0.09,-0.11,-1.076,-0.936,-9.582,0.09,-0.18,0.19,-0.589,0.459,-0.61,-6.083,-5.482,-0.522,-5.474,-5.922,6.083,0.259,-0.0,-0.003,0.262,0.119,5.482,-0.515,0.0,-0.002,-0.514,-0.238,1.476,1.805,4.139,3.755
26.2886,0.11,0.103,10.072,0.01,-0.09,-0.11,-1.076,-0.936,-9.582,0.09,-0.18,0.19,-0.589,0.459,-0.61,-6.083,-5.482,-0.522,-5.474,-5.922,6.083,0.259,-0.0,-0.003,0.262,0.119,5.482,-0.515,0.0,-0.002,-0.514,-0.238,1.476,1.805,4.139,3.755
26.3497,0.041,0.101,10.113,0.01,0.04,-0.03,-1.1,-0.934,-9.623,0.45,-0.16,-0.27,-0.584,0.461,-0.611,-6.107,-5.491,-0.528,-5.503,-5.933,6.107,0.26,0.0,-0.003,0.263,0.119,5.491,-0.514,0.0,-0.008,-0.506,-0.237,1.472,1.804,4.139,3.755
26.3814,0.091,0.072,10.039,-0.08,-0.06,-0.07,-1.105,-0.915,-9.597,0.12,-0.01,0.05,-0.579,0.456,-0.612,-6.121,-5.489,-0.533,-5.522,-5.926,6.121,0.26,-0.0,-0.0,0.26,0.119,5.489,-0.514,-0.0,-0.002,-0.512,-0.238,1.47,1.804,4.139,3.755
26.3814,0.091,0.072,10.039,-0.08,-0.06,-0.07,-1.105,-0.915,-9.597,0.12,-0.01,0.05,-0.579,0.456,-0.612,-6.121,-5.489,-0.533,-5.522,-5.926,6.121,0.26,-0.0,-0.0,0.26,0.119,5.489,-0.514,-0.0,-0.002,-0.512,-0.238,1.47,1.804,4.139,3.755
26.4347,0.101,0.06,10.08,0.06,0.14,-0.0,-1.074,-0.997,-9.676,-0.17,-0.16,-0.14,-0.574,0.461,-0.612,-6.147,-5.502,-0.546,-5.554,-5.945,6.147,0.261,0.0,-0.003,0.264,0.119,5.502,-0.512,0.0,0.003,-0.515,-0.238,1.466,1.802,4.139,3.755
26.4347,0.101,0.06,10.08,0.06,0.14,-0.0,-1.074,-0.997,-9.676,-0.17,-0.16,-0.14,-0.574,0.461,-0.612,-6.147,-5.502,-0.546,-5.554,-5.945,6.147,0.261,0.0,-0.003,0.264,0.119,5.502,-0.512,0.0,0.003,-0.515,-0.238,1.466,1.802,4.139,3.755
26.4977,0.113,0.093,9.979,-0.02,-0.08,-0.05,-1.109,-0.899,-9.606,0.03,-0.58,0.14,-0.579,0.458,-0.611,-6.175,-5.506,-0.55,-5.576,-5.946,6.175,0.262,-0.0,-0.01,0.272,0.12,5.506,-0.511,-0.0,-0.001,-0.511,-0.238,1.463,1.802,4.139,3.755
26.5215,0.165,0.091,9.989,-0.01,-0.2,-0.06,-1.05,-0.988,-9.61,-0.19,-0.01,0.3,-0.589,0.461,-0.614,-6.179,-5.51,-0.558,-5.57,-5.952,6.175,0.262,-0.0,-0.01,0.272,0.12,5.506,-0.511,-0.0,-0.001,-0.511,-0.238,1.463,1.802,4.139,3.755
26.5497,0.06,0.098,10.053,-0.15,-0.06,0.04,-1.087,-0.996,-9.625,-0.12,0.13,-0.34,-0.587,0.462,-0.613,-6.184,-5.521,-0.556,-5.578,-5.964,6.184,0.263,-0.0,0.002,0.26,0.119,5.521,-0.51,-0.0,0.002,-0.512,-0.238,1.463,1.8,4.139,3.755
26.5840,0.12,0.048,10.13,-0.13,-0.09,-0.0,-1.106,-0.919,-9.621,0.49,-0.02,-0.23,-0.589,0.454,-0.612,-6.195,-5.528,-0.554,-5.587,-5.963,6.184,0.263,-0.0,0.002,0.26,0.119,5.521,-0.51,-0.0,0.002,-0.512,-0.238,1.463,1.8,4.139,3.755
26.5840,0.12,0.048,10.13,-0.13,-0.09,-0.0,-1.106,-0.919,-9.621,0.49,-0.02,-0.23,-0.589,0.454,-0.612,-6.195,-5.528,-0.554,-5.587,-5.963,6.195,0.263,-0.0,-0.0,0.263,0.119,5.528,-0.509,-0.0,-0.009,-0.501,-0.237,1.462,1.8,4.139,3.755
26.6382,0.081,0.057,10.092,0.04,-0.02,-0.0,-1.115,-1.008,-9.667,-0.27,-0.12,-0.01,-0.581,0.448,-0.613,-6.215,-5.526,-0.567,-5.615,-5.956,6.215,0.264,-0.0,-0.002,0.266,0.12,5.526,-0.509,0.0,0.005,-0.513,-0.239,1.458,1.801,4.139,3.755
26.6382,0.081,0.057,10.092,0.04,-0.02,-0.0,-1.115,-1.008,-9.667,-0.27,-0.12,-0.01,-0.581,0.448,-0.613,-6.215,-5.526,-0.567,-5.615,-5.956,6.215,0.264,-0.0,-0.002,0.266,0.12,5.526,-0.509,0.0,0.005,-0.513,-0.239,1.458,1.801,4.139,3.755
26.7004,0.05,-0.034,10.041,-0.15,0.23,0.27,-1.264,-0.826,-9.658,2.03,0.18,-0.47,-0.576,0.447,-0.603,-6.21,-5.568,-0.537,-5.614,-5.996,6.21,0.264,0.0,0.003,0.26,0.119,5.568,-0.506,-0.0,-0.036,-0.47,-0.234,1.46,1.797,4.139,3.755
26.7250,0.113,0.081,10.003,0.03,-0.31,-0.17,-1.253,-0.943,-9.647,0.77,0.44,0.6,-0.563,0.446,-0.604,-6.237,-5.576,-0.547,-5.654,-6.003,6.237,0.265,-0.0,0.008,0.257,0.119,5.576,-0.505,0.0,-0.013,-0.492,-0.237,1.454,1.795,4.139,3.755
26.7250,0.113,0.081,10.003,0.03,-0.31,-0.17,-1.253,-0.943,-9.647,0.77,0.44,0.6,-0.563,0.446,-0.604,-6.237,-5.576,-0.547,-5.654,-6.003,6.237,0.265,-0.0,0.008,0.257,0.119,5.576,-0.505,0.0,-0.013,-0.492,-0.237,1.454,1.795,4.139,3.755
26.7527,0.453,0.096,10.08,-0.18,-0.06,0.38,-0.984,-0.798,-9.674,6.16,-8.67,6.73,-0.642,0.431,-0.601,-6.275,-5.546,-0.622,-5.613,-5.959,6.275,0.266,-0.0,-0.151,0.417,0.135,5.546,-0.506,-0.0,-0.107,-0.399,-0.225,1.459,1.8,4.139,3.755
26.7875,-0.936,0.4,10.57,-0.55,2.72,1.58,-1.46,-1.538,-9.2,-7.42,11.27,-1.83,-0.751,0.46,-0.572,-6.172,-5.637,-0.655,-5.403,-6.079,6.172,0.262,0.0,0.197,0.066,0.1,5.637,-0.502,-0.0,0.129,-0.631,-0.253,1.484,1.786,4.139,3.755
26.8439,0.249,-0.002,10.135,0.39,-1.2,-1.58,-1.295,-0.436,-9.805,5.19,-8.54,2.24,-0.735,0.435,-0.604,-6.495,-5.564,-0.554,-5.739,-5.98,6.495,0.274,-0.0,-0.149,0.423,0.136,5.564,-0.504,0.0,-0.091,-0.414,-0.228,1.443,1.798,4.139,3.755
26.8693,0.266,0.122,10.034,0.12,-0.27,-0.56,-0.922,-0.925,-9.752,-6.95,5.35,1.2,-0.761,0.447,-0.62,-6.412,-5.447,-0.595,-5.631,-5.876,6.412,0.271,-0.0,0.093,0.177,0.111,5.447,-0.509,0.0,0.121,-0.63,-0.254,1.456,1.811,4.139,3.755
26.8693,0.266,0.122,10.034,0.12,-0.27,-0.56,-0.922,-0.925,-9.752,-6.95,5.35,1.2,-0.761,0.447,-0.62,-6.412,-5.447,-0.595,-5.631,-5.876,6.412,0.271,-0.0,0.093,0.177,0.111,5.447,-0.509,0.0,0.121,-0.63,-0.254,1.456,1.811,4.139,3.755
26.9304,0.002,0.019,10.116,0.07,-0.41,-0.13,-1.293,-0.924,-9.679,-1.46,-2.39,0.6,-0.761,0.436,-0.623,-6.42,-5.369,-0.624,-5.639,-5.788,6.42,0.271,-0.0,-0.012,0.283,0.122,5.369,-0.512,0.0,0.06,-0.572,-0.247,1.455,1.821,4.139,3.755
26.9304,0.002,0.019,10.116,0.07,-0.41,-0.13,-1.293,-0.924,-9.679,-1.46,-2.39,0.6,-0.745,0.444,-0.627,-6.454,-5.354,-0.634,-5.69,-5.781,6.454,0.272,-0.0,-0.042,0.314,0.125,5.354,-0.512,0.0,0.026,-0.538,-0.243,1.449,1.822,4.139,3.755
26.9885,0.309,0.134,10.005,-0.14,0.35,0.28,-1.059,-1.1,-9.511,-0.85,1.58,-0.85,-0.792,0.464,-0.631,-6.413,-5.378,-0.645,-5.602,-5.824,6.413,0.271,0.0,0.028,0.243,0.118,5.378,-0.51,-0.0,0.015,-0.525,-0.242,1.46,1.817,4.139,3.755
27.0141,0.026,0.038,10.084,-0.36,0.97,0.64,-1.184,-1.15,-9.577,-0.19,-0.0,-1.87,-0.767,0.464,-0.621,-6.43,-5.419,-0.612,-5.644,-5.866,6.43,0.271,0.0,-0.0,0.272,0.121,5.419,-0.508,-0.0,0.003,-0.511,-0.24,1.455,1.812,4.139,3.755
27.0141,0.026,0.038,10.084,-0.36,0.97,0.64,-1.184,-1.15,-9.577,-0.19,-0.0,-1.87,-0.767,0.464,-0.621,-6.43,-5.419,-0.612,-5.644,-5.866,6.43,0.271,0.0,-0.0,0.272,0.121,5.419,-0.508,-0.0,0.003,-0.511,-0.24,1.455,1.812,4.139,3.755
27.0741,0.33,0.101,10.048,-0.22,0.43,0.8,-0.869,-0.595,-9.691,8.49,1.72,-2.3,-0.769,0.469,-0.595,-6.416,-5.599,-0.483,-5.627,-6.048,6.416,0.271,0.0,0.03,0.241,0.118,5.599,-0.5,-0.0,-0.148,-0.351,-0.221,1.457,1.79,4.139,3.755
27.0741,0.33,0.101,10.048,-0.22,0.43,0.8,-0.869,-0.595,-9.691,8.49,1.72,-2.3,-0.769,0.469,-0.595,-6.416,-5.599,-0.483,-5.627,-6.048,6.416,0.271,0.0,0.03,0.241,0.118,5.599,-0.5,-0.0,-0.148,-0.351,-0.221,1.457,1.79,4.139,3.755
27.1295,0.029,-0.084,10.082,0.26,-0.91,-0.8,-1.325,-0.686,-9.579,1.19,-0.4,-0.49,-0.645,0.413,-0.585,-6.47,-5.642,-0.495,-5.805,-6.035,6.47,0.273,-0.0,-0.007,0.28,0.122,5.642,-0.497,0.0,-0.021,-0.476,-0.236,1.435,1.791,4.139,3.755
27.1639,0.354,0.16,10.099,0.18,-0.35,-0.66,-1.128,-1.14,-9.489,0.51,-8.14,4.86,-0.705,0.439,-0.605,-6.602,-5.654,-0.579,-5.877,-6.075,6.602,0.278,-0.0,-0.142,0.42,0.136,5.654,-0.496,0.0,-0.009,-0.487,-0.237,1.426,1.786,4.139,3.755
27.1639,0.354,0.16,10.099,0.18,-0.35,-0.66,-1.128,-1.14,-9.489,0.51,-8.14,4.86,-0.705,0.439,-0.605,-6.602,-5.654,-0.579,-5.877,-6.075,6.602,0.278,-0.0,-0.142,0.42,0.136,5.654,-0.496,0.0,-0.009,-0.487,-0.237,1.426,1.786,4.139,3.755
27.2213,0.309,0.036,9.986,-0.04,-0.2,0.14,-1.044,-0.731,-9.691,5.98,-2.31,-1.25,-0.719,0.439,-0.609,-6.547,-5.691,-0.551,-5.807,-6.11,6.547,0.276,-0.0,-0.04,0.316,0.126,5.691,-0.494,-0.0,-0.104,-0.389,-0.226,1.435,1.782,4.139,3.755
27.2213,0.309,0.036,9.986,-0.04,-0.2,0.14,-1.044,-0.731,-9.691,5.98,-2.31,-1.25,-0.719,0.439,-0.609,-6.547,-5.691,-0.551,-5.807,-6.11,6.547,0.276,-0.0,-0.04,0.316,0.126,5.691,-0.494,-0.0,-0.104,-0.389,-0.226,1.435,1.782,4.139,3.755
27.2806,0.206,0.091,10.056,0.04,-0.28,-0.06,-1.086,-1.009,-9.736,-2.93,1.43,-0.94,-0.679,0.441,-0.609,-6.559,-5.712,-0.573,-5.86,-6.134,6.559,0.276,-0.0,0.025,0.251,0.12,5.712,-0.492,0.0,0.051,-0.543,-0.245,1.428,1.779,4.139,3.755
27.3061,0.182,0.139,10.034,0.01,0.07,0.22,-1.069,-1.185,-9.579,2.79,-2.3,0.78,-0.696,0.443,-0.606,-6.59,-5.772,-0.574,-5.873,-6.196,6.59,0.277,0.0,-0.04,0.317,0.126,5.772,-0.489,0.0,-0.049,-0.44,-0.232,1.427,1.772,4.139,3.755
27.3061,0.182,0.139,10.034,0.01,0.07,0.22,-1.069,-1.185,-9.579,2.79,-2.3,0.78,-0.696,0.443,-0.606,-6.59,-5.772,-0.574,-5.873,-6.196,6.59,0.277,0.0,-0.04,0.317,0.126,5.772,-0.489,0.0,-0.049,-0.44,-0.232,1.427,1.772,4.139,3.755
27.3635,-0.062,0.153,10.08,-0.05,-0.03,0.25,-1.208,-0.711,-9.65,2.84,-4.31,-1.84,-0.651,0.437,-0.583,-6.568,-5.804,-0.481,-5.896,-6.221,6.568,0.277,-0.0,-0.075,0.352,0.13,5.804,-0.487,-0.0,-0.05,-0.437,-0.232,1.424,1.768,4.139,3.755
27.3635,-0.062,0.153,10.08,-0.05,-0.03,0.25,-1.208,-0.711,-9.65,2.84,-4.31,-1.84,-0.651,0.437,-0.583,-6.568,-5.804,-0.481,-5.896,-6.221,6.568,0.277,-0.0,-0.075,0.352,0.13,5.804,-0.487,-0.0,-0.05,-0.437,-0.232,1.424,1.768,4.139,3.755
27.4200,0.213,0.139,10.068,0.08,-0.57,-0.46,-0.918,-1.182,-9.543,3.87,-0.6,0.58,-0.651,0.433,-0.603,-6.661,-5.945,-0.542,-5.989,-6.358,6.661,0.28,-0.0,-0.011,0.29,0.124,5.945,-0.48,0.0,-0.068,-0.412,-0.229,1.413,1.752,4.139,3.755
27.4523,0.055,0.098,10.111,-0.13,0.35,0.23,-1.019,-1.184,-9.638,3.3,-2.75,-1.47,-0.653,0.441,-0.603,-6.662,-6.065,-0.532,-5.988,-6.485,6.662,0.28,0.0,-0.048,0.328,0.128,6.065,-0.474,-0.0,-0.058,-0.416,-0.23,1.413,1.736,4.139,3.755
27.4523,0.055,0.098,10.111,-0.13,0.35,0.23,-1.019,-1.184,-9.638,3.3,-2.75,-1.47,-0.653,0.441,-0.603,-6.662,-6.065,-0.532,-5.988,-6.485,6.662,0.28,0.0,-0.048,0.328,0.128,6.065,-0.474,-0.0,-0.058,-0.416,-0.23,1.413,1.736,4.139,3.755
27.5149,0.117,0.299,10.096,0.04,-0.5,-0.57,-1.158,-0.82,-9.577,-2.08,-2.72,2.11,-0.649,0.431,-0.606,-6.686,-5.993,-0.545,-6.016,-6.403,6.686,0.281,-0.0,-0.047,0.328,0.128,5.993,-0.476,0.0,0.036,-0.513,-0.242,1.409,1.746,4.139,3.755
27.5413,0.057,0.105,10.034,0.06,-0.37,-0.29,-1.179,-1.342,-9.615,-5.0,1.73,0.56,-0.664,0.424,-0.614,-6.691,-5.966,-0.59,-6.007,-6.37,6.691,0.281,-0.0,0.03,0.251,0.12,5.966,-0.477,0.0,0.087,-0.564,-0.248,1.411,1.75,4.139,3.755
27.5413,0.057,0.105,10.034,0.06,-0.37,-0.29,-1.179,-1.342,-9.615,-5.0,1.73,0.56,-0.664,0.424,-0.614,-6.691,-5.966,-0.59,-6.007,-6.37,6.691,0.281,-0.0,0.03,0.251,0.12,5.966,-0.477,0.0,0.087,-0.564,-0.248,1.411,1.75,4.139,3.755
27.5992,0.129,0.213,10.168,-0.67,2.43,2.62,-0.757,-1.471,-9.491,5.31,1.44,-2.01,-0.728,0.449,-0.57,-6.593,-6.143,-0.504,-5.845,-6.571,6.593,0.278,0.0,0.025,0.252,0.12,6.143,-0.469,-0.0,-0.093,-0.376,-0.226,1.43,1.726,4.139,3.755
27.6257,-0.385,-0.005,10.202,-1.03,3.14,4.35,-1.715,-0.655,-9.528,5.34,5.26,-8.13,-0.602,0.405,-0.488,-6.511,-6.221,-0.336,-5.888,-6.604,6.511,0.275,0.0,0.092,0.183,0.113,6.221,-0.465,-0.0,-0.093,-0.372,-0.225,1.425,1.722,4.139,3.755
27.6257,-0.385,-0.005,10.202,-1.03,3.14,4.35,-1.715,-0.655,-9.528,5.34,5.26,-8.13,-0.602,0.405,-0.488,-6.511,-6.221,-0.336,-5.888,-6.604,6.511,0.275,0.0,0.092,0.183,0.113,6.221,-0.465,-0.0,-0.093,-0.372,-0.225,1.425,1.722,4.139,3.755
27.6815,1.276,-0.342,9.651,1.75,-6.51,-6.2,-0.972,-0.984,-9.351,-8.81,-0.61,10.99,-0.519,0.34,-0.609,-6.979,-6.092,-0.561,-6.438,-6.412,6.979,0.291,-0.0,-0.011,0.302,0.125,6.092,-0.469,0.0,0.154,-0.623,-0.255,1.358,1.745,4.139,3.755
27.6815,1.276,-0.342,9.651,1.75,-6.51,-6.2,-0.972,-0.984,-9.351,-8.81,-0.61,10.99,-0.519,0.34,-0.609,-6.979,-6.092,-0.561,-6.438,-6.412,6.979,0.291,-0.0,-0.011,0.302,0.125,6.092,-0.469,0.0,0.154,-0.623,-0.255,1.358,1.745,4.139,3.755
27.7456,0.613,0.464,9.979,0.56,-1.64,0.32,-0.807,-1.771,-9.365,3.04,4.6,-0.55,-0.873,0.48,-0.661,-6.846,-6.099,-0.656,-5.953,-6.56,6.846,0.287,-0.0,0.08,0.206,0.116,6.099,-0.468,0.0,-0.053,-0.415,-0.231,1.417,1.727,4.139,3.755
27.7704,0.702,0.318,10.214,-0.61,2.17,0.88,-0.886,-1.117,-9.55,4.44,-5.92,-4.96,-1.018,0.534,-0.657,-6.766,-6.267,-0.587,-5.728,-6.779,6.766,0.284,0.0,-0.103,0.387,0.134,6.267,-0.461,-0.0,-0.077,-0.383,-0.227,1.445,1.7,4.139,3.755
27.7704,0.702,0.318,10.214,-0.61,2.17,0.88,-0.886,-1.117,-9.55,4.44,-5.92,-4.96,-1.018,0.534,-0.657,-6.766,-6.267,-0.587,-5.728,-6.779,6.766,0.284,0.0,-0.103,0.387,0.134,6.267,-0.461,-0.0,-0.077,-0.383,-0.227,1.445,1.7,4.139,3.755
27.8306,-1.93,-0.057,10.848,-0.33,1.88,2.06,-1.678,-1.253,-9.719,-0.46,7.72,-6.4,-0.747,0.464,-0.554,-6.844,-6.427,-0.425,-6.075,-6.868,6.844,0.287,0.0,0.135,0.152,0.111,6.427,-0.453,-0.0,0.008,-0.461,-0.236,1.402,1.689,4.139,3.755
27.8608,0.314,0.347,10.336,0.43,-1.32,-2.08,-1.61,-0.251,-9.656,10.73,-2.57,-0.01,-0.734,0.469,-0.585,-6.752,-6.459,-0.431,-5.996,-6.905,6.752,0.283,-0.0,-0.045,0.328,0.128,6.459,-0.451,0.0,-0.187,-0.264,-0.213,1.412,1.685,4.139,3.755
27.8608,0.314,0.347,10.336,0.43,-1.32,-2.08,-1.61,-0.251,-9.656,10.73,-2.57,-0.01,-0.734,0.469,-0.585,-6.752,-6.459,-0.431,-5.996,-6.905,6.752,0.283,-0.0,-0.045,0.328,0.128,6.459,-0.451,0.0,-0.187,-0.264,-0.213,1.412,1.685,4.139,3.755
27.9145,0.184,0.024,10.233,0.01,-0.51,-0.17,-0.866,-1.419,-9.872,-4.03,8.56,-3.33,-0.744,0.477,-0.577,-6.903,-6.434,-0.475,-6.137,-6.889,6.903,0.289,-0.0,0.149,0.139,0.11,6.434,-0.451,0.0,0.07,-0.521,-0.244,1.395,1.687,4.139,3.755
27.9145,0.184,0.024,10.233,0.01,-0.51,-0.17,-0.866,-1.419,-9.872,-4.03,8.56,-3.33,-0.744,0.477,-0.577,-6.903,-6.434,-0.475,-6.137,-6.889,6.903,0.289,-0.0,0.149,0.139,0.11,6.434,-0.451,0.0,0.07,-0.521,-0.244,1.395,1.687,4.139,3.755
27.9720,0.192,0.16,9.965,0.11,-0.84,-0.69,-0.674,-1.049,-9.476,3.9,-4.47,1.21,-0.705,0.451,-0.584,-7.192,-6.716,-0.459,-6.464,-7.145,7.192,0.299,-0.0,-0.078,0.377,0.134,6.716,-0.438,0.0,-0.068,-0.37,-0.226,1.355,1.656,4.139,3.755
28.0044,0.151,-0.055,10.178,-0.02,-0.03,-0.13,-1.086,-1.228,-9.562,-0.21,0.42,1.23,-0.745,0.458,-0.592,-7.088,-6.732,-0.501,-6.321,-7.167,7.088,0.295,-0.0,0.007,0.288,0.125,6.732,-0.437,-0.0,0.004,-0.44,-0.234,1.355,1.656,4.139,3.755
28.0044,0.151,-0.055,10.178,-0.02,-0.03,-0.13,-1.086,-1.228,-9.562,-0.21,0.42,1.23,-0.745,0.458,-0.592,-7.088,-6.732,-0.501,-6.321,-7.167,7.088,0.295,-0.0,0.007,0.288,0.125,6.732,-0.437,-0.0,0.004,-0.44,-0.234,1.372,1.653,4.139,3.755
28.0618,0.182,0.153,9.946,0.03,-0.19,-0.06,-1.101,-1.056,-9.62,2.42,2.0,-1.08,-0.735,0.468,-0.586,-7.111,-6.816,-0.471,-6.354,-7.261,7.111,0.296,-0.0,0.035,0.261,0.122,6.816,-0.432,0.0,-0.042,-0.39,-0.229,1.368,1.641,4.139,3.755
28.0618,0.182,0.153,9.946,0.03,-0.19,-0.06,-1.101,-1.056,-9.62,2.42,2.0,-1.08,-0.735,0.468,-0.586,-7.111,-6.816,-0.471,-6.354,-7.261,7.111,0.296,-0.0,0.035,0.261,0.122,6.816,-0.432,0.0,-0.042,-0.39,-0.229,1.368,1.641,4.139,3.755
28.1171,0.146,0.079,10.01,0.04,-0.2,-0.1,-1.178,-1.225,-9.681,-1.41,-0.54,0.05,-0.717,0.455,-0.584,-7.125,-6.764,-0.492,-6.386,-7.196,7.125,0.297,-0.0,-0.009,0.306,0.127,6.764,-0.433,0.0,0.025,-0.458,-0.237,1.364,1.649,4.139,3.755
28.1494,0.115,0.093,10.13,-0.09,0.07,-0.04,-1.342,-1.189,-9.622,3.0,-1.22,0.44,-0.722,0.451,-0.586,-7.15,-6.82,-0.504,-6.406,-7.248,7.125,0.297,-0.0,-0.009,0.306,0.127,6.764,-0.433,0.0,0.025,-0.458,-0.237,1.364,1.649,4.139,3.755
28.1795,0.117,0.055,10.034,-0.05,-0.01,0.13,-1.24,-1.307,-9.558,1.67,1.07,-0.63,-0.709,0.452,-0.584,-7.148,-6.888,-0.5,-6.416,-7.317,7.148,0.297,-0.0,0.019,0.279,0.124,6.888,-0.427,-0.0,-0.029,-0.398,-0.23,1.361,1.635,4.139,3.755
28.2054,0.105,0.079,10.029,-0.02,-0.12,-0.06,-1.182,-1.173,-9.559,3.22,-0.08,-0.84,-0.7,0.446,-0.584,-7.147,-6.954,-0.486,-6.424,-7.377,7.147,0.297,-0.0,-0.001,0.299,0.126,6.954,-0.424,-0.0,-0.056,-0.367,-0.226,1.36,1.627,4.139,3.755
28.2054,0.105,0.079,10.029,-0.02,-0.12,-0.06,-1.182,-1.173,-9.559,3.22,-0.08,-0.84,-0.7,0.446,-0.584,-7.147,-6.954,-0.486,-6.424,-7.377,7.147,0.297,-0.0,-0.001,0.299,0.126,6.954,-0.424,-0.0,-0.056,-0.367,-0.226,1.36,1.627,4.139,3.755
28.2656,0.079,0.029,10.147,-0.0,0.08,0.18,-1.295,-1.227,-9.662,-1.58,0.64,-0.46,-0.685,0.439,-0.579,-7.145,-6.972,-0.487,-6.438,-7.388,7.145,0.297,0.0,0.011,0.286,0.125,6.972,-0.422,-0.0,0.028,-0.449,-0.236,1.358,1.626,4.139,3.755
28.2903,0.124,0.062,10.041,-0.02,-0.02,0.04,-1.241,-1.074,-9.594,-0.22,0.29,0.42,-0.683,0.433,-0.578,-7.142,-6.949,-0.498,-6.436,-7.359,7.142,0.297,-0.0,0.005,0.292,0.126,6.949,-0.422,-0.0,0.004,-0.426,-0.234,1.358,1.629,4.139,3.755
28.2903,0.124,0.062,10.041,-0.02,-0.02,0.04,-1.241,-1.074,-9.594,-0.22,0.29,0.42,-0.683,0.433,-0.578,-7.142,-6.949,-0.498,-6.436,-7.359,7.142,0.297,-0.0,0.005,0.292,0.126,6.949,-0.422,-0.0,0.004,-0.426,-0.234,1.358,1.629,4.139,3.755
28.3491,0.201,0.062,10.003,0.05,-0.35,-0.33,-1.27,-1.17,-9.615,-7.97,-0.67,1.3,-0.675,0.429,-0.583,-7.131,-6.712,-0.558,-6.434,-7.119,7.131,0.297,-0.0,-0.012,0.309,0.127,6.712,-0.432,0.0,0.139,-0.571,-0.251,1.358,1.659,4.139,3.755
28.3491,0.201,0.062,10.003,0.05,-0.35,-0.33,-1.27,-1.17,-9.615,-7.97,-0.67,1.3,-0.675,0.429,-0.583,-7.131,-6.712,-0.558,-6.434,-7.119,7.131,0.297,-0.0,-0.012,0.309,0.127,6.712,-0.432,0.0,0.139,-0.571,-0.251,1.358,1.659,4.139,3.755
28.4088,0.189,0.069,10.08,0.1,-0.19,-0.17,-1.104,-1.009,-9.555,-6.26,-0.52,0.31,-0.676,0.434,-0.591,-7.15,-6.495,-0.589,-6.452,-6.908,7.15,0.298,-0.0,-0.009,0.307,0.127,6.495,-0.44,0.0,0.109,-0.549,-0.249,1.356,1.684,4.139,3.755
28.4358,0.122,0.007,10.065,-0.01,-0.05,-0.06,-1.287,-1.124,-9.655,-6.9,1.19,1.49,-0.673,0.43,-0.591,-7.118,-6.339,-0.619,-6.423,-6.749,7.118,0.297,-0.0,0.021,0.276,0.124,6.339,-0.447,-0.0,0.121,-0.567,-0.251,1.36,1.704,4.139,3.755
28.4358,0.122,0.007,10.065,-0.01,-0.05,-0.06,-1.287,-1.124,-9.655,-6.9,1.19,1.49,-0.673,0.43,-0.591,-7.118,-6.339,-0.619,-6.423,-6.749,7.118,0.297,-0.0,0.021,0.276,0.124,6.339,-0.447,-0.0,0.121,-0.567,-0.251,1.36,1.704,4.139,3.755
28.4976,0.089,0.201,10.046,0.21,-0.38,-0.79,-1.152,-0.967,-9.237,5.41,2.14,-0.73,-0.734,0.44,-0.614,-7.174,-6.637,-0.588,-6.418,-7.055,7.174,0.299,-0.0,0.037,0.261,0.123,6.637,-0.433,0.0,-0.094,-0.338,-0.224,1.36,1.667,4.139,3.755
28.5240,0.067,-0.002,10.228,-0.05,-0.07,-0.14,-1.035,-1.056,-9.614,-2.33,-4.05,1.23,-0.733,0.438,-0.62,-7.182,-6.59,-0.615,-6.427,-7.007,7.174,0.299,-0.0,0.037,0.261,0.123,6.637,-0.433,0.0,-0.094,-0.338,-0.224,1.36,1.667,4.139,3.755
28.5577,0.005,0.117,10.118,-0.1,0.23,0.26,-1.177,-1.252,-9.819,-0.46,2.24,0.24,-0.723,0.447,-0.615,-7.12,-6.592,-0.62,-6.375,-7.018,7.12,0.297,0.0,0.039,0.258,0.123,6.592,-0.434,-0.0,0.008,-0.442,-0.236,1.366,1.671,4.139,3.755
28.5843,0.11,0.086,10.161,-0.07,-0.91,0.25,-1.331,-1.1,-9.473,1.65,1.72,-1.04,-0.729,0.44,-0.611,-7.125,-6.62,-0.596,-6.374,-7.038,7.125,0.297,-0.0,0.03,0.267,0.124,6.62,-0.432,-0.0,-0.029,-0.403,-0.232,1.366,1.669,4.139,3.755
28.5843,0.11,0.086,10.161,-0.07,-0.91,0.25,-1.331,-1.1,-9.473,1.65,1.72,-1.04,-0.729,0.44,-0.611,-7.125,-6.62,-0.596,-6.374,-7.038,7.125,0.297,-0.0,0.03,0.267,0.124,6.62,-0.432,-0.0,-0.029,-0.403,-0.232,1.366,1.669,4.139,3.755
28.6388,0.215,0.136,10.027,-0.13,-0.13,-0.07,-1.051,-1.161,-9.674,-0.29,1.34,0.44,-0.746,0.438,-0.614,-7.165,-6.625,-0.615,-6.397,-7.041,7.165,0.298,-0.0,0.023,0.275,0.125,6.625,-0.431,-0.0,0.005,-0.436,-0.236,1.363,1.668,4.139,3.755
28.6712,0.11,0.065,10.056,-0.0,0.04,0.11,-1.246,-1.174,-9.542,0.11,0.17,-0.41,-0.754,0.435,-0.612,-7.165,-6.636,-0.609,-6.389,-7.05,7.165,0.299,0.0,0.003,0.296,0.127,6.636,-0.43,-0.0,-0.002,-0.428,-0.235,1.364,1.667,4.139,3.755
28.6712,0.11,0.065,10.056,-0.0,0.04,0.11,-1.246,-1.174,-9.542,0.11,0.17,-0.41,-0.754,0.435,-0.612,-7.165,-6.636,-0.609,-6.389,-7.05,7.165,0.299,0.0,0.003,0.296,0.127,6.636,-0.43,-0.0,-0.002,-0.428,-0.235,1.364,1.667,4.139,3.755
28.7260,0.124,0.113,10.02,-0.05,-0.0,-0.07,-1.15,-1.119,-9.564,0.55,0.65,0.54,-0.742,0.429,-0.613,-7.177,-6.641,-0.612,-6.414,-7.048,7.177,0.299,-0.0,0.011,0.288,0.126,6.641,-0.429,-0.0,-0.01,-0.419,-0.234,1.361,1.667,4.139,3.755
28.7260,0.124,0.113,10.02,-0.05,-0.0,-0.07,-1.15,-1.119,-9.564,0.55,0.65,0.54,-0.742,0.429,-0.613,-7.177,-6.641,-0.612,-6.414,-7.048,7.177,0.299,-0.0,0.011,0.288,0.126,6.641,-0.429,-0.0,-0.01,-0.419,-0.234,1.361,1.667,4.139,3.755
28.7835,0.113,0.072,10.056,0.08,-0.1,0.02,-1.256,-1.094,-9.609,0.87,-0.96,-0.2,-0.727,0.429,-0.613,-7.185,-6.647,-0.61,-6.436,-7.056,7.185,0.299,-0.0,-0.017,0.316,0.129,6.647,-0.428,0.0,-0.015,-0.413,-0.233,1.358,1.666,4.139,3.755
28.8152,0.084,0.084,10.084,-0.15,-0.04,0.06,-1.201,-1.138,-9.567,0.06,0.37,0.11,-0.714,0.427,-0.612,-7.185,-6.657,-0.613,-6.449,-7.062,7.185,0.299,-0.0,-0.017,0.316,0.129,6.647,-0.428,0.0,-0.015,-0.413,-0.233,1.358,1.666,4.139,3.755
28.8453,0.127,0.069,10.075,-0.05,-0.15,-0.09,-1.231,-1.141,-9.597,-0.25,0.69,-0.17,-0.711,0.425,-0.613,-7.18,-6.65,-0.614,-6.447,-7.054,7.18,0.299,-0.0,0.012,0.287,0.126,6.65,-0.427,-0.0,0.004,-0.431,-0.236,1.357,1.667,4.139,3.755
28.8711,0.12,0.065,10.041,0.01,-0.04,-0.04,-1.24,-1.131,-9.573,0.45,-1.08,0.12,-0.71,0.424,-0.613,-7.2,-6.663,-0.615,-6.468,-7.066,7.2,0.3,-0.0,-0.019,0.319,0.13,6.663,-0.426,0.0,-0.008,-0.418,-0.234,1.354,1.665,4.139,3.755
28.8711,0.12,0.065,10.041,0.01,-0.04,-0.04,-1.24,-1.131,-9.573,0.45,-1.08,0.12,-0.71,0.424,-0.613,-7.2,-6.663,-0.615,-6.468,-7.066,7.2,0.3,-0.0,-0.019,0.319,0.13,6.663,-0.426,0.0,-0.008,-0.418,-0.234,1.354,1.665,4.139,3.755
28.9344,0.182,0.067,10.065,-0.12,-0.03,0.06,-1.225,-1.147,-9.564,0.29,0.28,-0.34,-0.715,0.426,-0.612,-7.191,-6.676,-0.616,-6.454,-7.08,7.191,0.3,-0.0,0.005,0.295,0.127,6.676,-0.424,-0.0,-0.005,-0.419,-0.235,1.356,1.663,4.139,3.755
28.9590,0.139,0.036,10.056,0.04,-0.01,0.02,-1.205,-1.1,-9.594,0.03,-0.51,0.05,-0.718,0.423,-0.612,-7.201,-6.674,-0.617,-6.461,-7.076,7.191,0.3,-0.0,0.005,0.295,0.127,6.676,-0.424,-0.0,-0.005,-0.419,-0.235,1.356,1.663,4.139,3.755
28.9878,0.117,0.074,10.06,-0.0,-0.05,-0.1,-1.24,-1.149,-9.621,-0.85,0.43,0.38,-0.711,0.422,-0.613,-7.196,-6.662,-0.626,-6.463,-7.062,7.196,0.3,-0.0,0.008,0.292,0.127,6.662,-0.424,-0.0,0.015,-0.439,-0.237,1.355,1.666,4.139,3.755
29.0164,0.18,0.062,9.998,-0.09,-0.13,0.1,-1.211,-1.104,-9.564,-1.95,1.54,-0.14,-0.72,0.419,-0.61,-7.183,-6.617,-0.625,-6.441,-7.016,7.183,0.299,-0.0,0.027,0.273,0.125,6.617,-0.425,-0.0,0.034,-0.459,-0.24,1.358,1.671,4.139,3.755
29.0164,0.18,0.062,9.998,-0.09,-0.13,0.1,-1.211,-1.104,-9.564,-1.95,1.54,-0.14,-0.72,0.419,-0.61,-7.183,-6.617,-0.625,-6.441,-7.016,7.183,0.299,-0.0,0.027,0.273,0.125,6.617,-0.425,-0.0,0.034,-0.459,-0.24,1.358,1.671,4.139,3.755
29.0815,0.153,0.108,9.993,0.04,0.01,0.04,-1.057,-0.901,-9.471,-17.0,4.72,1.9,-0.714,0.43,-0.611,-7.168,-6.2,-0.679,-6.432,-6.611,7.168,0.299,0.0,0.082,0.217,0.12,6.2,-0.443,0.0,0.297,-0.739,-0.274,1.359,1.721,4.139,3.755
29.1063,0.129,0.096,10.022,-0.01,0.01,0.09,-1.304,-1.056,-9.723,-16.2,-0.21,1.8,-0.717,0.425,-0.609,-7.148,-5.852,-0.721,-6.41,-6.259,7.148,0.298,0.0,-0.004,0.302,0.128,5.852,-0.457,-0.0,0.283,-0.74,-0.274,1.361,1.764,4.139,3.755
29.1063,0.129,0.096,10.022,-0.01,0.01,0.09,-1.304,-1.056,-9.723,-16.2,-0.21,1.8,-0.717,0.425,-0.609,-7.148,-5.852,-0.721,-6.41,-6.259,7.148,0.298,0.0,-0.004,0.302,0.128,5.852,-0.457,-0.0,0.283,-0.74,-0.274,1.361,1.764,4.139,3.755
29.1644,0.129,0.081,10.072,-0.07,0.15,0.06,-1.208,-0.612,-9.571,-26.42,-3.09,3.85,-0.711,0.43,-0.608,-7.214,-4.897,-0.83,-6.482,-5.315,7.214,0.301,0.0,-0.054,0.355,0.134,4.897,-0.498,-0.0,0.461,-0.959,-0.301,1.352,1.879,4.139,3.755
29.1644,0.129,0.081,10.072,-0.07,0.15,0.06,-1.208,-0.612,-9.571,-26.42,-3.09,3.85,-0.711,0.43,-0.608,-7.214,-4.897,-0.83,-6.482,-5.315,7.214,0.301,0.0,-0.054,0.355,0.134,4.897,-0.498,-0.0,0.461,-0.959,-0.301,1.352,1.879,4.139,3.755
29.2189,0.204,0.124,10.13,0.05,-0.01,0.0,-1.191,-0.594,-9.639,-16.27,2.22,2.06,-0.724,0.437,-0.612,-7.218,-4.052,-0.936,-6.475,-4.48,7.218,0.301,-0.0,0.039,0.262,0.125,4.052,-0.535,0.0,0.284,-0.819,-0.284,1.353,1.981,4.139,3.755
29.2520,0.072,0.026,10.072,-0.04,0.29,0.11,-1.171,-0.582,-9.759,-13.87,4.24,1.4,-0.699,0.43,-0.61,-7.134,-3.734,-0.967,-6.416,-4.157,7.134,0.298,0.0,0.074,0.224,0.121,3.734,-0.548,-0.0,0.242,-0.79,-0.281,1.361,2.021,4.139,3.755
29.2520,0.072,0.026,10.072,-0.04,0.29,0.11,-1.171,-0.582,-9.759,-13.87,4.24,1.4,-0.699,0.43,-0.61,-7.134,-3.734,-0.967,-6.416,-4.157,7.134,0.298,0.0,0.074,0.224,0.121,3.734,-0.548,-0.0,0.242,-0.79,-0.281,1.361,2.021,4.139,3.755
29.3064,0.117,0.089,10.07,0.01,0.2,0.26,-1.271,-0.796,-9.862,7.07,1.14,-2.14,-0.692,0.428,-0.606,-6.969,-3.612,-0.924,-6.259,-4.033,6.969,0.292,0.0,0.02,0.272,0.126,3.612,-0.553,0.0,-0.123,-0.43,-0.238,1.38,2.036,4.139,3.755
29.3350,-0.014,0.084,10.087,-0.05,0.41,0.26,-1.258,-0.547,-9.67,21.93,-0.0,-4.06,-0.677,0.438,-0.6,-6.974,-4.008,-0.836,-6.277,-4.436,6.969,0.292,0.0,0.02,0.272,0.126,3.612,-0.553,0.0,-0.123,-0.43,-0.238,1.38,2.036,4.139,3.755
29.3643,0.022,0.079,10.063,0.04,-0.15,-0.22,-1.0,-0.443,-9.607,22.51,-0.3,-2.72,-0.648,0.429,-0.601,-6.995,-4.417,-0.773,-6.327,-4.834,6.995,0.293,-0.0,-0.005,0.298,0.128,4.417,-0.517,0.0,-0.393,-0.124,-0.201,1.371,1.938,4.139,3.755
29.3998,0.117,0.029,10.113,-0.0,-0.25,-0.16,-1.038,-0.539,-9.656,17.78,3.28,-0.69,-0.656,0.423,-0.605,-6.897,-4.742,-0.757,-6.221,-5.152,6.995,0.293,-0.0,-0.005,0.298,0.128,4.417,-0.517,0.0,-0.393,-0.124,-0.201,1.371,1.938,4.139,3.755
29.3998,0.117,0.029,10.113,-0.0,-0.25,-0.16,-1.038,-0.539,-9.656,17.78,3.28,-0.69,-0.656,0.423,-0.605,-6.897,-4.742,-0.757,-6.221,-5.152,6.897,0.29,-0.0,0.057,0.233,0.122,4.742,-0.503,-0.0,-0.31,-0.192,-0.209,1.384,1.899,4.139,3.755
29.4559,0.213,0.115,9.953,0.04,-0.44,-0.24,-1.083,-0.396,-9.384,-18.52,-3.24,2.96,-0.659,0.427,-0.612,-7.073,-4.541,-0.804,-6.393,-4.956,7.073,0.296,-0.0,-0.057,0.352,0.134,4.541,-0.511,0.0,0.323,-0.834,-0.287,1.363,1.923,4.139,3.755
29.4823,0.132,0.031,9.938,-0.05,-0.04,-0.03,-1.172,-0.781,-9.783,-20.09,-6.52,4.43,-0.679,0.427,-0.613,-7.162,-4.104,-0.883,-6.463,-4.521,7.073,0.296,-0.0,-0.057,0.352,0.134,4.541,-0.511,0.0,0.323,-0.834,-0.287,1.363,1.923,4.139,3.755
29.4823,0.132,0.031,9.938,-0.05,-0.04,-0.03,-1.172,-0.781,-9.783,-20.09,-6.52,4.43,-0.679,0.427,-0.613,-7.162,-4.104,-0.883,-6.463,-4.521,7.162,0.299,-0.0,-0.114,0.413,0.14,4.104,-0.53,-0.0,0.351,-0.88,-0.292,1.355,1.976,4.139,3.755
29.5396,0.148,0.043,10.163,-0.02,-0.0,0.07,-1.191,0.038,-9.373,-30.31,-4.78,3.23,-0.69,0.426,-0.612,-7.309,-3.12,-0.965,-6.598,-3.54,7.309,0.304,-0.0,-0.083,0.388,0.138,3.12,-0.572,-0.0,0.529,-1.101,-0.319,1.338,2.096,4.139,3.755
29.5396,0.148,0.043,10.163,-0.02,-0.0,0.07,-1.191,0.038,-9.373,-30.31,-4.78,3.23,-0.69,0.426,-0.612,-7.309,-3.12,-0.965,-6.598,-3.54,7.309,0.304,-0.0,-0.083,0.388,0.138,3.12,-0.572,-0.0,0.529,-1.101,-0.319,1.338,2.096,4.139,3.755
29.5962,0.151,0.101,10.132,0.1,-0.25,-0.17,-1.152,0.249,-9.439,-72.52,-4.46,9.76,-0.688,0.422,-0.614,-7.534,-0.461,-1.304,-6.828,-0.892,7.534,0.312,-0.0,-0.078,0.39,0.138,0.461,-0.688,0.0,1.266,-1.954,-0.422,1.31,2.42,4.139,3.755
29.6283,0.077,0.024,10.18,-0.04,0.55,0.35,-1.5,1.137,-9.328,-98.74,-5.2,12.18,-0.69,0.423,-0.609,-7.635,1.601,-1.53,-6.929,1.16,7.534,0.312,-0.0,-0.078,0.39,0.138,0.461,-0.688,0.0,1.266,-1.954,-0.422,1.31,2.42,4.139,3.755
29.6574,-0.184,0.024,10.19,0.01,0.93,-0.01,-1.792,1.93,-9.105,-140.55,-9.6,19.89,-0.616,0.412,-0.604,-7.913,4.584,-1.905,-7.281,4.14,7.913,0.325,0.0,-0.168,0.493,0.149,-4.584,-0.908,0.0,2.453,-3.361,-0.592,1.255,3.034,4.139,3.755
29.6858,-0.187,-0.01,10.398,0.08,0.75,-0.47,-1.387,0.711,-10.658,-131.28,-12.23,20.87,-0.551,0.398,-0.612,-8.153,7.533,-2.322,-7.588,7.09,8.153,0.334,0.0,-0.213,0.547,0.154,-7.533,-1.037,0.0,2.291,-3.329,-0.589,1.217,3.395,4.139,3.755
29.6858,-0.187,-0.01,10.398,0.08,0.75,-0.47,-1.387,0.711,-10.658,-131.28,-12.23,20.87,-0.551,0.398,-0.612,-8.153,7.533,-2.322,-7.588,7.09,8.153,0.334,0.0,-0.213,0.547,0.154,-7.533,-1.037,0.0,2.291,-3.329,-0.589,1.217,3.395,4.139,3.755
29.7410,0.709,0.256,9.864,0.01,-0.58,0.66,-1.614,0.895,-9.498,93.32,-9.03,-20.77,-0.678,0.426,-0.625,-8.582,5.77,-2.011,-7.888,5.305,8.582,0.349,-0.0,-0.158,0.507,0.15,-5.77,-0.962,0.0,-1.629,0.667,-0.11,1.181,3.177,4.139,3.755
29.7736,0.316,-0.022,9.869,-0.46,0.58,1.69,-1.135,1.925,-9.907,103.26,-2.38,-22.11,-0.72,0.408,-0.602,-8.647,3.849,-1.551,-7.907,3.413,8.582,0.349,-0.0,-0.158,0.507,0.15,-5.77,-0.962,0.0,-1.629,0.667,-0.11,1.181,3.177,4.139,3.755
29.8028,-0.184,-0.146,10.108,-0.13,-0.24,0.01,-1.227,1.354,-9.243,89.6,25.71,-15.3,-0.665,0.378,-0.591,-8.208,2.13,-1.211,-7.522,1.736,8.208,0.336,-0.0,0.449,-0.113,0.089,-2.13,-0.803,-0.0,-1.564,0.761,-0.098,1.225,2.741,4.139,3.755
29.8288,0.158,0.055,10.156,0.12,-0.27,-0.52,-1.914,1.195,-9.13,54.82,14.13,-7.69,-0.689,0.376,-0.603,-7.926,1.058,-1.02,-7.215,0.671,7.926,0.326,-0.0,0.247,0.08,0.108,-1.058,-0.757,0.0,-0.957,0.2,-0.165,1.263,2.61,4.139,3.755
29.8288,0.158,0.055,10.156,0.12,-0.27,-0.52,-1.914,1.195,-9.13,54.82,14.13,-7.69,-0.689,0.376,-0.603,-7.926,1.058,-1.02,-7.215,0.671,7.926,0.326,-0.0,0.247,0.08,0.108,-1.058,-0.757,0.0,-0.957,0.2,-0.165,1.263,2.61,4.139,3.755
29.8926,0.077,-0.036,10.053,0.15,-0.53,-0.46,-1.475,0.643,-9.359,-7.13,-0.28,1.58,-0.654,0.391,-0.609,-7.87,0.799,-1.037,-7.194,0.398,7.87,0.324,-0.0,-0.005,0.329,0.133,-0.799,-0.745,0.0,0.125,-0.87,-0.294,1.265,2.577,4.139,3.755
29.9174,0.158,0.096,10.104,-0.02,-0.09,-0.16,-1.281,0.589,-9.548,-25.0,-2.89,5.49,-0.676,0.396,-0.615,-7.913,1.351,-1.131,-7.216,0.942,7.87,0.324,-0.0,-0.005,0.329,0.133,-0.799,-0.745,0.0,0.125,-0.87,-0.294,1.265,2.577,4.139,3.755
29.9465,0.017,0.077,10.127,-0.05,0.27,-0.03,-1.338,0.245,-9.602,-29.95,-0.98,4.69,-0.655,0.401,-0.615,-7.942,1.971,-1.221,-7.266,1.555,7.942,0.327,0.0,-0.017,0.344,0.134,-1.971,-0.797,-0.0,0.523,-1.319,-0.348,1.257,2.718,4.139,3.755
29.9735,0.163,0.072,10.056,-0.03,0.05,0.12,-1.322,0.318,-9.905,-18.45,-0.12,0.61,-0.652,0.404,-0.614,-7.93,2.394,-1.228,-7.258,1.973,7.93,0.326,0.0,-0.002,0.329,0.133,-2.394,-0.815,-0.0,0.322,-1.137,-0.327,1.258,2.77,4.139,3.755
29.9735,0.163,0.072,10.056,-0.03,0.05,0.12,-1.322,0.318,-9.905,-18.45,-0.12,0.61,-0.652,0.404,-0.614,-7.93,2.394,-1.228,-7.258,1.973,7.93,0.326,0.0,-0.002,0.329,0.133,-2.394,-0.815,-0.0,0.322,-1.137,-0.327,1.258,2.77,4.139,3.755
30.0327,0.108,0.079,10.056,-0.0,0.02,0.06,-1.516,0.928,-9.232,-8.45,2.48,0.14,-0.654,0.406,-0.607,-7.786,2.714,-1.185,-7.112,2.29,7.786,0.321,0.0,0.043,0.278,0.128,-2.714,-0.83,-0.0,0.147,-0.977,-0.308,1.276,2.808,4.139,3.755
30.0654,0.086,0.072,10.156,0.08,0.04,-0.08,-1.353,1.165,-9.396,-26.96,1.55,4.47,-0.646,0.408,-0.608,-7.783,3.331,-1.248,-7.118,2.903,7.786,0.321,0.0,0.043,0.278,0.128,-2.714,-0.83,-0.0,0.147,-0.977,-0.308,1.276,2.808,4.139,3.755
30.0941,0.029,0.081,10.072,0.04,-0.38,-0.42,-1.567,1.249,-9.487,-39.46,-2.46,8.82,-0.629,0.411,-0.616,-7.821,4.224,-1.407,-7.173,3.787,7.821,0.323,-0.0,-0.043,0.366,0.137,-4.224,-0.896,0.0,0.689,-1.585,-0.381,1.268,2.991,4.139,3.755
30.1194,0.115,0.091,9.996,0.17,0.01,-0.2,-1.411,1.389,-9.2,-64.95,-7.02,9.74,-0.635,0.423,-0.621,-7.991,5.564,-1.603,-7.339,5.11,7.991,0.329,0.0,-0.123,0.451,0.146,-5.564,-0.955,0.0,1.134,-2.088,-0.442,1.248,3.153,4.139,3.755
30.1194,0.115,0.091,9.996,0.17,0.01,-0.2,-1.411,1.389,-9.2,-64.95,-7.02,9.74,-0.635,0.423,-0.621,-7.991,5.564,-1.603,-7.339,5.11,7.991,0.329,0.0,-0.123,0.451,0.146,-5.564,-0.955,0.0,1.134,-2.088,-0.442,1.248,3.153,4.139,3.755
30.1833,0.089,0.081,10.063,0.03,-0.18,-0.04,-1.294,0.498,-10.484,1.56,-3.16,-0.02,-0.598,0.415,-0.621,-8.132,7.097,-1.755,-7.517,6.643,8.132,0.334,-0.0,-0.055,0.389,0.139,-7.097,-1.023,0.0,-0.027,-0.995,-0.312,1.226,3.34,4.139,3.755
30.2077,0.484,0.144,9.835,0.06,-0.45,0.32,-1.408,1.147,-9.465,41.65,-3.28,-9.69,-0.667,0.421,-0.618,-8.217,6.321,-1.566,-7.531,5.864,8.132,0.334,-0.0,-0.055,0.389,0.139,-7.097,-1.023,0.0,-0.027,-0.995,-0.312,1.226,3.34,4.139,3.755
30.2372,0.01,-0.012,9.881,-0.09,0.3,0.38,-1.407,1.262,-9.77,51.89,-1.19,-10.04,-0.667,0.409,-0.608,-8.277,5.367,-1.342,-7.589,4.928,8.277,0.339,0.0,-0.021,0.36,0.137,-5.367,-0.948,-0.0,-0.906,-0.042,-0.197,1.224,3.245,4.139,3.755
30.2711,0.045,0.045,10.056,0.05,-0.44,-0.21,-1.452,0.849,-9.826,70.32,0.56,-9.66,-0.652,0.404,-0.611,-8.292,4.04,-1.128,-7.617,3.613,8.292,0.339,-0.0,0.01,0.33,0.134,-4.04,-0.89,0.0,-1.227,0.337,-0.152,1.214,2.97,4.139,3.755
30.2711,0.045,0.045,10.056,0.05,-0.44,-0.21,-1.452,0.849,-9.826,70.32,0.56,-9.66,-0.652,0.404,-0.611,-8.292,4.04,-1.128,-7.617,3.613,8.292,0.339,-0.0,0.01,0.33,0.134,-4.04,-0.89,0.0,-1.227,0.337,-0.152,1.214,2.97,4.139,3.755
30.3274,0.096,0.122,9.986,-0.01,-0.15,0.09,-1.328,0.775,-9.294,49.44,-3.73,-7.26,-0.702,0.42,-0.612,-8.553,1.542,-0.751,-7.825,1.112,8.553,0.348,-0.0,-0.065,0.414,0.142,-1.542,-0.782,-0.0,-0.863,0.081,-0.182,1.188,2.664,4.139,3.755
30.3525,0.122,0.079,10.089,-0.09,-0.28,-0.28,-1.429,0.468,-9.488,26.05,1.23,-4.17,-0.704,0.42,-0.616,-8.516,0.987,-0.657,-7.786,0.561,8.553,0.348,-0.0,-0.065,0.414,0.142,-1.542,-0.782,-0.0,-0.863,0.081,-0.182,1.188,2.664,4.139,3.755
30.3814,0.124,0.096,10.123,-0.18,-0.09,0.06,-1.452,0.152,-9.578,16.42,-1.13,-2.07,-0.711,0.413,-0.616,-8.536,0.629,-0.611,-7.798,0.211,8.536,0.348,-0.0,-0.02,0.368,0.138,-0.629,-0.742,-0.0,-0.287,-0.455,-0.247,1.192,2.554,4.139,3.755
30.4161,0.072,0.084,9.943,-0.04,0.04,0.03,-1.472,-0.102,-9.521,9.93,-0.16,-2.36,-0.705,0.42,-0.615,-8.568,0.369,-0.567,-7.836,-0.054,8.536,0.348,-0.0,-0.02,0.368,0.138,-0.629,-0.742,-0.0,-0.287,-0.455,-0.247,1.192,2.554,4.139,3.755
30.4161,0.072,0.084,9.943,-0.04,0.04,0.03,-1.472,-0.102,-9.521,9.93,-0.16,-2.36,-0.705,0.42,-0.615,-8.568,0.369,-0.567,-7.836,-0.054,8.568,0.349,0.0,-0.003,0.352,0.136,-0.369,-0.731,-0.0,-0.173,-0.557,-0.259,1.187,2.522,4.139,3.755
30.4721,0.05,0.11,9.981,0.11,-0.16,0.04,-1.393,-0.077,-9.517,3.64,-2.01,0.26,-0.694,0.427,-0.614,-8.691,0.089,-0.532,-7.97,-0.339,8.691,0.353,-0.0,-0.035,0.389,0.14,-0.089,-0.719,0.0,-0.063,-0.655,-0.271,1.171,2.487,4.139,3.755
30.4962,0.098,0.079,10.072,-0.05,-0.03,0.17,-1.495,-0.138,-9.629,-1.97,0.58,-1.03,-0.692,0.428,-0.612,-8.69,0.078,-0.519,-7.97,-0.352,8.69,0.353,-0.0,0.01,0.343,0.136,-0.078,-0.718,-0.0,0.034,-0.753,-0.283,1.171,2.487,4.139,3.755
30.5253,0.124,0.069,10.075,-0.11,-0.06,0.04,-1.422,-0.085,-9.755,4.81,0.01,-0.97,-0.689,0.425,-0.611,-8.686,-0.012,-0.497,-7.969,-0.439,8.686,0.353,-0.0,0.0,0.353,0.137,0.012,-0.714,-0.0,-0.084,-0.63,-0.268,1.171,2.475,4.139,3.755
30.5595,0.122,0.038,10.063,0.04,-0.12,-0.07,-1.444,0.281,-9.428,-0.56,3.15,0.38,-0.685,0.42,-0.612,-8.627,-0.022,-0.505,-7.914,-0.444,8.627,0.351,-0.0,0.055,0.296,0.131,0.022,-0.714,0.0,0.01,-0.724,-0.28,1.178,2.474,4.139,3.755
30.5595,0.122,0.038,10.063,0.04,-0.12,-0.07,-1.444,0.281,-9.428,-0.56,3.15,0.38,-0.685,0.42,-0.612,-8.627,-0.022,-0.505,-7.914,-0.444,8.627,0.351,-0.0,0.055,0.296,0.131,0.022,-0.714,0.0,0.01,-0.724,-0.28,1.178,2.474,4.139,3.755
30.6134,0.005,0.038,10.101,-0.02,0.12,-0.04,-1.617,0.123,-9.601,-42.92,9.04,6.6,-0.675,0.42,-0.611,-8.347,1.312,-0.729,-7.647,0.883,8.347,0.342,0.0,0.158,0.184,0.12,-1.312,-0.772,-0.0,0.749,-1.521,-0.376,1.21,2.636,4.139,3.755
30.6134,0.005,0.038,10.101,-0.02,0.12,-0.04,-1.617,0.123,-9.601,-42.92,9.04,6.6,-0.675,0.42,-0.611,-8.347,1.312,-0.729,-7.647,0.883,8.347,0.342,0.0,0.158,0.184,0.12,-1.312,-0.772,-0.0,0.749,-1.521,-0.376,1.21,2.636,4.139,3.755
30.6760,0.105,0.144,9.998,0.01,-0.05,-0.06,-1.487,0.09,-9.886,-11.66,-9.28,3.71,-0.661,0.431,-0.616,-8.601,2.325,-0.915,-7.915,1.88,8.601,0.35,-0.0,-0.162,0.512,0.153,-2.325,-0.817,0.0,0.204,-1.02,-0.316,1.177,2.758,4.139,3.755
30.7020,0.105,0.129,10.003,0.01,-0.37,-0.23,-1.341,0.23,-9.833,7.99,-7.37,-0.29,-0.658,0.433,-0.621,-8.728,2.194,-0.92,-8.044,1.748,8.728,0.355,-0.0,-0.129,0.484,0.15,-2.194,-0.811,0.0,-0.139,-0.672,-0.275,1.162,2.742,4.139,3.755
30.7020,0.105,0.129,10.003,0.01,-0.37,-0.23,-1.341,0.23,-9.833,7.99,-7.37,-0.29,-0.658,0.433,-0.621,-8.728,2.194,-0.92,-8.044,1.748,8.728,0.355,-0.0,-0.129,0.484,0.15,-2.194,-0.811,0.0,-0.139,-0.672,-0.275,1.162,2.742,4.139,3.755
30.7574,0.038,0.031,9.981,0.02,0.04,-0.03,-1.622,0.491,-9.573,9.67,-7.04,-1.21,-0.677,0.427,-0.619,-9.014,1.765,-0.856,-8.31,1.326,9.014,0.365,0.0,-0.123,0.488,0.151,-1.765,-0.793,0.0,-0.169,-0.624,-0.269,1.129,2.691,4.139,3.755
30.7574,0.038,0.031,9.981,0.02,0.04,-0.03,-1.622,0.491,-9.573,9.67,-7.04,-1.21,-0.677,0.427,-0.619,-9.014,1.765,-0.856,-8.31,1.326,9.014,0.365,0.0,-0.123,0.488,0.151,-1.765,-0.793,0.0,-0.169,-0.624,-0.269,1.129,2.691,4.139,3.755
30.8195,0.038,0.06,10.199,-0.01,0.01,-0.15,-1.672,0.688,-9.413,-23.86,0.8,4.55,-0.677,0.418,-0.628,-9.062,2.32,-0.979,-8.36,1.887,9.062,0.367,0.0,0.014,0.353,0.138,-2.32,-0.817,-0.0,0.416,-1.233,-0.343,1.123,2.759,4.139,3.755
30.8437,0.11,0.043,10.106,0.05,0.1,-0.04,-1.626,1.111,-9.123,-51.58,-0.82,8.93,-0.68,0.421,-0.629,-9.122,3.371,-1.146,-8.416,2.929,9.122,0.369,0.0,-0.014,0.383,0.141,-3.371,-0.863,0.0,0.9,-1.763,-0.407,1.116,2.886,4.139,3.755
30.8437,0.11,0.043,10.106,0.05,0.1,-0.04,-1.626,1.111,-9.123,-51.58,-0.82,8.93,-0.68,0.421,-0.629,-9.122,3.371,-1.146,-8.416,2.929,9.122,0.369,0.0,-0.014,0.383,0.141,-3.371,-0.863,0.0,0.9,-1.763,-0.407,1.116,2.886,4.139,3.755
30.9017,-0.12,0.007,10.183,-0.0,0.34,-0.1,-1.611,1.368,-9.79,-104.15,-3.89,18.44,-0.605,0.412,-0.628,-9.264,7.436,-1.793,-8.638,6.983,9.264,0.374,0.0,-0.068,0.442,0.147,-7.436,-1.041,-0.0,1.818,-2.859,-0.539,1.103,3.108,4.139,3.755
30.9017,-0.12,0.007,10.183,-0.0,0.34,-0.1,-1.611,1.368,-9.79,-104.15,-3.89,18.44,-0.605,0.412,-0.628,-9.264,7.436,-1.793,-8.638,6.983,9.264,0.374,0.0,-0.068,0.442,0.147,-7.436,-1.041,-0.0,1.818,-2.859,-0.539,1.089,3.382,4.139,3.755
30.9606,0.335,0.117,9.996,0.13,-0.15,-0.09,-1.531,1.256,-9.699,-1.13,3.24,-0.69,-0.599,0.413,-0.64,-9.164,8.87,-1.962,-8.545,8.41,9.164,0.37,-0.0,0.056,0.314,0.134,-8.87,-1.105,0.0,0.02,-1.125,-0.332,1.1,3.556,4.139,3.755
30.9905,0.012,0.065,10.092,-0.23,0.78,0.65,-1.642,2.343,-9.134,-1.97,3.41,-2.27,-0.593,0.42,-0.63,-9.137,8.992,-1.874,-8.525,8.525,9.164,0.37,-0.0,0.056,0.314,0.134,-8.87,-1.105,0.0,0.02,-1.125,-0.332,1.1,3.556,4.139,3.755
31.0177,-0.163,0.041,10.077,-0.03,0.01,-0.09,-1.488,2.333,-9.293,-18.01,9.56,3.47,-0.555,0.412,-0.627,-8.986,9.497,-1.878,-8.412,9.038,8.986,0.364,0.0,0.167,0.197,0.123,-9.497,-1.134,-0.0,0.314,-1.448,-0.371,1.117,3.633,4.139,3.755
31.0503,0.105,0.041,10.161,0.08,-0.51,-0.46,-1.711,1.996,-9.446,-19.51,5.65,4.8,-0.555,0.412,-0.627,-8.986,9.497,-1.878,-8.412,9.038,8.986,0.364,0.0,0.167,0.197,0.123,-9.497,-1.134,-0.0,0.314,-1.448,-0.371,1.117,3.633,4.139,3.755
31.0503,0.105,0.041,10.161,0.08,-0.51,-0.46,-1.711,1.996,-9.446,-19.51,5.65,4.8,-0.555,0.412,-0.635,-8.833,10.004,-1.916,-8.259,9.542,8.833,0.359,-0.0,0.099,0.26,0.129,-10.004,-1.156,0.0,0.34,-1.497,-0.377,1.135,3.694,4.139,3.755
31.1099,0.034,0.005,10.104,-0.07,-0.31,0.02,-0.722,2.185,-9.556,-15.99,6.26,0.81,-0.57,0.413,-0.634,-8.715,10.833,-1.942,-8.127,10.367,8.715,0.355,-0.0,0.109,0.246,0.128,-10.833,-1.194,-0.0,0.279,-1.473,-0.375,1.152,3.795,4.139,3.755
31.1099,0.034,0.005,10.104,-0.07,-0.31,0.02,-0.722,2.185,-9.556,-15.99,6.26,0.81,-0.57,0.413,-0.634,-8.715,10.833,-1.942,-8.127,10.367,8.715,0.355,-0.0,0.109,0.246,0.128,-10.833,-1.194,-0.0,0.279,-1.473,-0.375,1.152,3.795,4.139,3.755
31.1669,0.206,0.139,9.998,0.08,-0.2,-0.28,-2.066,2.203,-9.155,6.51,14.1,-1.2,-0.583,0.409,-0.631,-7.995,10.999,-1.68,-7.393,10.54,7.995,0.33,-0.0,0.246,0.084,0.111,-10.999,-1.203,0.0,-0.114,-1.089,-0.329,1.241,3.816,4.139,3.755
31.1930,0.151,0.17,9.984,0.04,-0.7,-0.39,-1.316,2.537,-9.154,-2.36,2.1,1.0,-0.559,0.417,-0.635,-7.97,11.146,-1.674,-7.393,10.679,7.97,0.329,-0.0,0.037,0.292,0.132,-11.146,-1.21,0.0,0.041,-1.251,-0.349,1.241,3.833,4.139,3.755
31.1930,0.151,0.17,9.984,0.04,-0.7,-0.39,-1.316,2.537,-9.154,-2.36,2.1,1.0,-0.559,0.417,-0.635,-7.97,11.146,-1.674,-7.393,10.679,7.97,0.329,-0.0,0.037,0.292,0.132,-11.146,-1.21,0.0,0.041,-1.251,-0.349,1.241,3.833,4.139,3.755
31.2509,0.235,0.077,9.993,-0.03,0.17,0.29,-1.366,2.163,-9.444,-6.9,-0.11,0.17,-0.605,0.426,-0.631,-7.885,11.695,-1.662,-7.263,11.216,7.885,0.326,0.0,-0.002,0.328,0.136,-11.695,-1.236,-0.0,0.12,-1.356,-0.362,1.257,3.899,4.139,3.755
31.2509,0.235,0.077,9.993,-0.03,0.17,0.29,-1.366,2.163,-9.444,-6.9,-0.11,0.17,-0.605,0.426,-0.631,-7.885,11.695,-1.662,-7.263,11.216,7.885,0.326,0.0,-0.002,0.328,0.136,-11.695,-1.236,-0.0,0.12,-1.356,-0.362,1.257,3.899,4.139,3.755
31.3143,0.053,0.048,9.984,0.02,-0.03,-0.01,-1.168,2.423,-9.206,6.22,0.44,-1.7,-0.586,0.425,-0.627,-7.902,11.675,-1.553,-7.298,11.199,7.902,0.327,-0.0,0.008,0.319,0.135,-11.675,-1.236,0.0,-0.109,-1.128,-0.335,1.253,3.897,4.139,3.755
31.3381,0.081,-0.005,10.053,-0.12,0.13,0.09,-1.185,2.4,-9.342,0.59,-1.84,0.07,-0.592,0.424,-0.626,-7.905,11.752,-1.53,-7.295,11.277,7.905,0.327,0.0,-0.032,0.359,0.139,-11.752,-1.241,-0.0,-0.01,-1.23,-0.348,1.253,3.906,4.139,3.755
31.3381,0.081,-0.005,10.053,-0.12,0.13,0.09,-1.185,2.4,-9.342,0.59,-1.84,0.07,-0.592,0.424,-0.626,-7.905,11.752,-1.53,-7.295,11.277,7.905,0.327,0.0,-0.032,0.359,0.139,-11.752,-1.241,-0.0,-0.01,-1.23,-0.348,1.253,3.906,4.139,3.755
31.3985,0.302,0.113,10.032,0.05,-0.27,-0.13,-1.34,2.201,-9.358,3.0,0.17,-0.32,-0.613,0.429,-0.635,-7.775,11.821,-1.487,-7.144,11.341,7.775,0.322,-0.0,0.003,0.319,0.135,-11.821,-1.245,0.0,-0.052,-1.193,-0.344,1.272,3.914,4.139,3.755
31.3985,0.302,0.113,10.032,0.05,-0.27,-0.13,-1.34,2.201,-9.358,3.0,0.17,-0.32,-0.613,0.429,-0.635,-7.775,11.821,-1.487,-7.144,11.341,7.775,0.322,-0.0,0.003,0.319,0.135,-11.821,-1.245,0.0,-0.052,-1.193,-0.344,1.272,3.914,4.139,3.755
31.4529,-0.043,-0.036,10.058,0.04,-0.17,-0.01,-1.475,2.144,-9.521,26.99,4.98,-5.49,-0.574,0.422,-0.621,-7.519,11.231,-1.227,-6.926,10.764,7.519,0.314,-0.0,0.087,0.227,0.126,-11.231,-1.221,0.0,-0.471,-0.75,-0.291,1.298,3.844,4.139,3.755
31.4843,0.148,0.156,10.029,-0.06,-0.03,-0.07,-1.301,2.269,-9.232,26.71,-0.96,-2.7,-0.588,0.43,-0.625,-7.588,10.77,-1.15,-6.98,10.297,7.588,0.316,-0.0,-0.017,0.333,0.137,-10.77,-1.202,-0.0,-0.466,-0.736,-0.29,1.292,3.786,4.139,3.755
31.4843,0.148,0.156,10.029,-0.06,-0.03,-0.07,-1.301,2.269,-9.232,26.71,-0.96,-2.7,-0.588,0.43,-0.625,-7.588,10.77,-1.15,-6.98,10.297,7.588,0.316,-0.0,-0.017,0.333,0.137,-10.77,-1.202,-0.0,-0.466,-0.736,-0.29,1.292,3.786,4.139,3.755
31.5440,0.11,0.134,10.08,0.13,-0.14,-0.23,-1.338,1.621,-9.677,37.09,-9.4,-4.37,-0.568,0.44,-0.631,-7.888,9.596,-1.056,-7.298,9.117,7.709,0.32,-0.0,-0.138,0.458,0.15,-10.3,-1.182,0.0,-0.433,-0.749,-0.291,1.274,3.729,4.139,3.755
31.5440,0.11,0.134,10.08,0.13,-0.14,-0.23,-1.338,1.621,-9.677,37.09,-9.4,-4.37,-0.568,0.44,-0.631,-7.888,9.596,-1.056,-7.298,9.117,7.888,0.326,-0.0,-0.164,0.491,0.153,-9.596,-1.152,0.0,-0.647,-0.505,-0.262,1.253,3.642,4.139,3.755
31.5979,-0.031,0.022,10.099,-0.09,0.21,0.21,-1.325,1.282,-9.712,50.53,-5.89,-9.09,-0.577,0.441,-0.626,-8.293,7.629,-0.807,-7.692,7.157,8.293,0.341,0.0,-0.103,0.443,0.148,-7.629,-1.067,-0.0,-0.882,-0.185,-0.224,1.205,3.403,4.139,3.755
31.5979,-0.031,0.022,10.099,-0.09,0.21,0.21,-1.325,1.282,-9.712,50.53,-5.89,-9.09,-0.577,0.441,-0.626,-8.293,7.629,-0.807,-7.692,7.157,8.293,0.341,0.0,-0.103,0.443,0.148,-7.629,-1.067,-0.0,-0.882,-0.185,-0.224,1.205,3.403,4.139,3.755
31.6583,0.11,0.072,10.104,-0.08,0.09,0.22,-1.381,1.128,-9.43,44.32,1.87,-7.71,-0.581,0.441,-0.621,-8.268,5.592,-0.449,-7.66,5.132,8.268,0.34,0.0,0.033,0.307,0.135,-5.592,-0.979,-0.0,-0.774,-0.206,-0.226,1.209,3.155,4.139,3.755
31.6892,0.077,0.048,10.127,-0.02,0.31,0.22,-1.444,1.024,-9.312,24.61,3.27,-4.3,-0.576,0.44,-0.618,-8.236,5.032,-0.354,-7.632,4.574,8.236,0.339,0.0,0.057,0.282,0.132,-5.032,-0.955,-0.0,-0.43,-0.526,-0.265,1.212,3.087,4.139,3.755
31.6892,0.077,0.048,10.127,-0.02,0.31,0.22,-1.444,1.024,-9.312,24.61,3.27,-4.3,-0.576,0.44,-0.618,-8.236,5.032,-0.354,-7.632,4.574,8.236,0.339,0.0,0.057,0.282,0.132,-5.032,-0.955,-0.0,-0.43,-0.526,-0.265,1.212,3.087,4.139,3.755
31.7429,-0.031,0.067,10.125,0.06,0.36,-0.06,-1.699,1.028,-9.459,-35.1,9.7,6.78,-0.558,0.431,-0.621,-8.069,5.682,-0.494,-7.485,5.231,8.069,0.333,0.0,0.169,0.164,0.121,-5.682,-0.984,0.0,0.613,-1.597,-0.394,1.23,3.168,4.139,3.755
31.7429,-0.031,0.067,10.125,0.06,0.36,-0.06,-1.699,1.028,-9.459,-35.1,9.7,6.78,-0.558,0.431,-0.621,-8.069,5.682,-0.494,-7.485,5.231,8.069,0.333,0.0,0.169,0.164,0.121,-5.682,-0.984,0.0,0.613,-1.597,-0.394,1.23,3.168,4.139,3.755
31.8015,0.12,0.074,10.025,0.07,-0.31,-0.23,-1.29,0.481,-10.159,-5.83,-9.63,1.99,-0.52,0.437,-0.627,-8.279,6.519,-0.677,-7.733,6.057,8.279,0.34,-0.0,-0.168,0.508,0.155,-6.519,-1.022,0.0,0.102,-1.123,-0.338,1.2,3.269,4.139,3.755
31.8015,0.12,0.074,10.025,0.07,-0.31,-0.23,-1.29,0.481,-10.159,-5.83,-9.63,1.99,-0.52,0.437,-0.627,-8.279,6.519,-0.677,-7.733,6.057,8.279,0.34,-0.0,-0.168,0.508,0.155,-6.519,-1.022,0.0,0.102,-1.123,-0.338,1.2,3.269,4.139,3.755
31.8645,0.053,0.062,9.998,-0.17,0.36,0.4,-1.439,0.712,-9.843,32.53,-6.59,-8.94,-0.558,0.435,-0.617,-8.507,5.44,-0.449,-7.921,4.985,8.507,0.348,0.0,-0.115,0.463,0.151,-5.44,-0.975,-0.0,-0.568,-0.408,-0.252,1.177,3.138,4.139,3.755
31.8645,0.053,0.062,9.998,-0.17,0.36,0.4,-1.439,0.712,-9.843,32.53,-6.59,-8.94,-0.558,0.435,-0.617,-8.507,5.44,-0.449,-7.921,4.985,8.507,0.348,0.0,-0.115,0.463,0.151,-5.44,-0.975,-0.0,-0.568,-0.408,-0.252,1.177,3.138,4.139,3.755
31.9173,0.124,0.105,10.029,-0.07,-0.07,0.25,-1.583,0.165,-9.735,57.75,-0.12,-10.49,-0.568,0.433,-0.611,-8.54,3.231,-0.095,-7.94,2.789,8.54,0.35,-0.0,-0.002,0.352,0.14,-3.231,-0.88,-0.0,-1.008,0.128,-0.188,1.174,2.869,4.139,3.755
31.9485,0.141,0.067,10.005,-0.05,-0.32,0.14,-1.464,0.184,-9.81,67.5,-2.35,-11.25,-0.584,0.429,-0.607,-8.592,1.822,0.117,-7.976,1.392,8.592,0.351,-0.0,-0.041,0.393,0.144,-1.822,-0.818,-0.0,-1.178,0.36,-0.16,1.17,2.699,4.139,3.755
31.9485,0.141,0.067,10.005,-0.05,-0.32,0.14,-1.464,0.184,-9.81,67.5,-2.35,-11.25,-0.584,0.429,-0.607,-8.592,1.822,0.117,-7.976,1.392,8.592,0.351,-0.0,-0.041,0.393,0.144,-1.822,-0.818,-0.0,-1.178,0.36,-0.16,1.17,2.699,4.139,3.755
32.0041,0.141,0.043,9.984,-0.0,-0.03,0.0,-1.547,-0.269,-9.473,34.97,0.48,-5.98,-0.588,0.429,-0.609,-8.689,-0.312,0.387,-8.066,-0.732,8.689,0.355,-0.0,0.008,0.347,0.14,0.312,-0.725,-0.0,-0.61,-0.115,-0.217,1.159,2.439,4.139,3.755
32.0347,0.093,0.127,10.048,0.02,-0.25,-0.14,-1.55,-0.607,-9.683,31.67,-2.31,-4.01,-0.593,0.434,-0.612,-8.726,-1.046,0.446,-8.098,-1.468,8.726,0.356,-0.0,-0.04,0.397,0.145,1.046,-0.693,0.0,-0.553,-0.14,-0.22,1.155,2.349,4.139,3.755
32.0347,0.093,0.127,10.048,0.02,-0.25,-0.14,-1.55,-0.607,-9.683,31.67,-2.31,-4.01,-0.593,0.434,-0.612,-8.726,-1.046,0.446,-8.098,-1.468,8.726,0.356,-0.0,-0.04,0.397,0.145,1.046,-0.693,0.0,-0.553,-0.14,-0.22,1.155,2.349,4.139,3.755
32.0926,0.194,0.072,10.032,0.01,-0.14,0.13,-1.385,-0.621,-9.369,12.16,-8.77,-2.25,-0.617,0.444,-0.613,-9.022,-2.164,0.524,-8.368,-2.592,9.022,0.367,-0.0,-0.153,0.52,0.157,2.164,-0.644,0.0,-0.212,-0.432,-0.255,1.122,2.212,4.139,3.755
32.0926,0.194,0.072,10.032,0.01,-0.14,0.13,-1.385,-0.621,-9.369,12.16,-8.77,-2.25,-0.617,0.444,-0.613,-9.022,-2.164,0.524,-8.368,-2.592,9.022,0.367,-0.0,-0.153,0.52,0.157,2.164,-0.644,0.0,-0.212,-0.432,-0.255,1.122,2.212,4.139,3.755
32.1531,0.096,0.062,10.077,0.04,0.01,-0.15,-1.609,-0.85,-9.517,-3.25,-1.52,0.89,-0.611,0.435,-0.614,-9.104,-2.345,0.458,-8.456,-2.764,9.104,0.37,0.0,-0.027,0.396,0.145,2.345,-0.636,0.0,0.057,-0.693,-0.287,1.111,2.191,4.139,3.755
32.1782,0.117,0.089,10.003,0.07,-0.01,0.04,-1.663,-0.86,-9.566,-4.1,-5.25,1.44,-0.617,0.439,-0.614,-9.22,-2.37,0.408,-8.566,-2.793,9.22,0.374,-0.0,-0.092,0.465,0.152,2.37,-0.635,0.0,0.071,-0.706,-0.288,1.111,2.191,4.139,3.755
32.1782,0.117,0.089,10.003,0.07,-0.01,0.04,-1.663,-0.86,-9.566,-4.1,-5.25,1.44,-0.617,0.439,-0.614,-9.22,-2.37,0.408,-8.566,-2.793,9.22,0.374,-0.0,-0.092,0.465,0.152,2.37,-0.635,0.0,0.071,-0.706,-0.288,1.098,2.187,4.139,3.755
32.2388,0.084,0.05,10.034,-0.03,-0.08,-0.07,-1.549,-0.789,-9.56,-3.68,-4.29,1.61,-0.611,0.43,-0.616,-9.438,-2.418,0.307,-8.79,-2.834,9.438,0.381,-0.0,-0.075,0.456,0.151,2.418,-0.632,-0.0,0.064,-0.696,-0.287,1.082,2.184,4.139,3.755
32.2388,0.084,0.05,10.034,-0.03,-0.08,-0.07,-1.549,-0.789,-9.56,-3.68,-4.29,1.61,-0.611,0.43,-0.616,-9.438,-2.418,0.307,-8.79,-2.834,9.438,0.381,-0.0,-0.075,0.456,0.151,2.418,-0.632,-0.0,0.064,-0.696,-0.287,1.07,2.182,4.139,3.755
32.2943,0.194,0.079,10.029,-0.15,0.27,0.32,-1.541,-0.697,-9.376,-16.4,0.85,2.02,-0.615,0.431,-0.618,-9.435,-2.192,0.17,-8.783,-2.611,9.435,0.381,0.0,0.015,0.367,0.143,2.192,-0.642,-0.0,0.286,-0.928,-0.316,1.069,2.185,4.139,3.755
32.2943,0.194,0.079,10.029,-0.15,0.27,0.32,-1.541,-0.697,-9.376,-16.4,0.85,2.02,-0.615,0.431,-0.618,-9.435,-2.192,0.17,-8.783,-2.611,9.435,0.381,0.0,0.015,0.367,0.143,2.192,-0.642,-0.0,0.286,-0.928,-0.316,1.071,2.209,4.139,3.755
32.3559,0.189,0.113,10.017,0.01,-0.28,-0.24,-1.705,-0.642,-9.559,-20.53,-1.13,3.86,-0.605,0.424,-0.618,-9.518,-1.467,-0.022,-8.878,-1.883,9.518,0.384,-0.0,-0.02,0.404,0.146,1.467,-0.673,0.0,0.358,-1.031,-0.328,1.06,2.298,4.139,3.755
32.3823,0.089,0.096,10.092,-0.06,0.21,0.16,-1.662,-0.733,-9.694,-13.43,0.35,2.56,-0.6,0.428,-0.618,-9.509,-1.246,-0.099,-8.875,-1.668,9.509,0.384,0.0,0.006,0.378,0.144,1.246,-0.683,-0.0,0.234,-0.917,-0.315,1.06,2.325,4.139,3.755
32.3823,0.089,0.096,10.092,-0.06,0.21,0.16,-1.662,-0.733,-9.694,-13.43,0.35,2.56,-0.6,0.428,-0.618,-9.509,-1.246,-0.099,-8.875,-1.668,9.509,0.384,0.0,0.006,0.378,0.144,1.246,-0.683,-0.0,0.234,-0.917,-0.315,1.06,2.325,4.139,3.755
32.4444,0.089,0.045,10.029,0.01,0.05,0.06,-1.674,-0.391,-9.536,11.67,1.58,-2.4,-0.579,0.418,-0.614,-9.443,-1.627,-0.055,-8.83,-2.037,9.47,0.383,0.0,0.042,0.34,0.14,1.353,-0.678,0.0,-0.055,-0.623,-0.28,1.063,2.312,4.139,3.755
32.4444,0.089,0.045,10.029,0.01,0.05,0.06,-1.674,-0.391,-9.536,11.67,1.58,-2.4,-0.579,0.418,-0.614,-9.443,-1.627,-0.055,-8.83,-2.037,9.443,0.382,0.0,0.028,0.354,0.142,1.627,-0.666,0.0,-0.204,-0.462,-0.26,1.066,2.28,4.139,3.755
32.4993,0.17,0.096,9.989,-0.05,-0.19,-0.1,-1.648,-0.676,-9.583,10.94,0.38,-1.89,-0.575,0.422,-0.62,-9.432,-2.179,-0.036,-8.822,-2.591,9.432,0.381,-0.0,0.007,0.375,0.144,2.179,-0.642,-0.0,-0.191,-0.451,-0.259,1.067,2.212,4.139,3.755
32.5310,0.062,0.084,10.07,-0.07,0.06,-0.06,-1.611,-0.433,-9.544,9.93,-1.25,-0.57,-0.577,0.425,-0.621,-9.454,-2.417,-0.034,-8.842,-2.832,9.432,0.381,-0.0,0.007,0.375,0.144,2.179,-0.642,-0.0,-0.191,-0.451,-0.259,1.067,2.212,4.139,3.755
32.5604,0.036,0.108,10.12,-0.0,-0.12,-0.52,-1.531,-0.45,-9.415,-5.99,4.94,3.51,-0.56,0.43,-0.627,-9.408,-2.351,-0.113,-8.814,-2.771,9.408,0.381,-0.0,0.086,0.294,0.136,2.351,-0.634,-0.0,0.105,-0.738,-0.294,1.068,2.19,4.139,3.755
32.5851,0.232,0.122,10.089,0.01,-0.32,-0.07,-1.638,-0.727,-9.573,-12.89,0.68,2.7,-0.586,0.435,-0.63,-9.374,-2.163,-0.189,-8.755,-2.589,9.374,0.379,-0.0,0.012,0.368,0.143,2.163,-0.642,0.0,0.225,-0.867,-0.31,1.075,2.212,4.139,3.755
32.5851,0.232,0.122,10.089,0.01,-0.32,-0.07,-1.638,-0.727,-9.573,-12.89,0.68,2.7,-0.586,0.435,-0.63,-9.374,-2.163,-0.189,-8.755,-2.589,9.374,0.379,-0.0,0.012,0.368,0.143,2.163,-0.642,0.0,0.225,-0.867,-0.31,1.075,2.212,4.139,3.755
32.6496,0.05,0.127,10.046,-0.02,-0.1,-0.02,-1.756,-0.615,-9.634,3.39,3.92,0.11,-0.573,0.446,-0.627,-9.336,-2.197,-0.22,-8.73,-2.635,9.336,0.378,-0.0,0.068,0.31,0.138,2.197,-0.64,-0.0,-0.059,-0.581,-0.276,1.078,2.207,4.139,3.755
32.6742,0.227,0.129,10.013,0.13,-0.17,-0.13,-1.654,-0.548,-9.505,3.04,-0.18,-0.84,-0.581,0.448,-0.631,-9.352,-2.31,-0.22,-8.737,-2.749,9.336,0.378,-0.0,0.068,0.31,0.138,2.197,-0.64,-0.0,-0.059,-0.581,-0.276,1.078,2.207,4.139,3.755
32.7040,0.065,0.055,9.986,-0.05,-0.06,0.06,-1.438,-0.579,-9.583,0.81,-1.28,-0.37,-0.577,0.445,-0.629,-9.364,-2.379,-0.226,-8.753,-2.816,9.364,0.379,-0.0,-0.022,0.402,0.147,2.379,-0.632,-0.0,-0.014,-0.617,-0.28,1.075,2.184,4.139,3.755
32.7296,0.048,0.067,10.003,-0.11,0.1,0.02,-1.617,-0.571,-9.597,0.19,2.01,0.12,-0.575,0.446,-0.628,-9.326,-2.421,-0.238,-8.718,-2.858,9.326,0.378,0.0,0.035,0.343,0.141,2.421,-0.63,-0.0,-0.003,-0.626,-0.281,1.079,2.179,4.139,3.755
32.7296,0.048,0.067,10.003,-0.11,0.1,0.02,-1.617,-0.571,-9.597,0.19,2.01,0.12,-0.575,0.446,-0.628,-9.326,-2.421,-0.238,-8.718,-2.858,9.326,0.378,0.0,0.035,0.343,0.141,2.421,-0.63,-0.0,-0.003,-0.626,-0.281,1.079,2.179,4.139,3.755
32.7917,0.113,0.053,10.046,-0.13,-0.07,0.03,-1.585,-0.608,-9.61,0.1,0.17,-0.11,-0.583,0.445,-0.63,-9.361,-2.508,-0.261,-8.746,-2.945,9.361,0.379,-0.0,0.003,0.376,0.145,2.508,-0.626,-0.0,-0.002,-0.624,-0.281,1.076,2.169,4.139,3.755
32.7917,0.113,0.053,10.046,-0.13,-0.07,0.03,-1.585,-0.608,-9.61,0.1,0.17,-0.11,-0.583,0.445,-0.63,-9.361,-2.508,-0.261,-8.746,-2.945,9.361,0.379,-0.0,0.003,0.376,0.145,2.508,-0.626,-0.0,-0.002,-0.624,-0.281,1.076,2.169,4.139,3.755
32.8457,0.086,0.077,10.065,-0.0,-0.03,0.03,-1.58,-0.56,-9.623,0.66,-1.13,0.09,-0.584,0.452,-0.63,-9.366,-2.597,-0.279,-8.749,-3.04,9.366,0.38,-0.0,-0.02,0.399,0.147,2.597,-0.621,-0.0,-0.012,-0.61,-0.28,1.075,2.157,4.139,3.755
32.8744,0.122,0.081,10.051,-0.07,-0.06,-0.04,-1.601,-0.563,-9.576,0.39,0.25,0.02,-0.586,0.448,-0.631,-9.365,-2.635,-0.292,-8.747,-3.074,9.365,0.38,-0.0,0.004,0.375,0.145,2.635,-0.619,-0.0,-0.007,-0.613,-0.28,1.076,2.153,4.139,3.755
32.8744,0.122,0.081,10.051,-0.07,-0.06,-0.04,-1.601,-0.563,-9.576,0.39,0.25,0.02,-0.586,0.448,-0.631,-9.365,-2.635,-0.292,-8.747,-3.074,9.365,0.38,-0.0,0.004,0.375,0.145,2.635,-0.619,-0.0,-0.007,-0.613,-0.28,1.076,2.153,4.139,3.755
32.9371,0.067,0.103,10.046,-0.08,-0.06,-0.01,-1.559,-0.601,-9.559,0.45,-0.16,-0.01,-0.579,0.447,-0.63,-9.372,-2.712,-0.307,-8.76,-3.15,9.372,0.38,-0.0,-0.003,0.383,0.146,2.712,-0.616,-0.0,-0.008,-0.608,-0.28,1.074,2.144,4.139,3.755
32.9371,0.067,0.103,10.046,-0.08,-0.06,-0.01,-1.559,-0.601,-9.559,0.45,-0.16,-0.01,-0.579,0.447,-0.63,-9.372,-2.712,-0.307,-8.76,-3.15,9.372,0.38,-0.0,-0.003,0.383,0.146,2.712,-0.616,-0.0,-0.008,-0.608,-0.28,1.074,2.144,4.139,3.755
32.9905,0.11,0.096,10.058,-0.08,0.02,-0.08,-1.593,-0.603,-9.583,0.19,0.07,-0.18,-0.585,0.452,-0.633,-9.377,-2.79,-0.326,-8.759,-3.234,9.377,0.38,0.0,0.001,0.379,0.146,2.79,-0.612,-0.0,-0.003,-0.609,-0.28,1.074,2.133,4.139,3.755
33.0236,0.105,0.067,10.106,0.09,-0.13,-0.01,-1.585,-0.607,-9.574,0.58,0.15,-0.19,-0.583,0.451,-0.633,-9.374,-2.831,-0.332,-8.759,-3.273,9.374,0.38,-0.0,0.003,0.377,0.145,2.831,-0.61,0.0,-0.01,-0.6,-0.279,1.074,2.129,4.139,3.755
33.0236,0.105,0.067,10.106,0.09,-0.13,-0.01,-1.585,-0.607,-9.574,0.58,0.15,-0.19,-0.583,0.451,-0.633,-9.374,-2.831,-0.332,-8.759,-3.273,9.374,0.38,-0.0,0.003,0.377,0.145,2.831,-0.61,0.0,-0.01,-0.6,-0.279,1.074,2.129,4.139,3.755
33.0776,0.129,0.055,10.02,-0.04,-0.01,-0.02,-1.604,-0.624,-9.561,0.16,-0.02,0.04,-0.582,0.442,-0.635,-9.382,-2.903,-0.35,-8.768,-3.336,9.382,0.38,-0.0,-0.0,0.381,0.146,2.903,-0.606,-0.0,-0.003,-0.604,-0.28,1.073,2.121,4.139,3.755
33.0776,0.129,0.055,10.02,-0.04,-0.01,-0.02,-1.604,-0.624,-9.561,0.16,-0.02,0.04,-0.582,0.442,-0.635,-9.382,-2.903,-0.35,-8.768,-3.336,9.382,0.38,-0.0,-0.0,0.381,0.146,2.903,-0.606,-0.0,-0.003,-0.604,-0.28,1.073,2.121,4.139,3.755
33.1385,0.091,0.017,10.029,0.11,-0.06,-0.07,-1.584,-0.6,-9.594,0.65,-0.04,-0.04,-0.576,0.432,-0.635,-9.38,-2.971,-0.364,-8.771,-3.394,9.38,0.38,-0.0,-0.001,0.381,0.146,2.971,-0.603,0.0,-0.011,-0.592,-0.279,1.073,2.114,4.139,3.755
33.1648,0.081,0.117,10.017,-0.06,0.03,0.0,-1.581,-0.612,-9.589,0.39,0.14,-0.05,-0.572,0.437,-0.635,-9.383,-3.003,-0.372,-8.779,-3.43,9.383,0.38,0.0,0.002,0.378,0.146,3.003,-0.601,-0.0,-0.007,-0.595,-0.279,1.072,2.109,4.139,3.755
33.1648,0.081,0.117,10.017,-0.06,0.03,0.0,-1.581,-0.612,-9.589,0.39,0.14,-0.05,-0.572,0.437,-0.635,-9.383,-3.003,-0.372,-8.779,-3.43,9.383,0.38,0.0,0.002,0.378,0.146,3.003,-0.601,-0.0,-0.007,-0.595,-0.279,1.072,2.109,4.139,3.755
33.2228,0.084,0.065,10.046,-0.04,-0.09,-0.04,-1.583,-0.602,-9.589,0.56,0.01,-0.01,-0.572,0.433,-0.636,-9.382,-3.064,-0.385,-8.778,-3.489,9.382,0.38,-0.0,0.0,0.38,0.146,3.064,-0.598,-0.0,-0.01,-0.589,-0.279,1.072,2.102,4.139,3.755
33.2228,0.084,0.065,10.046,-0.04,-0.09,-0.04,-1.583,-0.602,-9.589,0.56,0.01,-0.01,-0.572,0.433,-0.636,-9.382,-3.064,-0.385,-8.778,-3.489,9.382,0.38,-0.0,0.0,0.38,0.146,3.064,-0.598,-0.0,-0.01,-0.589,-0.279,1.072,2.102,4.139,3.755
33.2860,0.127,0.079,10.022,0.01,-0.08,-0.0,-1.601,-0.619,-9.592,0.37,0.11,-0.14,-0.579,0.434,-0.636,-9.39,-3.124,-0.398,-8.779,-3.549,9.39,0.381,-0.0,0.002,0.379,0.146,3.124,-0.595,0.0,-0.006,-0.589,-0.279,1.072,2.095,4.139,3.755
33.3118,0.16,0.172,10.022,-0.09,-0.13,0.0,-1.427,-0.654,-9.646,0.67,-1.78,0.61,-0.59,0.445,-0.638,-9.387,-3.156,-0.411,-8.766,-3.592,9.387,0.381,-0.0,-0.031,0.412,0.15,3.156,-0.594,-0.0,-0.012,-0.582,-0.278,1.073,2.09,4.139,3.755
33.3118,0.16,0.172,10.022,-0.09,-0.13,0.0,-1.427,-0.654,-9.646,0.67,-1.78,0.61,-0.59,0.445,-0.638,-9.387,-3.156,-0.411,-8.766,-3.592,9.387,0.381,-0.0,-0.031,0.412,0.15,3.156,-0.594,-0.0,-0.012,-0.582,-0.278,1.073,2.09,4.139,3.755
33.3714,0.065,0.283,10.295,0.12,0.46,-0.16,-1.398,-0.547,-9.634,0.63,-2.03,0.37,-0.523,0.452,-0.633,-9.373,-3.219,-0.403,-8.818,-3.661,9.373,0.38,0.0,-0.035,0.416,0.15,3.219,-0.591,0.0,-0.011,-0.58,-0.278,1.067,2.081,4.139,3.755
33.3714,0.065,0.283,10.295,0.12,0.46,-0.16,-1.398,-0.547,-9.634,0.63,-2.03,0.37,-0.523,0.452,-0.633,-9.373,-3.219,-0.403,-8.818,-3.661,9.373,0.38,0.0,-0.035,0.416,0.15,3.219,-0.591,0.0,-0.011,-0.58,-0.278,1.067,2.081,4.139,3.755
33.4267,-0.034,-0.034,10.116,-0.04,-0.02,0.17,-1.538,-0.614,-9.504,0.4,1.64,-1.06,-0.391,0.423,-0.623,-9.302,-3.28,-0.403,-8.878,-3.694,9.302,0.378,-0.0,0.029,0.349,0.144,3.28,-0.587,-0.0,-0.007,-0.58,-0.279,1.06,2.077,4.139,3.755
33.4598,-0.005,0.141,10.199,0.03,0.22,-0.0,-1.615,-0.581,-9.53,1.18,-2.82,0.78,-0.394,0.428,-0.623,-9.351,-3.306,-0.416,-8.924,-3.725,9.351,0.38,0.0,-0.049,0.429,0.152,3.306,-0.586,0.0,-0.021,-0.565,-0.277,1.054,2.073,4.139,3.755
33.4598,-0.005,0.141,10.199,0.03,0.22,-0.0,-1.615,-0.581,-9.53,1.18,-2.82,0.78,-0.394,0.428,-0.623,-9.351,-3.306,-0.416,-8.924,-3.725,9.351,0.38,0.0,-0.049,0.429,0.152,3.306,-0.586,0.0,-0.021,-0.565,-0.277,1.054,2.073,4.139,3.755
33.5180,-0.299,0.096,10.276,-0.09,1.23,0.36,-1.5,-0.43,-9.6,2.71,3.76,-2.27,-0.341,0.435,-0.618,-9.257,-3.39,-0.378,-8.883,-3.815,9.257,0.376,0.0,0.066,0.311,0.14,3.39,-0.582,-0.0,-0.047,-0.535,-0.274,1.059,2.062,4.139,3.755
33.5180,-0.299,0.096,10.276,-0.09,1.23,0.36,-1.5,-0.43,-9.6,2.71,3.76,-2.27,-0.341,0.435,-0.618,-9.257,-3.39,-0.378,-8.883,-3.815,9.257,0.376,0.0,0.066,0.311,0.14,3.39,-0.582,-0.0,-0.047,-0.535,-0.274,1.059,2.062,4.139,3.755
33.5730,0.177,-0.031,10.561,0.01,-0.2,-0.56,-0.759,-0.561,-9.912,7.05,-1.6,0.39,-0.232,0.464,-0.646,-9.004,-3.586,-0.416,-8.741,-4.041,9.004,0.368,-0.0,-0.028,0.396,0.149,3.586,-0.573,0.0,-0.123,-0.45,-0.264,1.077,2.035,4.139,3.755
33.6049,0.168,0.165,9.867,-0.23,0.43,0.67,-1.658,-0.995,-9.409,2.9,4.86,-0.97,-0.232,0.464,-0.646,-9.004,-3.586,-0.416,-8.741,-4.041,9.004,0.368,-0.0,-0.028,0.396,0.149,3.586,-0.573,0.0,-0.123,-0.45,-0.264,1.077,2.035,4.139,3.755
33.6332,0.091,0.055,10.015,0.01,-0.43,-0.23,-1.815,-0.532,-9.607,1.07,-1.82,-2.62,-0.274,0.453,-0.636,-8.958,-3.778,-0.38,-8.652,-4.221,8.958,0.366,-0.0,-0.032,0.398,0.149,3.778,-0.564,0.0,-0.019,-0.545,-0.275,1.087,2.013,4.139,3.755
33.6597,0.139,0.091,10.056,-0.04,-0.15,-0.17,-1.545,-0.578,-9.555,3.46,-9.84,2.62,-0.303,0.45,-0.642,-9.149,-3.81,-0.422,-8.814,-4.25,9.149,0.373,-0.0,-0.172,0.545,0.164,3.81,-0.562,-0.0,-0.06,-0.502,-0.27,1.068,2.009,4.139,3.755
33.6597,0.139,0.091,10.056,-0.04,-0.15,-0.17,-1.545,-0.578,-9.555,3.46,-9.84,2.62,-0.303,0.45,-0.642,-9.149,-3.81,-0.422,-8.814,-4.25,9.149,0.373,-0.0,-0.172,0.545,0.164,3.81,-0.562,-0.0,-0.06,-0.502,-0.27,1.068,2.009,4.139,3.755
33.7171,0.043,0.17,10.13,-0.18,0.27,0.35,-1.683,-0.599,-9.694,1.58,2.1,-1.11,-0.345,0.457,-0.631,-9.062,-3.841,-0.428,-8.685,-4.288,9.062,0.37,0.0,0.037,0.333,0.143,3.841,-0.56,-0.0,-0.028,-0.533,-0.274,1.083,2.005,4.139,3.755
33.7500,0.05,0.156,10.178,0.04,-0.03,0.13,-1.699,-0.775,-9.396,-1.0,1.06,0.68,-0.338,0.45,-0.628,-9.11,-3.867,-0.449,-8.74,-4.307,9.11,0.372,-0.0,0.018,0.353,0.145,3.867,-0.559,0.0,0.017,-0.576,-0.279,1.077,2.002,4.139,3.755
33.7500,0.05,0.156,10.178,0.04,-0.03,0.13,-1.699,-0.775,-9.396,-1.0,1.06,0.68,-0.338,0.45,-0.628,-9.11,-3.867,-0.449,-8.74,-4.307,9.11,0.372,-0.0,0.018,0.353,0.145,3.867,-0.559,0.0,0.017,-0.576,-0.279,1.077,2.002,4.139,3.755
33.8032,0.045,0.041,10.104,-0.07,0.04,0.01,-1.644,-0.821,-9.746,2.61,1.92,-0.41,-0.358,0.457,-0.624,-9.07,-3.847,-0.458,-8.68,-4.294,9.07,0.37,0.0,0.034,0.337,0.143,3.847,-0.559,-0.0,-0.046,-0.514,-0.272,1.084,2.004,4.139,3.755
33.8032,0.045,0.041,10.104,-0.07,0.04,0.01,-1.644,-0.821,-9.746,2.61,1.92,-0.41,-0.358,0.457,-0.624,-9.07,-3.847,-0.458,-8.68,-4.294,9.07,0.37,0.0,0.034,0.337,0.143,3.847,-0.559,-0.0,-0.046,-0.514,-0.272,1.084,2.004,4.139,3.755
33.8659,-0.022,0.108,10.075,-0.12,0.32,0.22,-1.591,-0.814,-9.516,6.13,1.43,-1.54,-0.369,0.46,-0.624,-9.104,-4.169,-0.42,-8.703,-4.618,9.104,0.371,0.0,0.025,0.347,0.145,4.169,-0.545,-0.0,-0.107,-0.438,-0.263,1.081,1.964,4.139,3.755
33.8904,0.11,0.041,10.025,0.08,-0.42,-0.36,-1.66,-0.739,-9.637,7.19,-0.22,-2.05,-0.363,0.452,-0.628,-9.115,-4.326,-0.39,-8.72,-4.766,9.115,0.372,-0.0,-0.004,0.376,0.148,4.326,-0.538,0.0,-0.125,-0.412,-0.26,1.079,1.946,4.139,3.755
33.8904,0.11,0.041,10.025,0.08,-0.42,-0.36,-1.66,-0.739,-9.637,7.19,-0.22,-2.05,-0.363,0.452,-0.628,-9.115,-4.326,-0.39,-8.72,-4.766,9.115,0.372,-0.0,-0.004,0.376,0.148,4.326,-0.538,0.0,-0.125,-0.412,-0.26,1.079,1.946,4.139,3.755
33.9507,0.091,0.024,10.077,0.04,-0.28,-0.23,-1.496,-0.917,-9.573,6.12,0.64,-1.52,-0.395,0.449,-0.634,-9.145,-4.68,-0.368,-8.718,-5.115,9.145,0.373,-0.0,0.011,0.362,0.146,4.68,-0.521,0.0,-0.107,-0.415,-0.261,1.079,1.904,4.139,3.755
33.9507,0.091,0.024,10.077,0.04,-0.28,-0.23,-1.496,-0.917,-9.573,6.12,0.64,-1.52,-0.395,0.449,-0.634,-9.145,-4.68,-0.368,-8.718,-5.115,9.145,0.373,-0.0,0.011,0.362,0.146,4.68,-0.521,0.0,-0.107,-0.415,-0.261,1.079,1.904,4.139,3.755
34.0131,0.132,0.086,10.053,-0.0,-0.41,-0.37,-1.522,-0.916,-9.534,4.39,-1.61,1.06,-0.418,0.445,-0.644,-9.165,-4.96,-0.392,-8.716,-5.391,9.165,0.374,-0.0,-0.028,0.402,0.15,4.96,-0.509,-0.0,-0.077,-0.432,-0.263,1.08,1.87,4.139,3.755
34.0354,0.268,0.134,10.075,-0.05,0.01,0.13,-1.368,-1.022,-9.546,-1.53,0.84,-0.24,-0.455,0.456,-0.645,-9.129,-4.991,-0.399,-8.642,-5.431,9.129,0.373,0.0,0.015,0.358,0.146,4.991,-0.507,-0.0,0.027,-0.534,-0.275,1.089,1.865,4.139,3.755
34.0354,0.268,0.134,10.075,-0.05,0.01,0.13,-1.368,-1.022,-9.546,-1.53,0.84,-0.24,-0.455,0.456,-0.645,-9.129,-4.991,-0.399,-8.642,-5.431,9.129,0.373,0.0,0.015,0.358,0.146,4.991,-0.507,-0.0,0.027,-0.534,-0.275,1.089,1.865,4.139,3.755
34.0972,0.077,0.002,10.084,0.11,-0.27,-0.42,-1.634,-0.903,-9.503,2.0,0.3,0.99,-0.429,0.438,-0.642,-9.116,-5.055,-0.413,-8.656,-5.477,9.116,0.372,-0.0,0.005,0.367,0.147,5.055,-0.503,0.0,-0.035,-0.468,-0.268,1.087,1.859,4.139,3.755
34.0972,0.077,0.002,10.084,0.11,-0.27,-0.42,-1.634,-0.903,-9.503,2.0,0.3,0.99,-0.429,0.438,-0.642,-9.116,-5.055,-0.413,-8.656,-5.477,9.116,0.372,-0.0,0.005,0.367,0.147,5.055,-0.503,0.0,-0.035,-0.468,-0.268,1.087,1.859,4.139,3.755
34.1524,0.156,0.062,10.025,-0.04,0.3,0.39,-1.409,-0.937,-9.661,-1.96,1.23,-2.01,-0.477,0.449,-0.643,-9.122,-5.079,-0.412,-8.614,-5.512,9.122,0.372,0.0,0.021,0.351,0.146,5.079,-0.502,-0.0,0.034,-0.536,-0.276,1.092,1.855,4.139,3.755
34.1866,-0.168,-0.005,10.022,0.13,-0.38,-0.48,-1.972,-0.612,-9.451,2.32,2.53,1.7,-0.432,0.435,-0.646,-9.116,-5.064,-0.442,-8.653,-5.483,9.116,0.372,-0.0,0.044,0.328,0.143,5.064,-0.502,0.0,-0.04,-0.462,-0.267,1.092,1.855,4.139,3.755
34.2155,0.833,0.278,10.034,0.09,-1.29,-0.42,-1.197,-1.496,-9.706,-8.13,-13.39,-1.08,-0.544,0.447,-0.661,-9.302,-5.055,-0.459,-8.726,-5.487,9.302,0.379,-0.0,-0.234,0.612,0.172,5.055,-0.502,0.0,0.142,-0.644,-0.289,1.078,1.858,4.139,3.755
34.2425,-0.213,-0.371,9.867,-0.37,1.59,1.84,-2.052,-0.904,-9.72,5.19,20.37,-4.36,-0.488,0.44,-0.628,-9.0,-5.158,-0.396,-8.481,-5.581,9.0,0.368,0.0,0.356,0.013,0.112,5.158,-0.497,-0.0,-0.091,-0.406,-0.261,1.108,1.847,4.139,3.755
34.2425,-0.213,-0.371,9.867,-0.37,1.59,1.84,-2.052,-0.904,-9.72,5.19,20.37,-4.36,-0.488,0.44,-0.628,-9.0,-5.158,-0.396,-8.481,-5.581,9.0,0.368,0.0,0.356,0.013,0.112,5.158,-0.497,-0.0,-0.091,-0.406,-0.261,1.108,1.847,4.139,3.755
34.2982,0.354,0.287,10.089,0.1,-0.62,-0.89,-1.834,-1.15,-9.819,-3.55,-4.7,4.29,-0.483,0.456,-0.664,-9.254,-5.21,-0.488,-8.739,-5.65,9.254,0.377,-0.0,-0.082,0.459,0.157,5.21,-0.494,0.0,0.062,-0.556,-0.279,1.077,1.838,4.139,3.755
34.3254,0.299,0.165,9.936,-0.23,0.51,0.38,-0.867,-1.237,-9.465,-2.74,6.08,-2.61,-0.527,0.47,-0.658,-9.168,-5.221,-0.455,-8.61,-5.675,9.168,0.374,0.0,0.106,0.268,0.138,5.221,-0.493,-0.0,0.048,-0.541,-0.277,1.093,1.835,4.139,3.755
34.3254,0.299,0.165,9.936,-0.23,0.51,0.38,-0.867,-1.237,-9.465,-2.74,6.08,-2.61,-0.527,0.47,-0.658,-9.168,-5.221,-0.455,-8.61,-5.675,9.168,0.374,0.0,0.106,0.268,0.138,5.221,-0.493,-0.0,0.048,-0.541,-0.277,1.093,1.835,4.139,3.755
34.3854,0.026,0.134,10.084,0.15,-0.41,-0.65,-1.878,-0.802,-9.456,2.0,1.77,1.96,-0.453,0.45,-0.648,-9.189,-5.336,-0.447,-8.704,-5.77,9.189,0.375,-0.0,0.031,0.344,0.146,5.336,-0.488,0.0,-0.035,-0.453,-0.267,1.081,1.824,4.139,3.755
34.3854,0.026,0.134,10.084,0.15,-0.41,-0.65,-1.878,-0.802,-9.456,2.0,1.77,1.96,-0.453,0.45,-0.648,-9.189,-5.336,-0.447,-8.704,-5.77,9.189,0.375,-0.0,0.031,0.344,0.146,5.336,-0.488,0.0,-0.035,-0.453,-0.267,1.081,1.824,4.139,3.755
34.4460,0.079,-0.057,10.144,-0.15,0.32,0.36,-1.553,-1.058,-9.698,1.12,4.66,-0.66,-0.515,0.452,-0.651,-9.166,-5.352,-0.477,-8.621,-5.788,9.166,0.374,0.0,0.081,0.293,0.141,5.352,-0.486,-0.0,-0.02,-0.467,-0.269,1.091,1.821,4.139,3.755
34.4714,0.065,0.124,10.058,0.04,0.07,-0.03,-1.683,-0.858,-9.407,2.71,0.65,-0.42,-0.502,0.45,-0.649,-9.19,-5.397,-0.459,-8.657,-5.831,9.19,0.375,0.0,0.011,0.364,0.148,5.397,-0.484,0.0,-0.047,-0.436,-0.265,1.087,1.816,4.139,3.755
34.4714,0.065,0.124,10.058,0.04,0.07,-0.03,-1.683,-0.858,-9.407,2.71,0.65,-0.42,-0.502,0.45,-0.649,-9.19,-5.397,-0.459,-8.657,-5.831,9.19,0.375,0.0,0.011,0.364,0.148,5.397,-0.484,0.0,-0.047,-0.436,-0.265,1.087,1.816,4.139,3.755
34.5310,0.158,0.098,10.056,0.01,0.06,0.16,-1.367,-1.047,-9.618,-1.61,2.66,0.05,-0.522,0.447,-0.653,-9.209,-5.398,-0.497,-8.656,-5.828,9.264,0.378,-0.0,-0.064,0.441,0.156,5.401,-0.483,0.0,0.008,-0.491,-0.272,1.078,1.817,4.139,3.755
34.5310,0.158,0.098,10.056,0.01,0.06,0.16,-1.367,-1.047,-9.618,-1.61,2.66,0.05,-0.522,0.447,-0.653,-9.209,-5.398,-0.497,-8.656,-5.828,9.209,0.376,0.0,0.046,0.329,0.145,5.398,-0.483,0.0,0.028,-0.511,-0.274,1.087,1.816,4.139,3.755
34.5913,0.019,0.053,10.092,0.04,-0.03,-0.15,-1.688,-0.889,-9.512,0.94,-1.31,0.55,-0.502,0.441,-0.648,-9.232,-5.448,-0.492,-8.699,-5.873,9.232,0.377,-0.0,-0.023,0.4,0.152,5.448,-0.48,0.0,-0.016,-0.464,-0.269,1.082,1.811,4.139,3.755
34.6176,0.177,0.108,10.036,-0.02,-0.09,-0.12,-1.482,-1.004,-9.544,-1.23,0.31,0.44,-0.512,0.439,-0.651,-9.23,-5.443,-0.507,-8.687,-5.866,9.23,0.377,-0.0,0.005,0.371,0.149,5.443,-0.48,-0.0,0.022,-0.501,-0.273,1.082,1.811,4.139,3.755
34.6176,0.177,0.108,10.036,-0.02,-0.09,-0.12,-1.482,-1.004,-9.544,-1.23,0.31,0.44,-0.512,0.439,-0.651,-9.23,-5.443,-0.507,-8.687,-5.866,9.23,0.377,-0.0,0.005,0.371,0.149,5.443,-0.48,-0.0,0.022,-0.501,-0.273,1.083,1.812,4.139,3.755
34.6781,0.077,0.098,10.12,0.08,0.04,0.0,-1.609,-0.875,-9.535,1.01,-0.44,-0.04,-0.515,0.434,-0.648,-9.221,-5.476,-0.509,-8.675,-5.894,9.221,0.376,0.0,-0.008,0.384,0.15,5.476,-0.478,0.0,-0.018,-0.46,-0.269,1.086,1.811,4.139,3.755
34.6781,0.077,0.098,10.12,0.08,0.04,0.0,-1.609,-0.875,-9.535,1.01,-0.44,-0.04,-0.515,0.434,-0.648,-9.221,-5.476,-0.509,-8.675,-5.894,9.221,0.376,0.0,-0.008,0.384,0.15,5.476,-0.478,0.0,-0.018,-0.46,-0.269,1.085,1.808,4.139,3.755
34.7316,0.132,0.077,9.996,0.01,-0.12,0.03,-1.583,-1.064,-9.53,-0.52,0.79,-0.12,-0.528,0.438,-0.652,-9.224,-5.496,-0.529,-8.665,-5.918,9.224,0.377,-0.0,0.014,0.363,0.148,5.496,-0.476,0.0,0.009,-0.485,-0.272,1.086,1.805,4.139,3.755
34.7316,0.132,0.077,9.996,0.01,-0.12,0.03,-1.583,-1.064,-9.53,-0.52,0.79,-0.12,-0.528,0.438,-0.652,-9.224,-5.496,-0.529,-8.665,-5.918,9.224,0.377,-0.0,0.014,0.363,0.148,5.496,-0.476,0.0,0.009,-0.485,-0.272,1.086,1.805,4.139,3.755
34.7914,0.084,0.11,10.084,0.05,-0.03,-0.01,-1.547,-0.952,-9.576,0.1,0.03,0.37,-0.523,0.44,-0.652,-9.239,-5.533,-0.536,-8.685,-5.957,9.239,0.377,-0.0,0.001,0.377,0.15,5.533,-0.474,0.0,-0.002,-0.472,-0.27,1.083,1.801,4.139,3.755
34.8231,0.129,0.067,9.993,-0.04,-0.05,-0.01,-1.577,-1.004,-9.594,-0.58,-0.03,0.03,-0.53,0.436,-0.653,-9.238,-5.537,-0.545,-8.677,-5.957,9.238,0.377,-0.0,-0.001,0.378,0.15,5.537,-0.473,-0.0,0.01,-0.483,-0.272,1.083,1.801,4.139,3.755
34.8231,0.129,0.067,9.993,-0.04,-0.05,-0.01,-1.577,-1.004,-9.594,-0.58,-0.03,0.03,-0.53,0.436,-0.653,-9.238,-5.537,-0.545,-8.677,-5.957,9.238,0.377,-0.0,-0.001,0.378,0.15,5.537,-0.473,-0.0,0.01,-0.483,-0.272,1.084,1.801,4.139,3.755
34.8771,0.045,0.084,10.005,0.1,-0.13,-0.06,-1.565,-0.945,-9.55,0.02,-0.03,0.09,-0.524,0.436,-0.653,-9.232,-5.562,-0.549,-8.677,-5.981,9.232,0.377,-0.0,-0.001,0.378,0.15,5.562,-0.471,0.0,-0.0,-0.471,-0.27,1.084,1.798,4.139,3.755
34.8771,0.045,0.084,10.005,0.1,-0.13,-0.06,-1.565,-0.945,-9.55,0.02,-0.03,0.09,-0.524,0.436,-0.653,-9.232,-5.562,-0.549,-8.677,-5.981,9.232,0.377,-0.0,-0.001,0.378,0.15,5.562,-0.471,0.0,-0.0,-0.471,-0.27,1.084,1.798,4.139,3.755
34.9410,0.158,0.096,9.993,-0.12,-0.04,-0.02,-1.545,-1.004,-9.547,-0.0,-0.04,-0.2,-0.543,0.444,-0.656,-9.231,-5.58,-0.559,-8.658,-6.007,9.231,0.377,-0.0,-0.001,0.378,0.15,5.58,-0.47,-0.0,0.0,-0.47,-0.271,1.087,1.795,4.139,3.755
34.9658,0.079,0.062,10.113,-0.04,-0.02,0.01,-1.557,-0.927,-9.556,0.23,0.16,-0.14,-0.54,0.439,-0.656,-9.227,-5.588,-0.56,-8.657,-6.01,9.227,0.377,-0.0,0.003,0.374,0.15,5.588,-0.469,-0.0,-0.004,-0.465,-0.27,1.087,1.795,4.139,3.755
34.9945,0.117,0.086,10.034,-0.05,-0.12,-0.02,-1.553,-0.943,-9.517,-0.1,-0.15,0.29,-0.546,0.437,-0.657,-9.235,-5.588,-0.57,-8.659,-6.009,9.235,0.377,-0.0,-0.003,0.38,0.151,5.588,-0.468,-0.0,0.002,-0.47,-0.271,1.087,1.794,4.139,3.755
35.0292,0.11,0.105,10.032,-0.13,-0.0,0.05,-1.535,-1.02,-9.578,-0.16,0.11,0.03,-0.545,0.44,-0.656,-9.229,-5.597,-0.575,-8.654,-6.021,9.229,0.377,-0.0,0.002,0.375,0.15,5.597,-0.468,-0.0,0.003,-0.47,-0.271,1.087,1.793,4.139,3.755
35.0292,0.11,0.105,10.032,-0.13,-0.0,0.05,-1.535,-1.02,-9.578,-0.16,0.11,0.03,-0.545,0.44,-0.656,-9.229,-5.597,-0.575,-8.654,-6.021,9.229,0.377,-0.0,0.002,0.375,0.15,5.597,-0.468,-0.0,0.003,-0.47,-0.271,1.087,1.793,4.139,3.755
35.0856,0.045,0.084,10.127,0.14,-0.35,-0.11,-1.568,-0.937,-9.592,0.09,0.31,0.14,-0.55,0.44,-0.657,-9.235,-5.614,-0.581,-8.655,-6.037,9.235,0.377,-0.0,0.005,0.372,0.15,5.614,-0.466,0.0,-0.002,-0.465,-0.27,1.087,1.791,4.139,3.755
35.1095,0.122,0.077,10.022,0.02,-0.44,-0.04,-1.533,-0.982,-9.492,-0.44,0.74,0.34,-0.571,0.44,-0.659,-9.226,-5.619,-0.593,-8.625,-6.042,9.226,0.377,-0.0,0.013,0.364,0.15,5.619,-0.466,0.0,0.008,-0.473,-0.272,1.091,1.79,4.139,3.755
35.1095,0.122,0.077,10.022,0.02,-0.44,-0.04,-1.533,-0.982,-9.492,-0.44,0.74,0.34,-0.571,0.44,-0.659,-9.226,-5.619,-0.593,-8.625,-6.042,9.226,0.377,-0.0,0.013,0.364,0.15,5.619,-0.466,0.0,0.008,-0.473,-0.272,1.091,1.79,4.139,3.755
35.1703,0.101,0.062,10.056,-0.09,-0.48,-0.11,-1.592,-0.954,-9.536,0.27,0.62,-0.14,-0.58,0.438,-0.66,-9.213,-5.637,-0.593,-8.603,-6.059,9.213,0.377,-0.0,0.011,0.366,0.15,5.637,-0.464,-0.0,-0.005,-0.459,-0.27,1.093,1.788,4.139,3.755
35.1703,0.101,0.062,10.056,-0.09,-0.48,-0.11,-1.592,-0.954,-9.536,0.27,0.62,-0.14,-0.58,0.438,-0.66,-9.213,-5.637,-0.593,-8.603,-6.059,9.213,0.377,-0.0,0.011,0.366,0.15,5.637,-0.464,-0.0,-0.005,-0.459,-0.27,1.093,1.788,4.139,3.755
35.2255,0.172,0.089,10.041,-0.01,-0.03,-0.03,-1.474,-0.965,-9.598,0.16,0.14,0.15,-0.605,0.439,-0.663,-9.207,-5.638,-0.609,-8.573,-6.061,9.207,0.377,-0.0,0.003,0.374,0.151,5.638,-0.463,-0.0,-0.003,-0.46,-0.27,1.097,1.788,4.139,3.755
35.2559,0.081,0.096,10.065,-0.0,0.07,0.05,-1.593,-0.997,-9.525,-0.26,0.67,-0.13,-0.605,0.444,-0.662,-9.191,-5.647,-0.611,-8.556,-6.075,9.207,0.377,-0.0,0.003,0.374,0.151,5.638,-0.463,-0.0,-0.003,-0.46,-0.27,1.097,1.788,4.139,3.755
35.2847,0.007,0.093,10.063,-0.01,-0.17,-0.09,-1.577,-0.943,-9.589,0.19,-0.12,-0.01,-0.591,0.443,-0.663,-9.197,-5.65,-0.613,-8.577,-6.077,9.197,0.376,-0.0,-0.002,0.378,0.151,5.65,-0.462,-0.0,-0.003,-0.459,-0.27,1.097,1.786,4.139,3.755
35.3126,0.136,0.11,10.034,-0.04,-0.22,-0.13,-1.496,-0.971,-9.547,-0.17,-0.03,0.32,-0.603,0.448,-0.666,-9.201,-5.653,-0.621,-8.568,-6.085,9.201,0.376,-0.0,-0.001,0.377,0.151,5.653,-0.461,-0.0,0.003,-0.464,-0.271,1.098,1.785,4.139,3.755
35.3126,0.136,0.11,10.034,-0.04,-0.22,-0.13,-1.496,-0.971,-9.547,-0.17,-0.03,0.32,-0.603,0.448,-0.666,-9.201,-5.653,-0.621,-8.568,-6.085,9.201,0.376,-0.0,-0.001,0.377,0.151,5.653,-0.461,-0.0,0.003,-0.464,-0.271,1.098,1.785,4.139,3.755
35.3765,0.045,0.036,10.108,-0.19,0.14,0.14,-1.595,-0.958,-9.543,0.31,-0.14,-0.37,-0.635,0.444,-0.663,-9.19,-5.672,-0.618,-8.525,-6.1,9.19,0.376,0.0,-0.002,0.379,0.152,5.672,-0.46,-0.0,-0.005,-0.454,-0.27,1.103,1.783,4.139,3.755
35.4018,0.16,0.117,9.972,-0.09,-0.24,-0.13,-1.507,-0.905,-9.529,0.14,0.07,0.28,-0.637,0.443,-0.665,-9.186,-5.663,-0.626,-8.519,-6.09,9.186,0.376,-0.0,0.001,0.375,0.151,5.663,-0.46,-0.0,-0.002,-0.457,-0.271,1.103,1.783,4.139,3.755
35.4322,0.153,0.069,10.046,0.03,-0.09,-0.03,-1.581,-1.025,-9.588,-0.67,-0.09,0.06,-0.647,0.439,-0.665,-9.184,-5.667,-0.633,-8.507,-6.09,9.184,0.376,-0.0,-0.001,0.377,0.152,5.667,-0.459,0.0,0.012,-0.471,-0.272,1.105,1.784,4.139,3.755
35.4571,0.124,0.108,10.07,-0.08,0.02,0.06,-1.484,-0.97,-9.555,0.68,0.3,-0.2,-0.65,0.442,-0.664,-9.174,-5.681,-0.63,-8.494,-6.106,9.174,0.376,0.0,0.005,0.371,0.151,5.681,-0.458,-0.0,-0.012,-0.446,-0.269,1.107,1.782,4.139,3.755
35.4980,0.103,0.077,10.041,-0.05,0.08,0.16,-1.579,-0.949,-9.488,-0.02,-0.28,-0.07,-0.642,0.433,-0.661,-9.186,-5.687,-0.631,-8.514,-6.104,9.186,0.376,0.0,-0.005,0.381,0.152,5.687,-0.457,-0.0,0.0,-0.458,-0.271,1.104,1.783,4.139,3.755
35.4980,0.103,0.077,10.041,-0.05,0.08,0.16,-1.579,-0.949,-9.488,-0.02,-0.28,-0.07,-0.642,0.433,-0.661,-9.186,-5.687,-0.631,-8.514,-6.104,9.186,0.376,0.0,-0.005,0.381,0.152,5.687,-0.457,-0.0,0.0,-0.458,-0.271,1.104,1.783,4.139,3.755
35.5482,0.122,0.093,10.008,-0.0,-0.03,0.03,-1.522,-0.991,-9.566,0.17,-0.12,-0.2,-0.645,0.436,-0.663,-9.181,-5.696,-0.638,-8.507,-6.116,9.181,0.376,-0.0,-0.002,0.378,0.152,5.696,-0.456,-0.0,-0.003,-0.453,-0.271,1.105,1.781,4.139,3.755
35.5788,0.089,0.038,10.039,-0.14,-0.03,0.11,-1.535,-0.954,-9.535,-0.02,0.18,-0.26,-0.643,0.431,-0.663,-9.172,-5.697,-0.639,-8.5,-6.112,9.181,0.376,-0.0,-0.002,0.378,0.152,5.696,-0.456,-0.0,-0.003,-0.453,-0.271,1.105,1.781,4.139,3.755
35.5788,0.089,0.038,10.039,-0.14,-0.03,0.11,-1.535,-0.954,-9.535,-0.02,0.18,-0.26,-0.643,0.431,-0.663,-9.172,-5.697,-0.639,-8.5,-6.112,9.172,0.376,-0.0,0.003,0.373,0.152,5.697,-0.456,-0.0,0.0,-0.456,-0.271,1.106,1.782,4.139,3.755
35.6347,0.117,0.096,10.068,-0.08,-0.13,-0.04,-1.553,-0.976,-9.591,0.02,-0.17,-0.11,-0.65,0.435,-0.663,-9.179,-5.71,-0.643,-8.5,-6.129,9.179,0.376,-0.0,-0.003,0.379,0.152,5.71,-0.454,-0.0,-0.0,-0.454,-0.271,1.106,1.78,4.139,3.755
35.6347,0.117,0.096,10.068,-0.08,-0.13,-0.04,-1.553,-0.976,-9.591,0.02,-0.17,-0.11,-0.65,0.435,-0.663,-9.179,-5.71,-0.643,-8.5,-6.129,9.179,0.376,-0.0,-0.003,0.379,0.152,5.71,-0.454,-0.0,-0.0,-0.454,-0.271,1.106,1.78,4.139,3.755
35.6892,0.079,0.05,10.039,-0.02,-0.08,0.05,-1.581,-1.001,-9.54,-0.04,0.03,-0.16,-0.648,0.435,-0.661,-9.186,-5.72,-0.647,-8.508,-6.138,9.186,0.376,-0.0,0.001,0.376,0.152,5.72,-0.453,-0.0,0.001,-0.454,-0.271,1.105,1.779,4.139,3.755
35.7231,0.105,0.05,10.058,-0.05,-0.07,-0.07,-1.531,-0.952,-9.534,0.26,-0.23,0.07,-0.648,0.435,-0.661,-9.186,-5.72,-0.647,-8.508,-6.138,9.186,0.376,-0.0,0.001,0.376,0.152,5.72,-0.453,-0.0,0.001,-0.454,-0.271,1.105,1.779,4.139,3.755
35.7537,0.11,0.048,10.06,0.01,0.02,-0.04,-1.523,-0.972,-9.556,-0.37,-0.1,0.11,-0.644,0.427,-0.663,-9.183,-5.723,-0.654,-8.509,-6.134,9.183,0.376,0.0,-0.002,0.378,0.153,5.723,-0.452,0.0,0.006,-0.459,-0.272,1.105,1.779,4.139,3.755
35.7790,0.113,0.072,10.065,-0.09,-0.05,0.02,-1.571,-0.976,-9.542,0.24,0.34,-0.17,-0.642,0.429,-0.663,-9.178,-5.733,-0.653,-8.507,-6.146,9.178,0.376,-0.0,0.006,0.37,0.152,5.733,-0.451,-0.0,-0.004,-0.447,-0.271,1.105,1.779,4.139,3.755
35.7790,0.113,0.072,10.065,-0.09,-0.05,0.02,-1.571,-0.976,-9.542,0.24,0.34,-0.17,-0.642,0.429,-0.663,-9.178,-5.733,-0.653,-8.507,-6.146,9.178,0.376,-0.0,0.006,0.37,0.152,5.733,-0.451,-0.0,-0.004,-0.447,-0.271,1.105,1.778,4.139,3.755
35.8387,0.05,0.077,10.068,-0.03,0.04,-0.03,-1.538,-1.007,-9.558,-0.17,0.26,0.05,-0.635,0.43,-0.663,-9.178,-5.735,-0.66,-8.513,-6.149,9.178,0.376,0.0,0.005,0.372,0.152,5.735,-0.451,-0.0,0.003,-0.454,-0.271,1.104,1.777,4.139,3.755
35.8387,0.05,0.077,10.068,-0.03,0.04,-0.03,-1.538,-1.007,-9.558,-0.17,0.26,0.05,-0.635,0.43,-0.663,-9.178,-5.735,-0.66,-8.513,-6.149,9.178,0.376,0.0,0.005,0.372,0.152,5.735,-0.451,-0.0,0.003,-0.454,-0.271,1.104,1.777,4.139,3.755
35.8950,0.065,0.091,10.005,-0.02,0.01,-0.0,-1.541,-0.96,-9.53,-0.0,0.13,0.11,-0.623,0.43,-0.663,-9.177,-5.742,-0.661,-8.525,-6.156,9.177,0.376,0.0,0.002,0.374,0.153,5.742,-0.449,-0.0,0.0,-0.45,-0.271,1.103,1.776,4.139,3.755
35.9296,0.079,0.074,10.017,0.06,-0.07,0.02,-1.566,-1.019,-9.574,0.0,-0.07,0.12,-0.623,0.43,-0.663,-9.177,-5.742,-0.661,-8.525,-6.156,9.177,0.376,0.0,0.002,0.374,0.153,5.742,-0.449,-0.0,0.0,-0.45,-0.271,1.103,1.776,4.139,3.755
35.9569,0.12,0.105,10.041,-0.12,0.1,0.06,-1.539,-0.966,-9.553,0.02,0.02,-0.09,-0.623,0.431,-0.661,-9.18,-5.75,-0.665,-8.528,-6.165,9.18,0.376,0.0,0.0,0.376,0.153,5.75,-0.448,-0.0,-0.0,-0.448,-0.271,1.102,1.775,4.139,3.755
35.9869,0.093,0.05,10.039,-0.01,-0.11,0.08,-1.59,-0.954,-9.556,-0.0,0.3,-0.11,-0.633,0.429,-0.66,-9.175,-5.751,-0.664,-8.513,-6.163,9.175,0.376,-0.0,0.005,0.371,0.152,5.751,-0.448,-0.0,0.0,-0.448,-0.271,1.104,1.775,4.139,3.755
36.0125,0.096,0.072,10.022,0.03,-0.15,-0.11,-1.551,-0.971,-9.566,0.05,-0.05,0.24,-0.633,0.429,-0.66,-9.175,-5.751,-0.664,-8.513,-6.163,9.175,0.376,-0.0,0.005,0.371,0.152,5.751,-0.448,-0.0,0.0,-0.448,-0.271,1.104,1.775,4.139,3.755
36.0671,0.16,0.103,10.039,-0.08,0.09,0.16,-1.559,-1.009,-9.525,0.09,0.37,-0.1,-0.648,0.43,-0.66,-9.172,-5.767,-0.668,-8.495,-6.18,9.172,0.376,0.0,0.007,0.37,0.153,5.767,-0.446,-0.0,-0.002,-0.444,-0.271,1.107,1.773,4.139,3.755
36.0671,0.16,0.103,10.039,-0.08,0.09,0.16,-1.559,-1.009,-9.525,0.09,0.37,-0.1,-0.648,0.43,-0.66,-9.172,-5.767,-0.668,-8.495,-6.18,9.172,0.376,0.0,0.007,0.37,0.153,5.767,-0.446,-0.0,-0.002,-0.444,-0.271,1.107,1.773,4.139,3.755
36.0671,0.16,0.103,10.039,-0.08,0.09,0.16,-1.559,-1.009,-9.525,0.09,0.37,-0.1,-0.648,0.43,-0.66,-9.172,-5.767,-0.668,-8.495,-6.18,9.172,0.376,0.0,0.007,0.37,0.153,5.767,-0.446,-0.0,-0.002,-0.444,-0.271,1.107,1.773,4.139,3.755
36.0972,0.192,0.06,10.046,0.08,-0.07,-0.05,-1.581,-0.939,-9.57,0.2,-0.34,-0.32,-0.654,0.42,-0.661,-9.174,-5.762,-0.667,-8.491,-6.166,9.174,0.376,-0.0,-0.006,0.382,0.154,5.762,-0.446,0.0,-0.004,-0.442,-0.271,1.107,1.775,4.139,3.755
36.1558,0.069,0.048,10.077,0.04,-0.11,-0.0,-1.566,-1.016,-9.555,-0.59,0.21,-0.35,-0.644,0.427,-0.661,-9.169,-5.769,-0.673,-8.496,-6.179,9.169,0.376,-0.0,0.004,0.373,0.153,5.769,-0.445,0.0,0.01,-0.455,-0.273,1.106,1.774,4.139,3.755
36.1558,0.069,0.048,10.077,0.04,-0.11,-0.0,-1.566,-1.016,-9.555,-0.59,0.21,-0.35,-0.644,0.427,-0.661,-9.169,-5.769,-0.673,-8.496,-6.179,9.169,0.376,-0.0,0.004,0.373,0.153,5.769,-0.445,0.0,0.01,-0.455,-0.273,1.106,1.774,4.139,3.755
36.2181,0.101,0.084,10.132,-0.01,-0.15,-0.05,-1.542,-0.979,-9.504,-0.17,0.52,0.43,-0.64,0.425,-0.662,-9.174,-5.78,-0.677,-8.504,-6.189,9.174,0.377,-0.0,0.009,0.367,0.153,5.78,-0.443,-0.0,0.003,-0.446,-0.272,1.105,1.772,4.139,3.755
36.2455,0.132,0.074,10.063,0.06,-0.19,-0.04,-1.526,-1.032,-9.552,-0.29,-0.01,-0.15,-0.64,0.425,-0.662,-9.174,-5.78,-0.677,-8.504,-6.189,9.174,0.377,-0.0,0.009,0.367,0.153,5.78,-0.443,-0.0,0.003,-0.446,-0.272,1.105,1.772,4.139,3.755
36.2780,0.055,0.072,10.058,0.05,-0.16,-0.0,-1.516,-0.954,-9.546,0.52,-0.02,-0.16,-0.639,0.43,-0.663,-9.164,-5.793,-0.675,-8.496,-6.207,9.164,0.376,-0.0,-0.0,0.377,0.154,5.793,-0.442,0.0,-0.009,-0.433,-0.27,1.106,1.77,4.139,3.755
36.3009,0.11,0.079,10.096,0.03,-0.15,-0.0,-1.569,-0.948,-9.556,-0.14,0.43,0.0,-0.638,0.43,-0.663,-9.159,-5.789,-0.676,-8.492,-6.203,9.159,0.376,-0.0,0.007,0.369,0.153,5.789,-0.442,0.0,0.002,-0.444,-0.272,1.107,1.771,4.139,3.755
36.3009,0.11,0.079,10.096,0.03,-0.15,-0.0,-1.569,-0.948,-9.556,-0.14,0.43,0.0,-0.638,0.43,-0.663,-9.159,-5.789,-0.676,-8.492,-6.203,9.159,0.376,-0.0,0.007,0.369,0.153,5.789,-0.442,0.0,0.002,-0.444,-0.272,1.107,1.771,4.139,3.755
36.3587,0.12,0.091,10.056,0.04,-0.12,0.01,-1.507,-0.974,-9.542,0.08,0.23,0.14,-0.647,0.434,-0.663,-9.161,-5.798,-0.681,-8.485,-6.216,9.161,0.376,-0.0,0.004,0.372,0.154,5.798,-0.441,0.0,-0.001,-0.439,-0.271,1.108,1.769,4.139,3.755
36.3587,0.12,0.091,10.056,0.04,-0.12,0.01,-1.507,-0.974,-9.542,0.08,0.23,0.14,-0.647,0.434,-0.663,-9.161,-5.798,-0.681,-8.485,-6.216,9.161,0.376,-0.0,0.004,0.372,0.154,5.798,-0.441,0.0,-0.001,-0.439,-0.271,1.108,1.769,4.139,3.755
36.3944,0.05,0.067,10.032,-0.02,0.02,0.05,-1.596,-0.997,-9.567,-0.08,0.22,-0.17,-0.637,0.436,-0.662,-9.16,-5.802,-0.68,-8.494,-6.222,9.16,0.376,0.0,0.004,0.372,0.154,5.802,-0.44,-0.0,0.001,-0.441,-0.272,1.107,1.768,4.139,3.755
36.4469,0.141,0.043,10.056,0.04,-0.18,0.06,-1.529,-0.978,-9.579,-0.16,-0.46,0.28,-0.634,0.432,-0.664,-9.164,-5.802,-0.684,-8.501,-6.218,9.164,0.376,-0.0,-0.008,0.384,0.155,5.802,-0.439,0.0,0.003,-0.442,-0.272,1.106,1.769,4.139,3.755
36.4469,0.141,0.043,10.056,0.04,-0.18,0.06,-1.529,-0.978,-9.579,-0.16,-0.46,0.28,-0.634,0.432,-0.664,-9.164,-5.802,-0.684,-8.501,-6.218,9.164,0.376,-0.0,-0.008,0.384,0.155,5.802,-0.439,0.0,0.003,-0.442,-0.272,1.106,1.769,4.139,3.755
36.5098,0.098,0.072,10.101,-0.13,0.01,0.09,-1.551,-0.96,-9.511,0.34,-0.12,-0.36,-0.626,0.435,-0.661,-9.15,-5.812,-0.681,-8.495,-6.232,9.15,0.376,0.0,-0.002,0.378,0.155,5.812,-0.438,-0.0,-0.006,-0.432,-0.271,1.107,1.767,4.139,3.755
36.5376,0.096,0.057,10.048,-0.12,-0.03,-0.04,-1.535,-0.958,-9.59,0.07,-0.22,0.26,-0.626,0.435,-0.661,-9.15,-5.812,-0.681,-8.495,-6.232,9.15,0.376,0.0,-0.002,0.378,0.155,5.812,-0.438,-0.0,-0.006,-0.432,-0.271,1.107,1.767,4.139,3.755
36.5633,0.151,0.124,10.02,0.06,-0.22,-0.05,-1.514,-1.022,-9.571,-0.34,0.17,0.23,-0.625,0.431,-0.662,-9.149,-5.811,-0.689,-8.495,-6.226,9.149,0.376,-0.0,0.003,0.373,0.154,5.811,-0.437,0.0,0.006,-0.443,-0.272,1.107,1.768,4.139,3.755
36.5915,0.089,0.115,10.053,-0.04,0.04,0.02,-1.524,-1.008,-9.55,0.19,-0.18,-0.2,-0.628,0.44,-0.661,-9.148,-5.819,-0.686,-8.491,-6.243,9.148,0.376,0.0,-0.003,0.379,0.155,5.819,-0.436,-0.0,-0.003,-0.433,-0.271,1.107,1.768,4.139,3.755
36.5915,0.089,0.115,10.053,-0.04,0.04,0.02,-1.524,-1.008,-9.55,0.19,-0.18,-0.2,-0.628,0.44,-0.661,-9.148,-5.819,-0.686,-8.491,-6.243,9.148,0.376,0.0,-0.003,0.379,0.155,5.819,-0.436,-0.0,-0.003,-0.433,-0.271,1.107,1.766,4.139,3.755
36.6494,0.117,0.134,9.984,-0.05,-0.03,-0.0,-1.541,-0.992,-9.574,-0.09,-0.03,0.24,-0.623,0.448,-0.66,-9.153,-5.814,-0.69,-8.502,-6.246,9.153,0.376,-0.0,-0.001,0.377,0.155,5.814,-0.436,-0.0,0.002,-0.437,-0.272,1.106,1.765,4.139,3.755
36.6494,0.117,0.134,9.984,-0.05,-0.03,-0.0,-1.541,-0.992,-9.574,-0.09,-0.03,0.24,-0.623,0.448,-0.66,-9.153,-5.814,-0.69,-8.502,-6.246,9.153,0.376,-0.0,-0.001,0.377,0.155,5.814,-0.436,-0.0,0.002,-0.437,-0.272,1.106,1.765,4.139,3.755
36.7072,0.072,0.122,10.013,-0.04,-0.01,0.03,-1.544,-0.956,-9.527,0.3,0.17,-0.23,-0.623,0.464,-0.659,-9.153,-5.827,-0.687,-8.501,-6.275,9.153,0.376,-0.0,0.003,0.373,0.155,5.827,-0.434,-0.0,-0.005,-0.429,-0.271,1.106,1.762,4.139,3.755
36.7072,0.072,0.122,10.013,-0.04,-0.01,0.03,-1.544,-0.956,-9.527,0.3,0.17,-0.23,-0.623,0.464,-0.659,-9.153,-5.827,-0.687,-8.501,-6.275,9.153,0.376,-0.0,0.003,0.373,0.155,5.827,-0.434,-0.0,-0.005,-0.429,-0.271,1.106,1.762,4.139,3.755
36.7696,0.093,0.007,10.07,-0.04,-0.08,-0.06,-1.554,-0.96,-9.534,0.08,0.1,0.11,-0.629,0.456,-0.661,-9.157,-5.827,-0.69,-8.499,-6.267,9.157,0.377,-0.0,0.002,0.375,0.155,5.827,-0.434,-0.0,-0.001,-0.432,-0.272,1.106,1.763,4.139,3.755
36.7696,0.093,0.007,10.07,-0.04,-0.08,-0.06,-1.554,-0.96,-9.534,0.08,0.1,0.11,-0.629,0.456,-0.661,-9.157,-5.827,-0.69,-8.499,-6.267,9.157,0.377,-0.0,0.002,0.375,0.155,5.827,-0.434,-0.0,-0.001,-0.432,-0.272,1.106,1.763,4.139,3.755
36.8223,0.127,0.081,10.013,0.04,-0.1,0.04,-1.556,-1.004,-9.57,0.12,0.24,-0.24,-0.637,0.455,-0.659,-9.154,-5.833,-0.689,-8.487,-6.272,9.154,0.376,-0.0,0.004,0.372,0.155,5.833,-0.433,0.0,-0.002,-0.43,-0.272,1.107,1.762,4.139,3.755
36.8223,0.127,0.081,10.013,0.04,-0.1,0.04,-1.556,-1.004,-9.57,0.12,0.24,-0.24,-0.637,0.455,-0.659,-9.154,-5.833,-0.689,-8.487,-6.272,9.154,0.376,-0.0,0.004,0.372,0.155,5.833,-0.433,0.0,-0.002,-0.43,-0.272,1.107,1.762,4.139,3.755
36.8801,0.086,0.079,10.075,0.06,-0.02,-0.17,-1.557,-0.997,-9.549,-0.13,-0.13,0.29,-0.635,0.449,-0.663,-9.165,-5.833,-0.696,-8.501,-6.266,9.165,0.377,-0.0,-0.002,0.379,0.156,5.833,-0.432,0.0,0.002,-0.434,-0.272,1.106,1.763,4.139,3.755
36.8801,0.086,0.079,10.075,0.06,-0.02,-0.17,-1.557,-0.997,-9.549,-0.13,-0.13,0.29,-0.635,0.449,-0.663,-9.165,-5.833,-0.696,-8.501,-6.266,9.165,0.377,-0.0,-0.002,0.379,0.156,5.833,-0.432,0.0,0.002,-0.434,-0.272,1.106,1.763,4.139,3.755
36.9395,0.06,0.06,10.001,-0.02,-0.03,0.09,-1.541,-0.946,-9.536,0.35,-0.02,-0.31,-0.628,0.445,-0.66,-9.167,-5.84,-0.691,-8.51,-6.27,9.167,0.377,-0.0,-0.0,0.377,0.156,5.84,-0.431,-0.0,-0.006,-0.425,-0.271,1.105,1.763,4.139,3.755
36.9395,0.06,0.06,10.001,-0.02,-0.03,0.09,-1.541,-0.946,-9.536,0.35,-0.02,-0.31,-0.628,0.445,-0.66,-9.167,-5.84,-0.691,-8.51,-6.27,9.167,0.377,-0.0,-0.0,0.377,0.156,5.84,-0.431,-0.0,-0.006,-0.425,-0.271,1.105,1.763,4.139,3.755
36.9974,0.11,0.108,10.104,-0.08,0.07,-0.04,-1.513,-1.01,-9.571,-0.1,0.05,0.09,-0.629,0.447,-0.663,-9.163,-5.833,-0.698,-8.505,-6.264,9.163,0.377,0.0,0.001,0.376,0.156,5.833,-0.43,-0.0,0.002,-0.432,-0.272,1.105,1.763,4.139,3.755
37.0247,0.084,0.053,10.151,-0.1,-0.06,0.06,-1.567,-0.961,-9.536,0.08,0.06,-0.26,-0.629,0.447,-0.663,-9.163,-5.833,-0.698,-8.505,-6.264,9.163,0.377,0.0,0.001,0.376,0.156,5.833,-0.43,-0.0,0.002,-0.432,-0.272,1.105,1.763,4.139,3.755
37.0825,0.158,0.072,10.001,-0.02,-0.21,-0.02,-1.535,-0.988,-9.547,-0.2,0.04,0.28,-0.67,0.438,-0.662,-9.163,-5.834,-0.7,-8.464,-6.256,9.163,0.377,-0.0,0.001,0.376,0.156,5.834,-0.429,-0.0,0.004,-0.432,-0.273,1.11,1.764,4.139,3.755
37.0825,0.158,0.072,10.001,-0.02,-0.21,-0.02,-1.535,-0.988,-9.547,-0.2,0.04,0.28,-0.67,0.438,-0.662,-9.163,-5.834,-0.7,-8.464,-6.256,9.163,0.377,-0.0,0.001,0.376,0.156,5.834,-0.429,-0.0,0.004,-0.432,-0.273,1.11,1.764,4.139,3.755
37.0825,0.158,0.072,10.001,-0.02,-0.21,-0.02,-1.535,-0.988,-9.547,-0.2,0.04,0.28,-0.67,0.438,-0.662,-9.163,-5.834,-0.7,-8.464,-6.256,9.163,0.377,-0.0,0.001,0.376,0.156,5.834,-0.429,-0.0,0.004,-0.432,-0.273,1.11,1.764,4.139,3.755
37.1436,0.113,0.067,10.02,-0.07,-0.15,0.12,-1.545,-0.99,-9.537,0.31,0.19,0.12,-0.673,0.438,-0.659,-9.157,-5.847,-0.697,-8.456,-6.269,9.159,0.377,0.0,0.002,0.375,0.156,5.842,-0.428,-0.0,0.001,-0.429,-0.272,1.111,1.763,4.139,3.755
37.2030,0.129,0.091,10.027,-0.05,-0.15,-0.08,-1.532,-0.967,-9.584,-0.03,0.36,0.13,-0.67,0.445,-0.659,-9.149,-5.84,-0.701,-8.451,-6.269,9.149,0.377,-0.0,0.006,0.37,0.156,5.84,-0.427,-0.0,0.0,-0.427,-0.272,1.112,1.763,4.139,3.755
37.2030,0.129,0.091,10.027,-0.05,-0.15,-0.08,-1.532,-0.967,-9.584,-0.03,0.36,0.13,-0.67,0.445,-0.659,-9.149,-5.84,-0.701,-8.451,-6.269,9.149,0.377,-0.0,0.006,0.37,0.156,5.84,-0.427,-0.0,0.0,-0.427,-0.272,1.112,1.763,4.139,3.755
37.2030,0.129,0.091,10.027,-0.05,-0.15,-0.08,-1.532,-0.967,-9.584,-0.03,0.36,0.13,-0.67,0.445,-0.659,-9.149,-5.84,-0.701,-8.451,-6.269,9.149,0.377,-0.0,0.006,0.37,0.156,5.84,-0.427,-0.0,0.0,-0.427,-0.272,1.112,1.763,4.139,3.755
37.2561,0.158,0.117,9.974,-0.02,-0.15,-0.16,-1.551,-0.962,-9.548,0.21,0.05,0.02,-0.67,0.446,-0.661,-9.15,-5.843,-0.7,-8.451,-6.273,9.15,0.377,-0.0,0.001,0.376,0.156,5.843,-0.426,-0.0,-0.004,-0.422,-0.272,1.112,1.762,4.139,3.755
37.2851,0.005,0.072,10.094,-0.02,0.13,-0.02,-1.526,-1.0,-9.549,-0.16,-0.02,0.12,-0.67,0.441,-0.663,-9.147,-5.841,-0.703,-8.448,-6.266,9.147,0.377,0.0,-0.0,0.377,0.156,5.841,-0.426,-0.0,0.003,-0.428,-0.273,1.112,1.763,4.139,3.755
37.2851,0.005,0.072,10.094,-0.02,0.13,-0.02,-1.526,-1.0,-9.549,-0.16,-0.02,0.12,-0.67,0.441,-0.663,-9.147,-5.841,-0.703,-8.448,-6.266,9.147,0.377,0.0,-0.0,0.377,0.156,5.841,-0.426,-0.0,0.003,-0.428,-0.273,1.112,1.763,4.139,3.755
37.3192,0.115,0.074,9.986,0.08,-0.13,-0.07,-1.543,-0.989,-9.521,0.09,-0.0,-0.09,-0.671,0.443,-0.664,-9.148,-5.845,-0.701,-8.448,-6.272,9.148,0.377,-0.0,-0.0,0.377,0.157,5.845,-0.425,0.0,-0.002,-0.424,-0.272,1.112,1.762,4.139,3.755
37.4069,0.072,0.053,10.036,-0.09,-0.06,-0.0,-1.525,-0.972,-9.53,0.17,0.1,-0.02,-0.702,0.439,-0.664,-9.138,-5.844,-0.704,-8.407,-6.267,9.138,0.377,-0.0,0.0,0.376,0.157,5.844,-0.424,-0.0,0.004,-0.428,-0.273,1.117,1.763,4.139,3.755
37.4069,0.072,0.053,10.036,-0.09,-0.06,-0.0,-1.525,-0.972,-9.53,0.17,0.1,-0.02,-0.708,0.44,-0.664,-9.134,-5.848,-0.703,-8.397,-6.272,9.134,0.376,-0.0,0.002,0.375,0.157,5.848,-0.424,-0.0,-0.003,-0.421,-0.272,1.119,1.762,4.139,3.755
37.4069,0.072,0.053,10.036,-0.09,-0.06,-0.0,-1.525,-0.972,-9.53,0.17,0.1,-0.02,-0.708,0.44,-0.664,-9.134,-5.848,-0.703,-8.397,-6.272,9.134,0.376,-0.0,0.002,0.375,0.157,5.848,-0.424,-0.0,-0.003,-0.421,-0.272,1.119,1.762,4.139,3.755
37.4881,0.093,0.077,10.068,-0.07,0.07,0.03,-1.538,-0.966,-9.604,0.22,0.19,0.07,-0.703,0.438,-0.664,-9.126,-5.844,-0.707,-8.395,-6.266,9.133,0.376,-0.0,-0.001,0.377,0.157,5.845,-0.423,0.0,0.0,-0.423,-0.273,1.118,1.763,4.139,3.755
37.4881,0.093,0.077,10.068,-0.07,0.07,0.03,-1.538,-0.966,-9.604,0.22,0.19,0.07,-0.703,0.438,-0.664,-9.126,-5.844,-0.707,-8.395,-6.266,9.133,0.376,-0.0,-0.001,0.377,0.157,5.845,-0.423,0.0,0.0,-0.423,-0.273,1.118,1.763,4.139,3.755
37.5241,0.115,0.081,10.003,0.08,-0.06,0.0,-1.537,-0.99,-9.541,-0.15,-0.2,0.04,-0.701,0.442,-0.664,-9.133,-5.842,-0.708,-8.403,-6.268,9.133,0.377,-0.0,-0.003,0.38,0.157,5.842,-0.422,0.0,0.003,-0.425,-0.273,1.118,1.763,4.139,3.755
37.5519,0.084,0.024,10.142,-0.02,0.11,0.01,-1.56,-0.998,-9.531,0.03,0.01,-0.02,-0.692,0.437,-0.665,-9.125,-5.845,-0.708,-8.405,-6.267,9.125,0.376,0.0,0.0,0.376,0.157,5.845,-0.422,-0.0,-0.001,-0.421,-0.273,1.118,1.763,4.139,3.755
37.5519,0.084,0.024,10.142,-0.02,0.11,0.01,-1.56,-0.998,-9.531,0.03,0.01,-0.02,-0.692,0.437,-0.665,-9.125,-5.845,-0.708,-8.405,-6.267,9.125,0.376,0.0,0.0,0.376,0.157,5.845,-0.422,-0.0,-0.001,-0.421,-0.273,1.118,1.763,4.139,3.755
37.6040,0.11,0.041,9.95,0.01,-0.03,0.07,-1.55,-1.001,-9.562,-0.14,0.43,-0.04,-0.698,0.439,-0.66,-9.121,-5.849,-0.706,-8.395,-6.272,9.121,0.376,-0.0,0.008,0.369,0.156,5.849,-0.421,0.0,0.002,-0.423,-0.273,1.119,1.762,4.139,3.755
37.6040,0.11,0.041,9.95,0.01,-0.03,0.07,-1.55,-1.001,-9.562,-0.14,0.43,-0.04,-0.698,0.439,-0.66,-9.121,-5.849,-0.706,-8.395,-6.272,9.121,0.376,-0.0,0.008,0.369,0.156,5.849,-0.421,0.0,0.002,-0.423,-0.273,1.119,1.762,4.139,3.755
37.6630,0.199,0.05,9.998,-0.05,0.04,0.02,-1.518,-0.979,-9.537,-0.16,-0.44,-0.09,-0.717,0.44,-0.661,-9.121,-5.847,-0.705,-8.375,-6.271,9.121,0.376,0.0,-0.008,0.384,0.158,5.847,-0.42,-0.0,0.003,-0.423,-0.273,1.121,1.762,4.139,3.755
37.6630,0.199,0.05,9.998,-0.05,0.04,0.02,-1.518,-0.979,-9.537,-0.16,-0.44,-0.09,-0.717,0.44,-0.661,-9.121,-5.847,-0.705,-8.375,-6.271,9.121,0.376,0.0,-0.008,0.384,0.158,5.847,-0.42,-0.0,0.003,-0.423,-0.273,1.121,1.762,4.139,3.755
37.7215,0.115,0.079,10.048,-0.09,0.2,0.04,-1.556,-0.991,-9.521,-0.01,-0.16,-0.05,-0.699,0.431,-0.659,-9.12,-5.853,-0.702,-8.392,-6.268,9.12,0.376,0.0,-0.003,0.379,0.158,5.853,-0.419,-0.0,0.0,-0.419,-0.273,1.119,1.763,4.139,3.755
37.7215,0.115,0.079,10.048,-0.09,0.2,0.04,-1.556,-0.991,-9.521,-0.01,-0.16,-0.05,-0.699,0.431,-0.659,-9.12,-5.853,-0.702,-8.392,-6.268,9.12,0.376,0.0,-0.003,0.379,0.158,5.853,-0.419,-0.0,0.0,-0.419,-0.273,1.119,1.763,4.139,3.755
37.7829,0.122,0.038,9.979,-0.07,0.05,-0.07,-1.569,-1.008,-9.543,0.03,0.12,0.02,-0.684,0.429,-0.658,-9.123,-5.858,-0.705,-8.411,-6.272,9.123,0.376,0.0,0.002,0.374,0.157,5.858,-0.418,-0.0,-0.0,-0.418,-0.273,1.117,1.762,4.139,3.755
37.7829,0.122,0.038,9.979,-0.07,0.05,-0.07,-1.569,-1.008,-9.543,0.03,0.12,0.02,-0.684,0.429,-0.658,-9.123,-5.858,-0.705,-8.411,-6.272,9.123,0.376,0.0,0.002,0.374,0.157,5.858,-0.418,-0.0,-0.0,-0.418,-0.273,1.117,1.762,4.139,3.755
37.8413,0.036,0.129,10.008,-0.15,0.04,0.21,-1.423,-1.008,-9.48,0.52,0.61,0.93,-0.665,0.431,-0.656,-9.108,-5.869,-0.708,-8.414,-6.284,9.108,0.376,0.0,0.011,0.365,0.157,5.869,-0.417,-0.0,-0.009,-0.408,-0.272,1.116,1.761,4.139,3.755
37.8413,0.036,0.129,10.008,-0.15,0.04,0.21,-1.423,-1.008,-9.48,0.52,0.61,0.93,-0.665,0.431,-0.656,-9.108,-5.869,-0.708,-8.414,-6.284,9.108,0.376,0.0,0.011,0.365,0.157,5.869,-0.417,-0.0,-0.009,-0.408,-0.272,1.116,1.761,4.139,3.755
37.8994,0.019,0.12,10.06,-0.25,0.29,0.09,-1.48,-0.98,-9.471,1.94,0.9,0.7,-0.64,0.433,-0.659,-9.117,-5.884,-0.703,-8.448,-6.301,9.117,0.376,0.0,0.016,0.361,0.156,5.884,-0.415,-0.0,-0.034,-0.381,-0.269,1.112,1.759,4.139,3.755
37.8994,0.019,0.12,10.06,-0.25,0.29,0.09,-1.48,-0.98,-9.471,1.94,0.9,0.7,-0.64,0.433,-0.659,-9.117,-5.884,-0.703,-8.448,-6.301,9.117,0.376,0.0,0.016,0.361,0.156,5.884,-0.415,-0.0,-0.034,-0.381,-0.269,1.112,1.759,4.139,3.755
37.9564,0.084,0.067,10.106,-0.06,0.27,-0.02,-1.565,-0.942,-9.578,1.85,0.07,0.51,-0.637,0.428,-0.66,-9.108,-5.891,-0.701,-8.442,-6.303,9.108,0.376,0.0,0.001,0.375,0.158,5.891,-0.414,-0.0,-0.032,-0.382,-0.269,1.113,1.758,4.139,3.755
37.9564,0.084,0.067,10.106,-0.06,0.27,-0.02,-1.565,-0.942,-9.578,1.85,0.07,0.51,-0.637,0.428,-0.66,-9.108,-5.891,-0.701,-8.442,-6.303,9.108,0.376,0.0,0.001,0.375,0.158,5.891,-0.414,-0.0,-0.032,-0.382,-0.269,1.113,1.758,4.139,3.755
38.0156,-0.019,0.034,10.209,0.08,0.35,0.06,-1.641,-0.965,-9.583,0.78,-0.22,-0.1,-0.602,0.438,-0.659,-9.113,-5.896,-0.696,-8.482,-6.318,9.113,0.376,0.0,-0.004,0.38,0.159,5.896,-0.413,0.0,-0.014,-0.4,-0.271,1.108,1.757,4.139,3.755
38.0156,-0.019,0.034,10.209,0.08,0.35,0.06,-1.641,-0.965,-9.583,0.78,-0.22,-0.1,-0.602,0.438,-0.659,-9.113,-5.896,-0.696,-8.482,-6.318,9.113,0.376,0.0,-0.004,0.38,0.159,5.896,-0.413,0.0,-0.014,-0.4,-0.271,1.108,1.757,4.139,3.755
38.0732,0.189,0.098,9.953,0.04,-0.12,-0.05,-1.478,-1.001,-9.556,-0.8,0.27,-0.36,-0.627,0.453,-0.664,-9.103,-5.889,-0.703,-8.447,-6.326,9.103,0.376,-0.0,0.005,0.371,0.158,5.889,-0.413,0.0,0.014,-0.426,-0.275,1.112,1.756,4.139,3.755
38.0732,0.189,0.098,9.953,0.04,-0.12,-0.05,-1.478,-1.001,-9.556,-0.8,0.27,-0.36,-0.627,0.453,-0.664,-9.103,-5.889,-0.703,-8.447,-6.326,9.103,0.376,-0.0,0.005,0.371,0.158,5.889,-0.413,0.0,0.014,-0.426,-0.275,1.112,1.756,4.139,3.755
38.1318,0.074,0.129,10.032,0.01,0.07,-0.13,-1.549,-0.97,-9.556,-0.39,-0.0,-0.42,-0.644,0.453,-0.664,-9.115,-5.897,-0.7,-8.442,-6.334,9.115,0.377,0.0,-0.0,0.377,0.159,5.897,-0.411,0.0,0.007,-0.418,-0.274,1.113,1.755,4.139,3.755
38.1318,0.074,0.129,10.032,0.01,0.07,-0.13,-1.549,-0.97,-9.556,-0.39,-0.0,-0.42,-0.644,0.453,-0.664,-9.115,-5.897,-0.7,-8.442,-6.334,9.115,0.377,0.0,-0.0,0.377,0.159,5.897,-0.411,0.0,0.007,-0.418,-0.274,1.113,1.755,4.139,3.755
38.1862,0.084,0.05,10.101,-0.09,-0.05,-0.02,-1.553,-1.022,-9.537,-0.39,0.01,-0.09,-0.638,0.453,-0.665,-9.112,-5.896,-0.705,-8.446,-6.333,9.112,0.377,-0.0,0.0,0.376,0.159,5.896,-0.411,-0.0,0.007,-0.417,-0.274,1.113,1.755,4.139,3.755
38.1862,0.084,0.05,10.101,-0.09,-0.05,-0.02,-1.553,-1.022,-9.537,-0.39,0.01,-0.09,-0.638,0.453,-0.665,-9.112,-5.896,-0.705,-8.446,-6.333,9.112,0.377,-0.0,0.0,0.376,0.159,5.896,-0.411,-0.0,0.007,-0.417,-0.274,1.113,1.755,4.139,3.755
38.2455,0.065,0.077,10.077,-0.02,0.02,0.06,-1.513,-1.012,-9.57,-0.28,-0.23,0.32,-0.628,0.455,-0.667,-9.111,-5.895,-0.707,-8.454,-6.335,9.111,0.377,0.0,-0.004,0.381,0.159,5.895,-0.41,-0.0,0.005,-0.415,-0.274,1.112,1.755,4.139,3.755
38.2455,0.065,0.077,10.077,-0.02,0.02,0.06,-1.513,-1.012,-9.57,-0.28,-0.23,0.32,-0.628,0.455,-0.667,-9.111,-5.895,-0.707,-8.454,-6.335,9.111,0.377,0.0,-0.004,0.381,0.159,5.895,-0.41,-0.0,0.005,-0.415,-0.274,1.112,1.755,4.139,3.755
38.3019,0.134,0.089,10.046,0.04,0.01,-0.01,-1.53,-1.014,-9.577,0.21,-0.21,0.02,-0.633,0.46,-0.667,-9.111,-5.907,-0.705,-8.449,-6.351,9.111,0.377,0.0,-0.004,0.38,0.159,5.907,-0.408,0.0,-0.004,-0.405,-0.273,1.112,1.753,4.139,3.755
38.3019,0.134,0.089,10.046,0.04,0.01,-0.01,-1.53,-1.014,-9.577,0.21,-0.21,0.02,-0.633,0.46,-0.667,-9.111,-5.907,-0.705,-8.449,-6.351,9.111,0.377,0.0,-0.004,0.38,0.159,5.907,-0.408,0.0,-0.004,-0.405,-0.273,1.112,1.753,4.139,3.755
38.3605,0.103,0.079,10.056,-0.06,-0.01,0.0,-1.542,-0.977,-9.535,0.32,-0.18,-0.04,-0.633,0.454,-0.669,-9.111,-5.911,-0.705,-8.449,-6.349,9.111,0.377,-0.0,-0.003,0.38,0.16,5.911,-0.407,-0.0,-0.006,-0.402,-0.273,1.112,1.753,4.139,3.755
38.3605,0.103,0.079,10.056,-0.06,-0.01,0.0,-1.542,-0.977,-9.535,0.32,-0.18,-0.04,-0.633,0.454,-0.669,-9.111,-5.911,-0.705,-8.449,-6.349,9.111,0.377,-0.0,-0.003,0.38,0.16,5.911,-0.407,-0.0,-0.006,-0.402,-0.273,1.112,1.753,4.139,3.755
38.4202,0.134,0.084,10.013,0.04,-0.06,0.0,-1.559,-1.01,-9.546,0.07,0.15,0.02,-0.63,0.456,-0.668,-9.109,-5.907,-0.711,-8.45,-6.347,9.109,0.377,-0.0,0.003,0.374,0.159,5.907,-0.407,0.0,-0.001,-0.406,-0.273,1.112,1.753,4.139,3.755
38.4202,0.134,0.084,10.013,0.04,-0.06,0.0,-1.559,-1.01,-9.546,0.07,0.15,0.02,-0.63,0.456,-0.668,-9.109,-5.907,-0.711,-8.45,-6.347,9.109,0.377,-0.0,0.003,0.374,0.159,5.907,-0.407,0.0,-0.001,-0.406,-0.273,1.112,1.753,4.139,3.755
38.4792,0.134,0.079,10.065,-0.02,-0.06,0.03,-1.553,-0.986,-9.556,-0.07,0.4,-0.02,-0.622,0.454,-0.668,-9.111,-5.911,-0.71,-8.461,-6.348,9.111,0.377,-0.0,0.007,0.37,0.159,5.911,-0.406,-0.0,0.001,-0.407,-0.274,1.111,1.753,4.139,3.755
38.4792,0.134,0.079,10.065,-0.02,-0.06,0.03,-1.553,-0.986,-9.556,-0.07,0.4,-0.02,-0.622,0.454,-0.668,-9.111,-5.911,-0.71,-8.461,-6.348,9.111,0.377,-0.0,0.007,0.37,0.159,5.911,-0.406,-0.0,0.001,-0.407,-0.274,1.111,1.753,4.139,3.755
38.5376,0.12,0.122,10.048,-0.19,-0.08,0.03,-1.531,-0.992,-9.517,-0.03,0.03,-0.02,-0.621,0.457,-0.669,-9.11,-5.914,-0.709,-8.46,-6.354,9.11,0.377,-0.0,0.001,0.376,0.16,5.914,-0.405,-0.0,0.001,-0.405,-0.274,1.111,1.752,4.139,3.755
38.5376,0.12,0.122,10.048,-0.19,-0.08,0.03,-1.531,-0.992,-9.517,-0.03,0.03,-0.02,-0.621,0.457,-0.669,-9.11,-5.914,-0.709,-8.46,-6.354,9.11,0.377,-0.0,0.001,0.376,0.16,5.914,-0.405,-0.0,0.001,-0.405,-0.274,1.111,1.752,4.139,3.755
38.5920,0.093,0.048,10.051,-0.0,0.05,-0.02,-1.551,-0.984,-9.564,-0.1,0.14,0.08,-0.623,0.449,-0.668,-9.119,-5.912,-0.712,-8.467,-6.345,9.119,0.377,0.0,0.002,0.375,0.16,5.912,-0.404,-0.0,0.002,-0.406,-0.274,1.11,1.753,4.139,3.755
38.5920,0.093,0.048,10.051,-0.0,0.05,-0.02,-1.551,-0.984,-9.564,-0.1,0.14,0.08,-0.623,0.449,-0.668,-9.119,-5.912,-0.712,-8.467,-6.345,9.119,0.377,0.0,0.002,0.375,0.16,5.912,-0.404,-0.0,0.002,-0.406,-0.274,1.11,1.753,4.139,3.755
38.6500,0.093,0.05,10.096,-0.02,-0.09,-0.03,-1.548,-0.974,-9.546,0.0,-0.12,-0.11,-0.628,0.444,-0.668,-9.119,-5.916,-0.711,-8.462,-6.344,9.119,0.377,-0.0,-0.002,0.379,0.16,5.916,-0.403,-0.0,-0.0,-0.403,-0.274,1.111,1.753,4.139,3.755
38.6500,0.093,0.05,10.096,-0.02,-0.09,-0.03,-1.548,-0.974,-9.546,0.0,-0.12,-0.11,-0.628,0.444,-0.668,-9.119,-5.916,-0.711,-8.462,-6.344,9.119,0.377,-0.0,-0.002,0.379,0.16,5.916,-0.403,-0.0,-0.0,-0.403,-0.274,1.111,1.753,4.139,3.755
38.7094,0.129,0.067,10.075,-0.0,-0.12,-0.03,-1.557,-1.018,-9.577,-0.16,-0.06,-0.01,-0.627,0.445,-0.67,-9.127,-5.914,-0.715,-8.471,-6.343,9.127,0.378,-0.0,-0.001,0.379,0.16,5.914,-0.402,-0.0,0.003,-0.405,-0.274,1.11,1.754,4.139,3.755
38.7094,0.129,0.067,10.075,-0.0,-0.12,-0.03,-1.557,-1.018,-9.577,-0.16,-0.06,-0.01,-0.627,0.445,-0.67,-9.127,-5.914,-0.715,-8.471,-6.343,9.127,0.378,-0.0,-0.001,0.379,0.16,5.914,-0.402,-0.0,0.003,-0.405,-0.274,1.11,1.754,4.139,3.755
38.7686,0.067,0.065,10.068,-0.11,-0.05,-0.03,-1.579,-0.991,-9.535,0.02,0.11,0.05,-0.626,0.442,-0.669,-9.126,-5.911,-0.715,-8.471,-6.336,9.126,0.378,-0.0,0.002,0.376,0.16,5.911,-0.402,-0.0,-0.0,-0.401,-0.274,1.109,1.754,4.139,3.755
38.7686,0.067,0.065,10.068,-0.11,-0.05,-0.03,-1.579,-0.991,-9.535,0.02,0.11,0.05,-0.626,0.442,-0.669,-9.126,-5.911,-0.715,-8.471,-6.336,9.126,0.378,-0.0,0.002,0.376,0.16,5.911,-0.402,-0.0,-0.0,-0.401,-0.274,1.109,1.754,4.139,3.755
38.8252,0.079,0.091,10.044,-0.04,-0.09,-0.0,-1.535,-1.013,-9.534,-0.07,0.25,0.12,-0.634,0.444,-0.67,-9.117,-5.911,-0.72,-8.454,-6.339,9.117,0.377,-0.0,0.004,0.373,0.16,5.911,-0.401,-0.0,0.001,-0.402,-0.274,1.112,1.754,4.139,3.755
38.8252,0.079,0.091,10.044,-0.04,-0.09,-0.0,-1.535,-1.013,-9.534,-0.07,0.25,0.12,-0.634,0.444,-0.67,-9.117,-5.911,-0.72,-8.454,-6.339,9.117,0.377,-0.0,0.004,0.373,0.16,5.911,-0.401,-0.0,0.001,-0.402,-0.274,1.112,1.754,4.139,3.755
38.8828,0.17,0.096,10.034,-0.07,-0.02,-0.0,-1.542,-0.986,-9.562,0.15,0.04,0.02,-0.637,0.446,-0.67,-9.122,-5.922,-0.718,-8.456,-6.351,9.122,0.378,-0.0,0.001,0.377,0.161,5.922,-0.4,-0.0,-0.003,-0.397,-0.274,1.111,1.753,4.139,3.755
38.8828,0.17,0.096,10.034,-0.07,-0.02,-0.0,-1.542,-0.986,-9.562,0.15,0.04,0.02,-0.637,0.446,-0.67,-9.122,-5.922,-0.718,-8.456,-6.351,9.122,0.378,-0.0,0.001,0.377,0.161,5.922,-0.4,-0.0,-0.003,-0.397,-0.274,1.111,1.753,4.139,3.755
38.9391,0.108,0.06,9.934,-0.05,-0.06,-0.09,-1.561,-0.996,-9.529,0.16,-0.28,-0.24,-0.621,0.448,-0.671,-9.127,-5.921,-0.717,-8.477,-6.353,9.127,0.378,-0.0,-0.005,0.383,0.161,5.921,-0.399,-0.0,-0.003,-0.396,-0.274,1.109,1.752,4.139,3.755
38.9391,0.108,0.06,9.934,-0.05,-0.06,-0.09,-1.561,-0.996,-9.529,0.16,-0.28,-0.24,-0.621,0.448,-0.671,-9.127,-5.921,-0.717,-8.477,-6.353,9.127,0.378,-0.0,-0.005,0.383,0.161,5.921,-0.399,-0.0,-0.003,-0.396,-0.274,1.109,1.752,4.139,3.755
38.9968,0.077,0.086,9.965,-0.1,-0.03,-0.07,-1.554,-1.007,-9.516,-0.04,0.53,0.08,-0.618,0.448,-0.672,-9.122,-5.923,-0.721,-8.475,-6.356,9.122,0.378,-0.0,0.009,0.368,0.16,5.923,-0.398,-0.0,0.001,-0.399,-0.274,1.109,1.752,4.139,3.755
38.9968,0.077,0.086,9.965,-0.1,-0.03,-0.07,-1.554,-1.007,-9.516,-0.04,0.53,0.08,-0.618,0.448,-0.672,-9.122,-5.923,-0.721,-8.475,-6.356,9.122,0.378,-0.0,0.009,0.368,0.16,5.923,-0.398,-0.0,0.001,-0.399,-0.274,1.109,1.752,4.139,3.755
39.0550,0.105,0.084,10.06,-0.07,-0.19,-0.05,-1.504,-0.967,-9.515,0.29,0.71,0.22,-0.616,0.449,-0.672,-9.116,-5.926,-0.72,-8.471,-6.359,9.116,0.378,-0.0,0.012,0.365,0.16,5.926,-0.397,-0.0,-0.005,-0.392,-0.273,1.109,1.752,4.139,3.755
39.0550,0.105,0.084,10.06,-0.07,-0.19,-0.05,-1.504,-0.967,-9.515,0.29,0.71,0.22,-0.616,0.449,-0.672,-9.116,-5.926,-0.72,-8.471,-6.359,9.116,0.378,-0.0,0.012,0.365,0.16,5.926,-0.397,-0.0,-0.005,-0.392,-0.273,1.109,1.752,4.139,3.755
39.1128,0.113,0.074,10.096,-0.07,-0.08,-0.01,-1.575,-0.98,-9.524,0.4,0.24,-0.03,-0.61,0.446,-0.672,-9.126,-5.931,-0.72,-8.487,-6.361,9.126,0.378,-0.0,0.004,0.374,0.161,5.931,-0.396,-0.0,-0.007,-0.389,-0.273,1.108,1.751,4.139,3.755
39.1128,0.113,0.074,10.096,-0.07,-0.08,-0.01,-1.575,-0.98,-9.524,0.4,0.24,-0.03,-0.61,0.446,-0.672,-9.126,-5.931,-0.72,-8.487,-6.361,9.126,0.378,-0.0,0.004,0.374,0.161,5.931,-0.396,-0.0,-0.007,-0.389,-0.273,1.108,1.751,4.139,3.755
39.1709,0.148,0.053,10.065,0.01,-0.13,-0.07,-1.536,-1.004,-9.561,-0.1,0.02,0.05,-0.612,0.438,-0.673,-9.124,-5.93,-0.721,-8.483,-6.352,9.124,0.378,-0.0,0.0,0.378,0.161,5.93,-0.395,0.0,0.002,-0.397,-0.274,1.108,1.752,4.139,3.755
39.1709,0.148,0.053,10.065,0.01,-0.13,-0.07,-1.536,-1.004,-9.561,-0.1,0.02,0.05,-0.612,0.438,-0.673,-9.124,-5.93,-0.721,-8.483,-6.352,9.124,0.378,-0.0,0.0,0.378,0.161,5.93,-0.395,0.0,0.002,-0.397,-0.274,1.108,1.752,4.139,3.755
39.2293,0.108,0.053,10.096,-0.01,-0.12,-0.1,-1.556,-0.985,-9.556,-0.02,0.05,-0.22,-0.609,0.435,-0.676,-9.12,-5.929,-0.719,-8.482,-6.347,9.12,0.378,-0.0,0.001,0.377,0.161,5.929,-0.394,-0.0,0.0,-0.395,-0.274,1.108,1.753,4.139,3.755
39.2293,0.108,0.053,10.096,-0.01,-0.12,-0.1,-1.556,-0.985,-9.556,-0.02,0.05,-0.22,-0.609,0.435,-0.676,-9.12,-5.929,-0.719,-8.482,-6.347,9.12,0.378,-0.0,0.001,0.377,0.161,5.929,-0.394,-0.0,0.0,-0.395,-0.274,1.108,1.753,4.139,3.755
39.2874,0.124,0.091,10.044,-0.03,-0.13,0.03,-1.519,-0.991,-9.589,-0.11,-0.09,0.08,-0.606,0.44,-0.677,-9.119,-5.927,-0.722,-8.484,-6.35,9.119,0.378,-0.0,-0.002,0.38,0.162,5.927,-0.394,-0.0,0.002,-0.396,-0.274,1.108,1.753,4.139,3.755
39.2874,0.124,0.091,10.044,-0.03,-0.13,0.03,-1.519,-0.991,-9.589,-0.11,-0.09,0.08,-0.606,0.44,-0.677,-9.119,-5.927,-0.722,-8.484,-6.35,9.119,0.378,-0.0,-0.002,0.38,0.162,5.927,-0.394,-0.0,0.002,-0.396,-0.274,1.108,1.753,4.139,3.755
39.3451,0.062,0.069,10.017,-0.02,-0.12,-0.01,-1.504,-0.985,-9.543,-0.02,0.01,0.05,-0.608,0.44,-0.677,-9.11,-5.932,-0.72,-8.473,-6.356,9.11,0.378,-0.0,0.0,0.377,0.162,5.932,-0.393,-0.0,0.0,-0.393,-0.274,1.109,1.752,4.139,3.755
39.3451,0.062,0.069,10.017,-0.02,-0.12,-0.01,-1.504,-0.985,-9.543,-0.02,0.01,0.05,-0.608,0.44,-0.677,-9.11,-5.932,-0.72,-8.473,-6.356,9.11,0.378,-0.0,0.0,0.377,0.162,5.932,-0.393,-0.0,0.0,-0.393,-0.274,1.109,1.752,4.139,3.755
39.4040,0.134,0.086,10.089,0.07,-0.03,-0.02,-1.536,-1.004,-9.568,0.21,-0.05,-0.04,-0.613,0.44,-0.679,-9.114,-5.937,-0.72,-8.472,-6.361,9.114,0.378,-0.0,-0.001,0.379,0.162,5.937,-0.391,0.0,-0.004,-0.388,-0.274,1.109,1.751,4.139,3.755
39.4040,0.134,0.086,10.089,0.07,-0.03,-0.02,-1.536,-1.004,-9.568,0.21,-0.05,-0.04,-0.613,0.44,-0.679,-9.114,-5.937,-0.72,-8.472,-6.361,9.114,0.378,-0.0,-0.001,0.379,0.162,5.937,-0.391,0.0,-0.004,-0.388,-0.274,1.109,1.751,4.139,3.755
39.4612,0.144,0.062,10.025,0.01,-0.12,-0.07,-1.525,-1.021,-9.568,0.1,-0.28,0.13,-0.614,0.437,-0.681,-9.117,-5.936,-0.725,-8.474,-6.357,9.117,0.378,-0.0,-0.005,0.383,0.163,5.936,-0.391,0.0,-0.002,-0.389,-0.274,1.109,1.752,4.139,3.755
39.4612,0.144,0.062,10.025,0.01,-0.12,-0.07,-1.525,-1.021,-9.568,0.1,-0.28,0.13,-0.614,0.437,-0.681,-9.117,-5.936,-0.725,-8.474,-6.357,9.117,0.378,-0.0,-0.005,0.383,0.163,5.936,-0.391,0.0,-0.002,-0.389,-0.274,1.109,1.752,4.139,3.755
39.5190,0.134,0.072,10.029,-0.07,-0.11,-0.03,-1.574,-1.012,-9.61,0.17,0.54,-0.08,-0.626,0.438,-0.679,-9.101,-5.947,-0.722,-8.446,-6.368,9.101,0.378,-0.0,0.009,0.368,0.161,5.947,-0.389,-0.0,-0.003,-0.386,-0.274,1.113,1.75,4.139,3.755
39.5190,0.134,0.072,10.029,-0.07,-0.11,-0.03,-1.574,-1.012,-9.61,0.17,0.54,-0.08,-0.626,0.438,-0.679,-9.101,-5.947,-0.722,-8.446,-6.368,9.101,0.378,-0.0,0.009,0.368,0.161,5.947,-0.389,-0.0,-0.003,-0.386,-0.274,1.113,1.75,4.139,3.755
39.5908,-0.184,0.148,10.36,0.01,-0.25,-0.28,-1.482,-1.0,-9.519,-0.13,0.33,0.36,-0.581,0.442,-0.683,-9.095,-5.948,-0.728,-8.486,-6.374,9.095,0.377,-0.0,0.006,0.372,0.162,5.948,-0.388,0.0,0.002,-0.391,-0.275,1.108,1.75,4.139,3.755
39.6114,0.249,0.206,9.895,-0.07,-0.41,0.16,-1.562,-0.982,-9.512,-0.06,1.13,-0.45,-0.595,0.45,-0.685,-9.131,-5.957,-0.72,-8.507,-6.391,9.131,0.379,-0.0,0.02,0.359,0.161,5.957,-0.388,-0.0,0.001,-0.389,-0.275,1.105,1.748,4.139,3.755
39.6114,0.249,0.206,9.895,-0.07,-0.41,0.16,-1.562,-0.982,-9.512,-0.06,1.13,-0.45,-0.595,0.45,-0.685,-9.131,-5.957,-0.72,-8.507,-6.391,9.131,0.379,-0.0,0.02,0.359,0.161,5.957,-0.388,-0.0,0.001,-0.389,-0.275,1.105,1.748,4.139,3.755
39.6698,-0.079,0.117,9.991,0.01,-0.51,-0.37,-1.571,-0.956,-9.548,0.22,0.75,0.4,-0.54,0.456,-0.687,-9.136,-5.963,-0.722,-8.567,-6.403,9.136,0.379,-0.0,0.013,0.366,0.162,5.963,-0.387,0.0,-0.004,-0.383,-0.274,1.098,1.746,4.139,3.755
39.6698,-0.079,0.117,9.991,0.01,-0.51,-0.37,-1.571,-0.956,-9.548,0.22,0.75,0.4,-0.54,0.456,-0.687,-9.136,-5.963,-0.722,-8.567,-6.403,9.136,0.379,-0.0,0.013,0.366,0.162,5.963,-0.387,0.0,-0.004,-0.383,-0.274,1.098,1.746,4.139,3.755
39.7248,-0.51,-0.503,10.285,0.09,0.28,1.15,-2.686,-1.729,-9.334,-5.1,-1.8,-4.95,-0.404,0.479,-0.649,-9.261,-6.03,-0.674,-8.827,-6.493,9.261,0.383,0.0,-0.031,0.415,0.167,6.03,-0.383,0.0,0.089,-0.472,-0.285,1.066,1.735,4.139,3.755
39.7248,-0.51,-0.503,10.285,0.09,0.28,1.15,-2.686,-1.729,-9.334,-5.1,-1.8,-4.95,-0.404,0.479,-0.649,-9.261,-6.03,-0.674,-8.827,-6.493,9.261,0.383,0.0,-0.031,0.415,0.167,6.03,-0.383,0.0,0.089,-0.472,-0.285,1.066,1.735,4.139,3.755
39.7830,0.048,0.014,10.029,0.24,-0.44,-0.67,-1.45,-1.247,-9.292,2.23,-3.27,5.05,-0.511,0.51,-0.676,-9.252,-6.122,-0.741,-8.712,-6.616,9.252,0.383,-0.0,-0.057,0.44,0.169,6.122,-0.378,0.0,-0.039,-0.339,-0.269,1.08,1.72,4.139,3.755
39.7830,0.048,0.014,10.029,0.24,-0.44,-0.67,-1.45,-1.247,-9.292,2.23,-3.27,5.05,-0.511,0.51,-0.676,-9.252,-6.122,-0.741,-8.712,-6.616,9.252,0.383,-0.0,-0.057,0.44,0.169,6.122,-0.378,0.0,-0.039,-0.339,-0.269,1.08,1.72,4.139,3.755
39.8387,0.036,-0.005,10.015,-0.26,0.29,0.35,-1.648,-0.836,-9.656,7.37,-1.43,0.54,-0.534,0.518,-0.667,-9.103,-6.114,-0.687,-8.54,-6.616,9.103,0.378,0.0,-0.025,0.403,0.166,6.114,-0.377,-0.0,-0.129,-0.249,-0.258,1.101,1.72,4.139,3.755
39.8387,0.036,-0.005,10.015,-0.26,0.29,0.35,-1.648,-0.836,-9.656,7.37,-1.43,0.54,-0.534,0.518,-0.667,-9.103,-6.114,-0.687,-8.54,-6.616,9.103,0.378,0.0,-0.025,0.403,0.166,6.114,-0.377,-0.0,-0.129,-0.249,-0.258,1.101,1.72,4.139,3.755
39.8987,0.417,0.065,10.065,0.17,-0.52,-0.23,-1.301,-1.063,-9.652,-1.88,-1.08,1.01,-0.57,0.522,-0.677,-9.113,-6.106,-0.712,-8.514,-6.611,9.113,0.378,-0.0,-0.019,0.397,0.165,6.106,-0.377,0.0,0.033,-0.41,-0.278,1.104,1.721,4.139,3.755
39.8987,0.417,0.065,10.065,0.17,-0.52,-0.23,-1.301,-1.063,-9.652,-1.88,-1.08,1.01,-0.57,0.522,-0.677,-9.113,-6.106,-0.712,-8.514,-6.611,9.113,0.378,-0.0,-0.019,0.397,0.165,6.106,-0.377,0.0,0.033,-0.41,-0.278,1.104,1.721,4.139,3.755
39.9603,-0.043,0.007,10.036,-0.02,-0.11,0.16,-1.706,-1.0,-9.618,-0.48,2.3,-1.4,-0.55,0.512,-0.664,-9.066,-6.143,-0.689,-8.488,-6.639,9.066,0.377,-0.0,0.04,0.337,0.159,6.143,-0.374,-0.0,0.008,-0.383,-0.275,1.107,1.717,4.139,3.755
39.9603,-0.043,0.007,10.036,-0.02,-0.11,0.16,-1.706,-1.0,-9.618,-0.48,2.3,-1.4,-0.55,0.512,-0.664,-9.066,-6.143,-0.689,-8.488,-6.639,9.066,0.377,-0.0,0.04,0.337,0.159,6.143,-0.374,-0.0,0.008,-0.383,-0.275,1.107,1.717,4.139,3.755
40.0159,0.23,0.034,10.053,-0.02,0.01,-0.18,-1.371,-1.154,-9.512,-2.77,0.58,1.11,-0.736,0.498,-0.672,-9.078,-6.124,-0.725,-8.314,-6.606,9.078,0.377,0.0,0.01,0.367,0.163,6.124,-0.374,-0.0,0.048,-0.423,-0.28,1.129,1.721,4.139,3.755
40.0159,0.23,0.034,10.053,-0.02,0.01,-0.18,-1.371,-1.154,-9.512,-2.77,0.58,1.11,-0.736,0.498,-0.672,-9.078,-6.124,-0.725,-8.314,-6.606,9.078,0.377,0.0,0.01,0.367,0.163,6.124,-0.374,-0.0,0.048,-0.423,-0.28,1.129,1.721,4.139,3.755
40.0765,-0.005,0.065,10.101,-0.08,-0.34,-0.04,-1.653,-0.893,-9.501,2.69,0.14,-0.09,-0.75,0.472,-0.667,-9.048,-6.15,-0.7,-8.271,-6.604,9.048,0.376,-0.0,0.002,0.374,0.163,6.15,-0.372,-0.0,-0.047,-0.326,-0.268,1.134,1.722,4.139,3.755
40.0765,-0.005,0.065,10.101,-0.08,-0.34,-0.04,-1.653,-0.893,-9.501,2.69,0.14,-0.09,-0.75,0.472,-0.667,-9.048,-6.15,-0.7,-8.271,-6.604,9.048,0.376,-0.0,0.002,0.374,0.163,6.15,-0.372,-0.0,-0.047,-0.326,-0.268,1.134,1.722,4.139,3.755
40.1355,0.247,0.129,10.084,-0.02,-0.26,-0.15,-1.393,-1.099,-9.586,-0.35,0.39,0.42,-0.783,0.484,-0.676,-9.026,-6.12,-0.728,-8.215,-6.587,9.026,0.376,-0.0,0.007,0.369,0.163,6.12,-0.373,-0.0,0.006,-0.379,-0.275,1.141,1.724,4.139,3.755
40.1631,0.215,0.11,10.034,-0.3,0.56,0.29,-1.447,-1.087,-9.536,0.0,-0.22,-0.41,-0.798,0.492,-0.673,-9.006,-6.139,-0.722,-8.18,-6.615,9.026,0.376,-0.0,0.007,0.369,0.163,6.12,-0.373,-0.0,0.006,-0.379,-0.275,1.141,1.724,4.139,3.755
40.2173,0.005,-0.053,10.029,0.17,-0.64,-0.34,-1.636,-0.851,-9.53,1.75,1.18,0.43,-0.733,0.45,-0.667,-9.007,-6.136,-0.706,-8.246,-6.569,9.007,0.375,-0.0,0.021,0.354,0.162,6.136,-0.371,0.0,-0.031,-0.34,-0.27,1.137,1.726,4.139,3.755
40.2173,0.005,-0.053,10.029,0.17,-0.64,-0.34,-1.636,-0.851,-9.53,1.75,1.18,0.43,-0.733,0.45,-0.667,-9.007,-6.136,-0.706,-8.246,-6.569,9.007,0.375,-0.0,0.021,0.354,0.162,6.136,-0.371,0.0,-0.031,-0.34,-0.27,1.137,1.726,4.139,3.755
40.2173,0.005,-0.053,10.029,0.17,-0.64,-0.34,-1.636,-0.851,-9.53,1.75,1.18,0.43,-0.733,0.45,-0.667,-9.007,-6.136,-0.706,-8.246,-6.569,9.007,0.375,-0.0,0.021,0.354,0.162,6.136,-0.371,0.0,-0.031,-0.34,-0.27,1.137,1.726,4.139,3.755
40.2811,0.424,0.165,10.003,0.28,-1.04,-0.44,-1.223,-1.083,-9.588,-0.29,0.24,0.21,-0.836,0.475,-0.684,-8.976,-6.125,-0.737,-8.112,-6.583,8.976,0.374,-0.0,0.004,0.37,0.163,6.125,-0.371,0.0,0.005,-0.376,-0.275,1.153,1.724,4.139,3.755
40.2811,0.424,0.165,10.003,0.28,-1.04,-0.44,-1.223,-1.083,-9.588,-0.29,0.24,0.21,-0.836,0.475,-0.684,-8.976,-6.125,-0.737,-8.112,-6.583,8.976,0.374,-0.0,0.004,0.37,0.163,6.125,-0.371,0.0,0.005,-0.376,-0.275,1.153,1.724,4.139,3.755
40.3315,0.017,0.045,10.089,-0.73,2.0,1.51,-1.652,-1.091,-9.716,-1.32,0.19,-1.95,-0.868,0.48,-0.662,-8.922,-6.159,-0.703,-8.027,-6.622,8.922,0.372,0.0,0.003,0.369,0.164,6.159,-0.368,-0.0,0.023,-0.391,-0.277,1.164,1.719,4.139,3.755
40.3315,0.017,0.045,10.089,-0.73,2.0,1.51,-1.652,-1.091,-9.716,-1.32,0.19,-1.95,-0.868,0.48,-0.662,-8.922,-6.159,-0.703,-8.027,-6.622,8.922,0.372,0.0,0.003,0.369,0.164,6.159,-0.368,-0.0,0.023,-0.391,-0.277,1.164,1.719,4.139,3.755
40.3971,0.086,-0.005,10.13,0.39,-1.56,-1.09,-1.505,-0.844,-9.419,1.23,-3.81,3.28,-0.716,0.42,-0.673,-9.005,-6.134,-0.728,-8.261,-6.537,9.005,0.375,-0.0,-0.067,0.442,0.171,6.134,-0.368,0.0,-0.021,-0.347,-0.272,1.135,1.73,4.139,3.755
40.3971,0.086,-0.005,10.13,0.39,-1.56,-1.09,-1.505,-0.844,-9.419,1.23,-3.81,3.28,-0.716,0.42,-0.673,-9.005,-6.134,-0.728,-8.261,-6.537,9.005,0.375,-0.0,-0.067,0.442,0.171,6.134,-0.368,0.0,-0.021,-0.347,-0.272,1.135,1.73,4.139,3.755
40.4532,0.453,0.086,10.118,-0.42,0.59,0.31,-1.499,-1.123,-9.646,1.27,3.74,-1.87,-0.855,0.452,-0.681,-8.876,-6.157,-0.725,-7.994,-6.592,8.876,0.371,0.0,0.065,0.306,0.157,6.157,-0.367,-0.0,-0.022,-0.344,-0.271,1.168,1.723,4.139,3.755
40.4532,0.453,0.086,10.118,-0.42,0.59,0.31,-1.499,-1.123,-9.646,1.27,3.74,-1.87,-0.855,0.452,-0.681,-8.876,-6.157,-0.725,-7.994,-6.592,8.876,0.371,0.0,0.065,0.306,0.157,6.157,-0.367,-0.0,-0.022,-0.344,-0.271,1.168,1.723,4.139,3.755
40.5054,-0.283,-0.053,10.051,0.04,-0.3,-0.38,-1.591,-0.973,-9.594,-0.92,1.7,-0.43,-0.705,0.419,-0.663,-8.943,-6.163,-0.698,-8.21,-6.564,8.943,0.373,-0.0,0.03,0.343,0.161,6.163,-0.365,0.0,0.016,-0.382,-0.276,1.141,1.727,4.139,3.755
40.5054,-0.283,-0.053,10.051,0.04,-0.3,-0.38,-1.591,-0.973,-9.594,-0.92,1.7,-0.43,-0.705,0.419,-0.663,-8.943,-6.163,-0.698,-8.21,-6.564,8.943,0.373,-0.0,0.03,0.343,0.161,6.163,-0.365,0.0,0.016,-0.382,-0.276,1.141,1.727,4.139,3.755
40.5635,0.338,0.16,10.06,-0.11,-0.2,-0.01,-1.295,-1.231,-9.592,-1.32,-0.76,0.76,-0.783,0.442,-0.681,-8.962,-6.154,-0.74,-8.151,-6.579,8.962,0.374,-0.0,-0.013,0.387,0.166,6.154,-0.365,-0.0,0.023,-0.388,-0.277,1.149,1.725,4.139,3.755
40.5635,0.338,0.16,10.06,-0.11,-0.2,-0.01,-1.295,-1.231,-9.592,-1.32,-0.76,0.76,-0.783,0.442,-0.681,-8.962,-6.154,-0.74,-8.151,-6.579,8.962,0.374,-0.0,-0.013,0.387,0.166,6.154,-0.365,-0.0,0.023,-0.388,-0.277,1.149,1.725,4.139,3.755
40.6220,-0.098,0.007,10.022,-0.19,0.6,0.54,-1.674,-0.929,-9.512,1.73,-0.44,-0.48,-0.746,0.424,-0.664,-8.904,-6.182,-0.704,-8.131,-6.588,8.904,0.372,0.0,-0.008,0.38,0.165,6.182,-0.363,-0.0,-0.03,-0.333,-0.27,1.151,1.724,4.139,3.755
40.6220,-0.098,0.007,10.022,-0.19,0.6,0.54,-1.674,-0.929,-9.512,1.73,-0.44,-0.48,-0.746,0.424,-0.664,-8.904,-6.182,-0.704,-8.131,-6.588,8.904,0.372,0.0,-0.008,0.38,0.165,6.182,-0.363,-0.0,-0.03,-0.333,-0.27,1.151,1.724,4.139,3.755
40.6814,0.273,0.091,10.065,0.04,-0.55,-0.3,-1.553,-1.122,-9.552,-0.85,-1.52,0.8,-0.762,0.426,-0.678,-8.946,-6.157,-0.732,-8.156,-6.566,8.946,0.373,-0.0,-0.027,0.4,0.168,6.157,-0.363,0.0,0.015,-0.378,-0.276,1.148,1.726,4.139,3.755
40.7094,0.247,0.072,10.06,-0.11,0.2,0.12,-1.396,-1.144,-9.546,-0.14,1.2,-0.55,-0.783,0.433,-0.678,-8.907,-6.176,-0.729,-8.096,-6.591,8.907,0.372,0.0,0.021,0.351,0.163,6.176,-0.362,-0.0,0.002,-0.364,-0.274,1.155,1.723,4.139,3.755
40.7094,0.247,0.072,10.06,-0.11,0.2,0.12,-1.396,-1.144,-9.546,-0.14,1.2,-0.55,-0.783,0.433,-0.678,-8.907,-6.176,-0.729,-8.096,-6.591,8.907,0.372,0.0,0.021,0.351,0.163,6.176,-0.362,-0.0,0.002,-0.364,-0.274,1.155,1.723,4.139,3.755
40.7714,0.031,0.062,10.005,-0.06,-0.38,-0.1,-1.644,-0.955,-9.585,0.26,-0.11,0.02,-0.738,0.42,-0.672,-8.919,-6.175,-0.711,-8.153,-6.577,8.919,0.373,-0.0,-0.002,0.374,0.165,6.175,-0.361,-0.0,-0.005,-0.356,-0.274,1.148,1.725,4.139,3.755
40.7714,0.031,0.062,10.005,-0.06,-0.38,-0.1,-1.644,-0.955,-9.585,0.26,-0.11,0.02,-0.738,0.42,-0.672,-8.919,-6.175,-0.711,-8.153,-6.577,8.919,0.373,-0.0,-0.002,0.374,0.165,6.175,-0.361,-0.0,-0.005,-0.356,-0.274,1.148,1.725,4.139,3.755
40.8273,0.232,0.122,10.013,-0.02,-0.07,-0.03,-1.335,-1.117,-9.53,-0.1,0.2,0.08,-0.758,0.42,-0.677,-8.923,-6.16,-0.729,-8.138,-6.563,8.923,0.373,-0.0,-0.005,0.378,0.166,6.16,-0.361,0.0,0.012,-0.373,-0.276,1.15,1.727,4.139,3.755
40.8273,0.232,0.122,10.013,-0.02,-0.07,-0.03,-1.335,-1.117,-9.53,-0.1,0.2,0.08,-0.784,0.431,-0.68,-8.904,-6.17,-0.73,-8.093,-6.584,8.904,0.372,-0.0,0.003,0.369,0.165,6.17,-0.36,-0.0,0.002,-0.362,-0.274,1.156,1.724,4.139,3.755
40.8883,-0.12,0.053,10.032,-0.01,0.2,0.22,-1.537,-1.028,-9.547,0.09,0.54,-0.74,-0.742,0.42,-0.669,-8.897,-6.188,-0.709,-8.127,-6.59,8.897,0.372,0.0,0.009,0.363,0.164,6.188,-0.359,-0.0,-0.002,-0.357,-0.274,1.151,1.723,4.139,3.755
40.8883,-0.12,0.053,10.032,-0.01,0.2,0.22,-1.537,-1.028,-9.547,0.09,0.54,-0.74,-0.742,0.42,-0.669,-8.897,-6.188,-0.709,-8.127,-6.59,8.897,0.372,0.0,0.009,0.363,0.164,6.188,-0.359,-0.0,-0.002,-0.357,-0.274,1.151,1.723,4.139,3.755
40.9424,0.146,0.244,9.984,-0.04,0.04,-0.07,-1.301,-1.142,-9.596,-0.95,-1.86,0.94,-0.793,0.425,-0.678,-8.927,-6.178,-0.731,-8.107,-6.585,8.927,0.373,0.0,-0.032,0.405,0.169,6.178,-0.358,-0.0,0.017,-0.375,-0.276,1.154,1.724,4.139,3.755
40.9424,0.146,0.244,9.984,-0.04,0.04,-0.07,-1.301,-1.142,-9.596,-0.95,-1.86,0.94,-0.793,0.425,-0.678,-8.927,-6.178,-0.731,-8.107,-6.585,8.927,0.373,0.0,-0.032,0.405,0.169,6.178,-0.358,-0.0,0.017,-0.375,-0.276,1.154,1.724,4.139,3.755
41.0026,0.057,0.053,10.046,-0.08,0.01,-0.1,-1.453,-0.9,-9.505,2.24,-0.44,-0.4,-0.776,0.403,-0.673,-8.887,-6.202,-0.706,-8.083,-6.587,8.887,0.372,0.0,-0.008,0.379,0.166,6.202,-0.356,-0.0,-0.039,-0.317,-0.269,1.157,1.724,4.139,3.755
41.0026,0.057,0.053,10.046,-0.08,0.01,-0.1,-1.453,-0.9,-9.505,2.24,-0.44,-0.4,-0.776,0.403,-0.673,-8.887,-6.202,-0.706,-8.083,-6.587,8.887,0.372,0.0,-0.008,0.379,0.166,6.202,-0.356,-0.0,-0.039,-0.317,-0.269,1.157,1.724,4.139,3.755
41.0597,0.148,0.098,10.044,-0.12,0.17,0.11,-1.446,-1.085,-9.591,-0.67,0.52,-0.42,-0.773,0.406,-0.675,-8.918,-6.186,-0.723,-8.118,-6.574,8.918,0.373,-0.0,-0.024,0.397,0.168,6.186,-0.357,0.0,0.023,-0.38,-0.277,1.153,1.725,4.139,3.755
41.0860,0.06,0.086,10.084,-0.07,0.17,0.23,-1.514,-1.019,-9.584,1.16,-0.28,-0.6,-0.763,0.404,-0.67,-8.893,-6.197,-0.712,-8.103,-6.583,8.893,0.372,0.0,-0.005,0.377,0.166,6.197,-0.355,-0.0,-0.02,-0.335,-0.272,1.154,1.724,4.139,3.755
41.0860,0.06,0.086,10.084,-0.07,0.17,0.23,-1.514,-1.019,-9.584,1.16,-0.28,-0.6,-0.763,0.404,-0.67,-8.893,-6.197,-0.712,-8.103,-6.583,8.893,0.372,0.0,-0.005,0.377,0.166,6.197,-0.355,-0.0,-0.02,-0.335,-0.272,1.154,1.724,4.139,3.755
41.1496,0.156,0.086,10.06,-0.09,0.07,0.09,-1.46,-1.065,-9.595,-0.2,-0.39,0.33,-0.769,0.402,-0.672,-8.891,-6.181,-0.723,-8.094,-6.565,8.891,0.372,0.0,-0.007,0.379,0.167,6.181,-0.355,-0.0,0.004,-0.359,-0.275,1.156,1.726,4.139,3.755
41.1496,0.156,0.086,10.06,-0.09,0.07,0.09,-1.46,-1.065,-9.595,-0.2,-0.39,0.33,-0.769,0.402,-0.672,-8.891,-6.181,-0.723,-8.094,-6.565,8.891,0.372,0.0,-0.007,0.379,0.167,6.181,-0.355,-0.0,0.004,-0.359,-0.275,1.156,1.726,4.139,3.755
41.1772,-0.601,0.029,10.776,-0.16,1.2,0.19,-1.506,-1.075,-9.592,0.01,0.2,-0.42,-0.681,0.393,-0.669,-8.886,-6.193,-0.717,-8.177,-6.568,8.886,0.372,0.0,0.004,0.368,0.166,6.193,-0.354,-0.0,-0.0,-0.354,-0.274,1.145,1.726,4.139,3.755
41.2316,0.144,0.086,10.044,0.03,-0.04,0.0,-1.523,-1.02,-9.567,-0.42,-0.55,0.25,-0.663,0.391,-0.67,-8.901,-6.18,-0.719,-8.211,-6.554,8.901,0.372,-0.0,-0.01,0.382,0.167,6.18,-0.354,0.0,0.007,-0.361,-0.275,1.141,1.728,4.139,3.755
41.2316,0.144,0.086,10.044,0.03,-0.04,0.0,-1.523,-1.02,-9.567,-0.42,-0.55,0.25,-0.663,0.391,-0.67,-8.901,-6.18,-0.719,-8.211,-6.554,8.901,0.372,-0.0,-0.01,0.382,0.167,6.18,-0.354,0.0,0.007,-0.361,-0.275,1.141,1.728,4.139,3.755
41.2684,0.113,0.101,10.001,-0.04,0.02,0.06,-1.528,-1.064,-9.548,-0.16,0.67,-0.06,-0.66,0.399,-0.669,-8.887,-6.183,-0.72,-8.199,-6.565,8.887,0.372,0.0,0.012,0.36,0.165,6.183,-0.353,-0.0,0.003,-0.356,-0.275,1.143,1.726,4.139,3.755
41.3223,0.261,0.031,10.027,-0.09,-0.13,0.09,-1.422,-1.02,-9.549,-0.07,-0.22,0.34,-0.801,0.394,-0.67,-8.869,-6.18,-0.723,-8.041,-6.556,8.869,0.371,-0.0,-0.004,0.375,0.167,6.18,-0.353,-0.0,0.001,-0.354,-0.275,1.162,1.728,4.139,3.755
41.3223,0.261,0.031,10.027,-0.09,-0.13,0.09,-1.422,-1.02,-9.549,-0.07,-0.22,0.34,-0.801,0.394,-0.67,-8.869,-6.18,-0.723,-8.041,-6.556,8.869,0.371,-0.0,-0.004,0.375,0.167,6.18,-0.353,-0.0,0.001,-0.354,-0.275,1.162,1.728,4.139,3.755
41.3769,0.103,0.053,10.087,-0.01,-0.15,-0.13,-1.56,-0.984,-9.527,0.7,-0.19,-0.2,-0.786,0.38,-0.668,-8.872,-6.187,-0.713,-8.059,-6.549,8.872,0.372,-0.0,-0.003,0.375,0.167,6.187,-0.352,-0.0,-0.012,-0.339,-0.273,1.16,1.728,4.139,3.755
41.3769,0.103,0.053,10.087,-0.01,-0.15,-0.13,-1.56,-0.984,-9.527,0.7,-0.19,-0.2,-0.786,0.38,-0.668,-8.872,-6.187,-0.713,-8.059,-6.549,8.872,0.372,-0.0,-0.003,0.375,0.167,6.187,-0.352,-0.0,-0.012,-0.339,-0.273,1.16,1.728,4.139,3.755
41.4341,0.081,0.093,10.015,-0.13,0.1,0.17,-1.463,-1.12,-9.567,-0.78,0.68,-0.26,-0.797,0.378,-0.668,-8.852,-6.184,-0.719,-8.028,-6.544,8.852,0.371,0.0,0.012,0.359,0.165,6.184,-0.351,-0.0,0.014,-0.364,-0.276,1.164,1.729,4.139,3.755
41.4341,0.081,0.093,10.015,-0.13,0.1,0.17,-1.463,-1.12,-9.567,-0.78,0.68,-0.26,-0.797,0.378,-0.668,-8.852,-6.184,-0.719,-8.028,-6.544,8.852,0.371,0.0,0.012,0.359,0.165,6.184,-0.351,-0.0,0.014,-0.364,-0.276,1.164,1.729,4.139,3.755
41.4631,0.132,0.031,10.044,0.08,0.19,0.2,-1.597,-1.026,-9.577,0.87,-0.93,-0.54,-0.797,0.377,-0.664,-8.87,-6.199,-0.705,-8.045,-6.557,8.87,0.372,0.0,-0.016,0.388,0.168,6.199,-0.35,0.0,-0.015,-0.334,-0.273,1.162,1.727,4.139,3.755
41.5281,0.172,0.079,10.063,-0.17,-0.13,-0.03,-1.535,-1.103,-9.544,-0.89,0.23,0.01,-0.784,0.364,-0.661,-8.873,-6.188,-0.709,-8.062,-6.535,8.873,0.372,-0.0,0.004,0.368,0.166,6.188,-0.349,-0.0,0.016,-0.365,-0.276,1.159,1.73,4.139,3.755
41.5281,0.172,0.079,10.063,-0.17,-0.13,-0.03,-1.535,-1.103,-9.544,-0.89,0.23,0.01,-0.784,0.364,-0.661,-8.873,-6.188,-0.709,-8.062,-6.535,8.873,0.372,-0.0,0.004,0.368,0.166,6.188,-0.349,-0.0,0.016,-0.365,-0.276,1.159,1.73,4.139,3.755
41.5555,0.141,0.093,10.06,-0.09,0.04,0.03,-1.457,-1.059,-9.6,0.48,-0.44,-0.13,-0.786,0.362,-0.661,-8.877,-6.199,-0.705,-8.063,-6.542,8.877,0.372,0.0,-0.008,0.38,0.168,6.199,-0.348,-0.0,-0.008,-0.34,-0.274,1.159,1.729,4.139,3.755
41.6109,0.129,0.108,10.08,-0.04,-0.05,0.08,-1.464,-1.043,-9.548,0.0,-0.74,0.16,-0.762,0.368,-0.662,-8.869,-6.196,-0.705,-8.079,-6.546,8.869,0.372,-0.0,-0.013,0.385,0.168,6.196,-0.348,-0.0,-0.0,-0.348,-0.275,1.157,1.729,4.139,3.755
41.6109,0.129,0.108,10.08,-0.04,-0.05,0.08,-1.464,-1.043,-9.548,0.0,-0.74,0.16,-0.762,0.368,-0.662,-8.869,-6.196,-0.705,-8.079,-6.546,8.869,0.372,-0.0,-0.013,0.385,0.168,6.196,-0.348,-0.0,-0.0,-0.348,-0.275,1.157,1.729,4.139,3.755
41.6379,0.096,0.077,10.058,-0.05,0.07,0.16,-1.484,-1.07,-9.578,-0.15,0.23,-0.09,-0.755,0.367,-0.658,-8.868,-6.199,-0.703,-8.086,-6.548,8.868,0.372,0.0,0.004,0.368,0.167,6.199,-0.347,-0.0,0.003,-0.35,-0.275,1.157,1.729,4.139,3.755
41.6973,0.165,0.014,10.099,-0.1,0.04,-0.13,-1.524,-1.035,-9.582,-0.25,-0.55,0.68,-0.754,0.363,-0.659,-8.872,-6.193,-0.706,-8.09,-6.538,8.872,0.372,0.0,-0.01,0.382,0.168,6.193,-0.346,-0.0,0.004,-0.351,-0.275,1.156,1.73,4.139,3.755
41.6973,0.165,0.014,10.099,-0.1,0.04,-0.13,-1.524,-1.035,-9.582,-0.25,-0.55,0.68,-0.754,0.363,-0.659,-8.872,-6.193,-0.706,-8.09,-6.538,8.872,0.372,0.0,-0.01,0.382,0.168,6.193,-0.346,-0.0,0.004,-0.351,-0.275,1.156,1.73,4.139,3.755
41.7538,0.34,0.062,9.823,-0.1,-0.35,0.03,-1.596,-1.039,-9.594,0.01,-0.6,-0.14,-0.759,0.365,-0.66,-8.852,-6.191,-0.707,-8.065,-6.539,8.852,0.371,-0.0,0.014,0.357,0.166,6.191,-0.346,-0.0,0.004,-0.35,-0.275,1.159,1.73,4.139,3.755
41.7880,0.115,0.041,10.084,0.02,-0.15,-0.07,-1.478,-1.026,-9.561,0.48,0.89,0.04,-0.789,0.369,-0.66,-8.864,-6.201,-0.701,-8.048,-6.552,8.864,0.372,-0.0,0.016,0.356,0.166,6.201,-0.345,0.0,-0.008,-0.336,-0.274,1.161,1.728,4.139,3.755
41.7880,0.115,0.041,10.084,0.02,-0.15,-0.07,-1.478,-1.026,-9.561,0.48,0.89,0.04,-0.789,0.369,-0.66,-8.864,-6.201,-0.701,-8.048,-6.552,8.864,0.372,-0.0,0.016,0.356,0.166,6.201,-0.345,0.0,-0.008,-0.336,-0.274,1.161,1.728,4.139,3.755
41.8444,0.177,0.069,10.075,-0.0,-0.09,0.03,-1.439,-1.067,-9.58,0.1,0.2,0.01,-0.787,0.371,-0.664,-8.864,-6.192,-0.708,-8.05,-6.545,8.864,0.372,-0.0,0.003,0.368,0.167,6.192,-0.344,-0.0,-0.002,-0.343,-0.275,1.161,1.729,4.139,3.755
41.8444,0.177,0.069,10.075,-0.0,-0.09,0.03,-1.439,-1.067,-9.58,0.1,0.2,0.01,-0.787,0.371,-0.664,-8.864,-6.192,-0.708,-8.05,-6.545,8.864,0.372,-0.0,0.003,0.368,0.167,6.192,-0.344,-0.0,-0.002,-0.343,-0.275,1.161,1.729,4.139,3.755
41.8715,0.031,0.067,10.173,-0.1,0.26,0.04,-1.528,-1.079,-9.536,-0.13,0.14,-0.26,-0.777,0.373,-0.663,-8.861,-6.201,-0.705,-8.057,-6.557,8.861,0.372,0.0,0.002,0.369,0.168,6.201,-0.344,-0.0,0.002,-0.346,-0.275,1.16,1.727,4.139,3.755
41.8981,0.113,0.065,10.063,-0.0,-0.04,0.09,-1.488,-1.038,-9.579,0.41,0.04,-0.06,-0.771,0.373,-0.66,-8.865,-6.201,-0.701,-8.067,-6.556,8.865,0.372,-0.0,0.001,0.371,0.168,6.201,-0.343,-0.0,-0.007,-0.336,-0.274,1.159,1.727,4.139,3.755
41.9290,0.151,0.065,10.108,-0.04,-0.13,-0.1,-1.519,-1.038,-9.541,-0.1,-0.34,0.18,-0.777,0.376,-0.662,-8.875,-6.198,-0.704,-8.071,-6.556,8.875,0.372,-0.0,-0.006,0.378,0.169,6.198,-0.343,-0.0,0.002,-0.345,-0.275,1.158,1.728,4.139,3.755
41.9629,0.134,0.057,10.036,-0.05,-0.15,-0.01,-1.483,-1.07,-9.564,-0.1,0.17,0.0,-0.782,0.372,-0.661,-8.866,-6.198,-0.704,-8.057,-6.551,8.866,0.372,-0.0,0.003,0.369,0.168,6.198,-0.342,-0.0,0.002,-0.344,-0.275,1.16,1.728,4.139,3.755
42.0201,0.158,0.067,10.036,-0.09,0.01,-0.03,-1.493,-1.035,-9.577,0.11,-0.01,0.09,-0.785,0.378,-0.662,-8.87,-6.201,-0.705,-8.058,-6.561,8.87,0.372,0.0,-0.0,0.372,0.168,6.201,-0.341,-0.0,-0.002,-0.339,-0.275,1.16,1.727,4.139,3.755
42.0201,0.158,0.067,10.036,-0.09,0.01,-0.03,-1.493,-1.035,-9.577,0.11,-0.01,0.09,-0.785,0.378,-0.662,-8.87,-6.201,-0.705,-8.058,-6.561,8.87,0.372,0.0,-0.0,0.372,0.168,6.201,-0.341,-0.0,-0.002,-0.339,-0.275,1.16,1.727,4.139,3.755
42.1051,0.103,0.072,10.013,0.01,-0.07,-0.08,-1.482,-1.074,-9.58,-0.22,-0.11,0.41,-0.748,0.382,-0.664,-8.879,-6.207,-0.706,-8.104,-6.572,8.879,0.373,-0.0,-0.002,0.375,0.169,6.207,-0.34,0.0,0.004,-0.344,-0.275,1.154,1.726,4.139,3.755
42.1051,0.103,0.072,10.013,0.01,-0.07,-0.08,-1.482,-1.074,-9.58,-0.22,-0.11,0.41,-0.748,0.382,-0.664,-8.879,-6.207,-0.706,-8.104,-6.572,8.879,0.373,-0.0,-0.002,0.375,0.169,6.207,-0.34,0.0,0.004,-0.344,-0.275,1.154,1.726,4.139,3.755
42.1051,0.103,0.072,10.013,0.01,-0.07,-0.08,-1.482,-1.074,-9.58,-0.22,-0.11,0.41,-0.748,0.382,-0.664,-8.879,-6.207,-0.706,-8.104,-6.572,8.879,0.373,-0.0,-0.002,0.375,0.169,6.207,-0.34,0.0,0.004,-0.344,-0.275,1.154,1.726,4.139,3.755
42.1351,0.06,0.062,10.075,-0.09,-0.02,0.13,-1.466,-1.081,-9.571,-0.13,0.04,-0.01,-0.741,0.382,-0.662,-8.872,-6.213,-0.707,-8.104,-6.577,8.872,0.372,-0.0,0.001,0.372,0.168,6.213,-0.339,-0.0,0.002,-0.341,-0.275,1.154,1.725,4.139,3.755
42.1893,0.089,0.091,10.089,-0.12,0.04,0.01,-1.466,-1.058,-9.548,-0.3,-0.02,0.23,-0.735,0.388,-0.662,-8.872,-6.215,-0.707,-8.109,-6.585,8.872,0.372,0.0,-0.0,0.373,0.169,6.215,-0.338,-0.0,0.005,-0.343,-0.275,1.154,1.724,4.139,3.755
42.1893,0.089,0.091,10.089,-0.12,0.04,0.01,-1.466,-1.058,-9.548,-0.3,-0.02,0.23,-0.735,0.388,-0.662,-8.872,-6.215,-0.707,-8.109,-6.585,8.872,0.372,0.0,-0.0,0.373,0.169,6.215,-0.338,-0.0,0.005,-0.343,-0.275,1.154,1.724,4.139,3.755
42.2463,0.069,0.055,10.063,0.01,0.07,-0.01,-1.474,-0.988,-9.552,0.5,-0.28,0.0,-0.729,0.391,-0.663,-8.865,-6.213,-0.703,-8.109,-6.586,8.866,0.372,-0.0,0.006,0.366,0.168,6.214,-0.338,0.0,0.001,-0.339,-0.275,1.154,1.724,4.139,3.755
42.2754,0.153,0.079,10.039,-0.05,-0.17,0.0,-1.492,-1.071,-9.559,-0.31,-0.13,0.12,-0.729,0.39,-0.663,-8.869,-6.205,-0.705,-8.112,-6.577,8.869,0.372,-0.0,-0.002,0.375,0.169,6.205,-0.337,-0.0,0.005,-0.343,-0.276,1.153,1.725,4.139,3.755
42.2754,0.153,0.079,10.039,-0.05,-0.17,0.0,-1.492,-1.071,-9.559,-0.31,-0.13,0.12,-0.729,0.39,-0.663,-8.869,-6.205,-0.705,-8.112,-6.577,8.869,0.372,-0.0,-0.002,0.375,0.169,6.205,-0.337,-0.0,0.005,-0.343,-0.276,1.153,1.725,4.139,3.755
42.3404,0.153,0.031,9.984,-0.08,0.01,0.06,-1.504,-1.094,-9.612,0.0,-0.19,-0.24,-0.745,0.387,-0.663,-8.868,-6.217,-0.702,-8.095,-6.586,8.864,0.372,0.0,0.0,0.372,0.169,6.209,-0.337,-0.0,-0.001,-0.335,-0.275,1.156,1.724,4.139,3.755
42.3649,0.077,0.06,10.089,-0.03,0.04,-0.03,-1.484,-1.018,-9.561,0.26,0.26,-0.2,-0.736,0.386,-0.662,-8.86,-6.216,-0.701,-8.096,-6.584,8.86,0.372,0.0,0.005,0.368,0.169,6.216,-0.336,-0.0,-0.005,-0.331,-0.274,1.155,1.724,4.139,3.755
42.3649,0.077,0.06,10.089,-0.03,0.04,-0.03,-1.484,-1.018,-9.561,0.26,0.26,-0.2,-0.736,0.386,-0.662,-8.86,-6.216,-0.701,-8.096,-6.584,8.86,0.372,0.0,0.005,0.368,0.169,6.216,-0.336,-0.0,-0.005,-0.331,-0.274,1.155,1.724,4.139,3.755
42.4205,0.184,0.105,10.022,-0.0,0.07,0.05,-1.384,-1.026,-9.61,0.28,-0.37,0.08,-0.751,0.393,-0.663,-8.86,-6.211,-0.707,-8.081,-6.586,8.86,0.372,0.0,-0.006,0.379,0.17,6.211,-0.335,-0.0,-0.005,-0.33,-0.274,1.157,1.724,4.139,3.755
42.4205,0.184,0.105,10.022,-0.0,0.07,0.05,-1.384,-1.026,-9.61,0.28,-0.37,0.08,-0.751,0.393,-0.663,-8.86,-6.211,-0.707,-8.081,-6.586,8.86,0.372,0.0,-0.006,0.379,0.17,6.211,-0.335,-0.0,-0.005,-0.33,-0.274,1.157,1.724,4.139,3.755
42.4569,0.065,0.067,10.13,-0.02,0.23,0.19,-1.596,-1.071,-9.529,-0.27,0.59,-0.14,-0.733,0.4,-0.66,-8.858,-6.218,-0.706,-8.098,-6.6,8.858,0.372,0.0,0.01,0.362,0.168,6.218,-0.334,-0.0,0.005,-0.339,-0.276,1.155,1.722,4.139,3.755
42.5117,0.108,0.103,10.025,0.01,0.04,-0.07,-1.433,-1.032,-9.505,0.26,0.49,0.7,-0.715,0.395,-0.66,-8.865,-6.22,-0.707,-8.123,-6.598,8.865,0.373,0.0,0.008,0.364,0.169,6.22,-0.333,0.0,-0.005,-0.329,-0.274,1.152,1.722,4.139,3.755
42.5117,0.108,0.103,10.025,0.01,0.04,-0.07,-1.433,-1.032,-9.505,0.26,0.49,0.7,-0.715,0.395,-0.66,-8.865,-6.22,-0.707,-8.123,-6.598,8.865,0.373,0.0,0.008,0.364,0.169,6.22,-0.333,0.0,-0.005,-0.329,-0.274,1.152,1.722,4.139,3.755
42.5663,-0.072,0.103,10.075,-0.07,0.1,0.16,-1.45,-0.985,-9.595,1.45,-1.01,-0.66,-0.696,0.4,-0.657,-8.87,-6.222,-0.694,-8.147,-6.605,8.87,0.373,0.0,-0.018,0.39,0.171,6.222,-0.332,-0.0,-0.025,-0.307,-0.272,1.149,1.722,4.139,3.755
42.5663,-0.072,0.103,10.075,-0.07,0.1,0.16,-1.45,-0.985,-9.595,1.45,-1.01,-0.66,-0.696,0.4,-0.657,-8.87,-6.222,-0.694,-8.147,-6.605,8.87,0.373,0.0,-0.018,0.39,0.171,6.222,-0.332,-0.0,-0.025,-0.307,-0.272,1.149,1.722,4.139,3.755
42.5948,-0.134,-0.285,10.444,0.21,0.14,-2.55,-1.936,-1.316,-9.537,-1.34,-1.36,1.93,-0.667,0.417,-0.715,-8.852,-6.251,-0.776,-8.158,-6.651,8.852,0.372,0.0,-0.024,0.396,0.172,6.251,-0.331,0.0,0.023,-0.354,-0.278,1.148,1.716,4.139,3.755
42.6573,-1.571,0.072,10.944,-0.12,1.81,-1.17,-1.257,-1.344,-9.535,-3.06,-0.28,-3.07,-0.402,0.499,-0.751,-8.858,-6.295,-0.785,-8.427,-6.776,8.858,0.373,0.0,-0.005,0.377,0.17,6.295,-0.328,-0.0,0.053,-0.381,-0.281,1.115,1.701,4.139,3.755
42.6573,-1.571,0.072,10.944,-0.12,1.81,-1.17,-1.257,-1.344,-9.535,-3.06,-0.28,-3.07,-0.402,0.499,-0.751,-8.858,-6.295,-0.785,-8.427,-6.776,8.858,0.373,0.0,-0.005,0.377,0.17,6.295,-0.328,-0.0,0.053,-0.381,-0.281,1.115,1.701,4.139,3.755
42.6830,0.481,-0.06,10.082,0.16,-0.56,-2.07,-1.453,-0.614,-9.651,6.08,0.39,0.91,-0.379,0.506,-0.793,-8.821,-6.282,-0.769,-8.412,-6.77,8.821,0.371,-0.0,0.007,0.364,0.169,6.282,-0.328,0.0,-0.106,-0.222,-0.262,1.117,1.701,4.139,3.755
42.7472,-0.232,0.383,10.489,0.23,-0.32,-4.47,-1.22,-1.232,-9.825,-4.78,-1.68,3.81,-0.389,0.521,-0.897,-8.809,-6.279,-0.918,-8.392,-6.783,8.809,0.371,-0.0,-0.029,0.4,0.173,6.279,-0.327,0.0,0.083,-0.411,-0.285,1.119,1.7,4.139,3.755
42.7472,-0.232,0.383,10.489,0.23,-0.32,-4.47,-1.22,-1.232,-9.825,-4.78,-1.68,3.81,-0.389,0.521,-0.897,-8.809,-6.279,-0.918,-8.392,-6.783,8.809,0.371,-0.0,-0.029,0.4,0.173,6.279,-0.327,0.0,0.083,-0.411,-0.285,1.119,1.7,4.139,3.755
42.7742,1.657,0.091,9.0,-0.31,-1.24,-2.65,-1.83,-1.314,-9.606,2.65,-0.86,1.03,-0.517,0.515,-0.98,-8.799,-6.348,-0.988,-8.253,-6.845,8.799,0.371,-0.0,-0.015,0.385,0.171,6.348,-0.324,-0.0,-0.046,-0.277,-0.269,1.136,1.692,4.139,3.755
42.7982,0.223,-0.017,10.295,-0.24,1.1,-3.67,-1.747,-1.192,-9.487,2.12,3.21,2.29,-0.509,0.52,-1.047,-8.79,-6.411,-1.029,-8.253,-6.913,8.79,0.37,0.0,0.056,0.314,0.164,6.411,-0.32,-0.0,-0.037,-0.283,-0.27,1.136,1.684,4.139,3.755
42.8269,-0.211,0.359,10.218,0.26,-0.61,-6.64,-1.15,-1.043,-9.44,0.71,2.01,6.04,-0.595,0.592,-1.155,-8.758,-6.406,-1.15,-8.134,-6.98,8.758,0.369,-0.0,0.035,0.334,0.166,6.406,-0.32,0.0,-0.012,-0.308,-0.273,1.151,1.676,4.139,3.755
42.8845,-0.153,0.01,10.834,0.09,2.16,-4.2,-2.438,-1.17,-9.923,0.42,5.14,4.12,-1.047,0.524,-1.4,-8.802,-6.462,-1.375,-7.728,-6.967,8.802,0.371,0.0,0.09,0.281,0.161,6.462,-0.317,0.0,-0.007,-0.309,-0.273,1.2,1.677,4.139,3.755
42.8845,-0.153,0.01,10.834,0.09,2.16,-4.2,-2.438,-1.17,-9.923,0.42,5.14,4.12,-1.047,0.524,-1.4,-8.802,-6.462,-1.375,-7.728,-6.967,8.802,0.371,0.0,0.09,0.281,0.161,6.462,-0.317,0.0,-0.007,-0.309,-0.273,1.2,1.677,4.139,3.755
42.9427,0.23,0.591,9.249,0.14,-0.61,-5.31,-1.128,-0.917,-9.291,-0.46,1.9,5.44,-0.929,0.619,-1.651,-8.731,-6.429,-1.633,-7.775,-7.03,8.731,0.368,-0.0,0.033,0.335,0.167,6.429,-0.317,0.0,0.008,-0.325,-0.275,1.195,1.67,4.139,3.755
42.9427,0.23,0.591,9.249,0.14,-0.61,-5.31,-1.128,-0.917,-9.291,-0.46,1.9,5.44,-0.929,0.619,-1.651,-8.731,-6.429,-1.633,-7.775,-7.03,8.731,0.368,-0.0,0.033,0.335,0.167,6.429,-0.317,0.0,0.008,-0.325,-0.275,1.195,1.67,4.139,3.755
42.9715,-1.29,-0.182,10.199,0.56,2.04,-6.64,-2.288,-1.589,-9.263,-3.27,2.11,7.2,-0.892,0.677,-1.785,-8.851,-6.456,-1.786,-7.931,-7.116,8.851,0.373,0.0,0.037,0.336,0.167,6.456,-0.316,0.0,0.057,-0.373,-0.281,1.175,1.659,4.139,3.755
43.0348,0.354,-0.122,9.697,-0.16,-1.59,-5.57,-0.875,-0.567,-9.56,9.24,3.12,11.5,-0.852,0.613,-2.027,-8.77,-6.458,-2.03,-7.89,-7.054,8.77,0.37,-0.0,0.054,0.315,0.165,6.458,-0.315,-0.0,-0.161,-0.153,-0.254,1.18,1.667,4.139,3.755
43.0348,0.354,-0.122,9.697,-0.16,-1.59,-5.57,-0.875,-0.567,-9.56,9.24,3.12,11.5,-0.852,0.613,-2.027,-8.77,-6.458,-2.03,-7.89,-7.054,8.77,0.37,-0.0,0.054,0.315,0.165,6.458,-0.315,-0.0,-0.161,-0.153,-0.254,1.18,1.667,4.139,3.755
43.0619,1.027,0.661,8.329,0.37,-3.03,-9.91,-1.288,-1.068,-9.571,-6.13,7.49,8.93,-0.93,0.706,-2.235,-8.612,-6.364,-2.246,-7.655,-7.053,8.612,0.364,-0.0,0.131,0.234,0.157,6.364,-0.318,0.0,0.107,-0.425,-0.287,1.209,1.667,4.139,3.755
43.0875,0.668,0.314,9.857,0.08,-0.99,-10.81,-1.435,-1.469,-9.325,-0.47,0.65,11.54,-0.816,0.775,-2.451,-8.717,-6.369,-2.469,-7.874,-7.127,8.717,0.368,-0.0,0.011,0.357,0.169,6.369,-0.318,0.0,0.008,-0.326,-0.275,1.182,1.658,4.139,3.755
43.1189,0.936,-0.625,9.802,-0.21,-0.06,-8.1,-1.72,-1.46,-9.44,0.54,6.98,3.73,-0.897,0.676,-2.615,-8.733,-6.493,-2.6,-7.809,-7.15,8.733,0.369,-0.0,0.122,0.247,0.158,6.493,-0.312,-0.0,-0.009,-0.303,-0.273,1.19,1.655,4.139,3.755
43.1528,-2.772,-0.048,11.358,-0.28,5.36,-9.19,-1.31,-0.893,-9.6,8.13,-0.35,9.93,-0.683,0.714,-2.797,-8.674,-6.516,-2.769,-7.962,-7.212,8.674,0.367,0.0,-0.006,0.373,0.171,6.516,-0.31,-0.0,-0.142,-0.169,-0.257,1.172,1.647,4.139,3.755
43.2073,0.251,-0.596,11.119,0.07,0.49,-7.98,-1.191,-1.11,-9.871,-0.13,3.84,7.61,-0.557,0.522,-3.161,-8.627,-6.48,-3.145,-8.042,-6.983,8.627,0.365,0.0,0.067,0.298,0.164,6.48,-0.311,0.0,0.002,-0.313,-0.274,1.135,1.657,4.139,3.755
43.2073,0.251,-0.596,11.119,0.07,0.49,-7.98,-1.191,-1.11,-9.871,-0.13,3.84,7.61,-0.557,0.522,-3.161,-8.627,-6.48,-3.145,-8.042,-6.983,8.627,0.365,0.0,0.067,0.298,0.164,6.48,-0.311,0.0,0.002,-0.313,-0.274,1.162,1.675,4.139,3.755
43.2647,-1.159,-0.211,10.317,0.05,2.16,-7.46,-1.223,-1.082,-9.64,3.32,-6.41,5.15,-1.093,0.206,-3.436,-8.41,-6.506,-3.391,-7.292,-6.69,8.41,0.357,0.0,-0.112,0.469,0.181,6.506,-0.309,0.0,-0.058,-0.251,-0.267,1.254,1.711,4.139,3.755
43.2647,-1.159,-0.211,10.317,0.05,2.16,-7.46,-1.223,-1.082,-9.64,3.32,-6.41,5.15,-1.093,0.206,-3.436,-8.41,-6.506,-3.391,-7.292,-6.69,8.41,0.357,0.0,-0.112,0.469,0.181,6.506,-0.309,0.0,-0.058,-0.251,-0.267,1.254,1.711,4.139,3.755
43.2918,2.057,0.074,8.157,0.4,-4.63,-7.97,-2.601,-0.763,-9.461,3.51,7.53,7.89,-1.567,0.258,-3.571,-8.47,-6.478,-3.503,-6.879,-6.713,8.47,0.36,-0.0,0.131,0.228,0.157,6.478,-0.31,0.0,-0.061,-0.249,-0.266,1.304,1.708,4.139,3.755
43.3489,0.113,-0.029,11.004,0.35,-1.17,-12.51,-1.35,-0.869,-9.787,-1.26,4.04,11.16,-1.754,0.292,-3.956,-8.407,-6.315,-3.941,-6.631,-6.586,8.407,0.357,-0.0,0.071,0.287,0.163,6.315,-0.316,0.0,0.022,-0.338,-0.277,1.334,1.724,4.139,3.755
43.3489,0.113,-0.029,11.004,0.35,-1.17,-12.51,-1.35,-0.869,-9.787,-1.26,4.04,11.16,-1.754,0.292,-3.956,-8.407,-6.315,-3.941,-6.631,-6.586,8.407,0.357,-0.0,0.071,0.287,0.163,6.315,-0.316,0.0,0.022,-0.338,-0.277,1.334,1.724,4.139,3.755
43.3828,3.656,-0.843,8.686,-0.38,-3.53,-6.72,-0.897,-1.204,-9.518,1.8,-2.73,8.9,-2.411,0.107,-4.095,-8.426,-6.324,-4.154,-5.995,-6.412,8.426,0.358,-0.0,-0.048,0.406,0.175,6.324,-0.315,-0.0,-0.031,-0.284,-0.271,1.412,1.745,4.139,3.755
43.4423,-0.077,-0.579,10.455,0.32,-0.53,-13.19,-1.483,-0.953,-9.348,2.58,10.19,10.76,-2.903,0.024,-4.523,-8.259,-6.295,-4.558,-5.338,-6.3,8.259,0.352,-0.0,0.178,0.175,0.152,6.295,-0.316,0.0,-0.045,-0.271,-0.269,1.492,1.759,4.139,3.755
43.4423,-0.077,-0.579,10.455,0.32,-0.53,-13.19,-1.483,-0.953,-9.348,2.58,10.19,10.76,-2.903,0.024,-4.523,-8.259,-6.295,-4.558,-5.338,-6.3,8.259,0.352,-0.0,0.178,0.175,0.152,6.295,-0.316,0.0,-0.045,-0.271,-0.269,1.492,1.759,4.139,3.755
43.4988,0.788,0.749,9.383,0.26,-1.93,-15.21,-1.275,-1.239,-9.776,2.15,-3.15,14.73,-2.832,0.162,-5.071,-8.23,-6.285,-5.104,-5.38,-6.427,8.23,0.351,-0.0,-0.055,0.406,0.175,6.285,-0.315,0.0,-0.038,-0.278,-0.27,1.487,1.743,4.139,3.755
43.4988,0.788,0.749,9.383,0.26,-1.93,-15.21,-1.275,-1.239,-9.776,2.15,-3.15,14.73,-2.832,0.162,-5.071,-8.23,-6.285,-5.104,-5.38,-6.427,8.23,0.351,-0.0,-0.055,0.406,0.175,6.285,-0.315,0.0,-0.038,-0.278,-0.27,1.487,1.743,4.139,3.755
43.5572,0.876,0.287,9.342,0.07,-0.45,-12.82,-1.343,-0.892,-9.699,3.32,3.0,10.9,-3.167,0.176,-5.582,-8.165,-6.369,-5.557,-4.981,-6.523,8.165,0.349,-0.0,0.052,0.297,0.164,6.369,-0.311,0.0,-0.058,-0.253,-0.267,1.536,1.732,4.139,3.755
43.5572,0.876,0.287,9.342,0.07,-0.45,-12.82,-1.343,-0.892,-9.699,3.32,3.0,10.9,-3.167,0.176,-5.582,-8.165,-6.369,-5.557,-4.981,-6.523,8.165,0.349,-0.0,0.052,0.297,0.164,6.369,-0.311,0.0,-0.058,-0.253,-0.267,1.536,1.732,4.139,3.755
43.5861,-0.46,-0.323,10.285,0.03,0.41,-15.01,-1.17,-0.924,-9.479,4.89,2.31,14.9,-2.813,0.162,-5.872,-8.168,-6.401,-5.865,-5.337,-6.542,8.168,0.349,0.0,0.04,0.309,0.166,6.401,-0.309,0.0,-0.085,-0.223,-0.264,1.492,1.729,4.139,3.755
43.6433,-1.396,0.433,10.76,0.37,2.01,-17.64,-1.05,-1.043,-9.662,3.94,-1.58,18.35,-2.314,0.403,-6.542,-8.199,-6.359,-6.54,-5.865,-6.741,8.199,0.351,0.0,-0.028,0.378,0.173,6.359,-0.31,0.0,-0.069,-0.241,-0.266,1.428,1.705,4.139,3.755
43.6433,-1.396,0.433,10.76,0.37,2.01,-17.64,-1.05,-1.043,-9.662,3.94,-1.58,18.35,-2.314,0.403,-6.542,-8.199,-6.359,-6.54,-5.865,-6.741,8.199,0.351,0.0,-0.028,0.378,0.173,6.359,-0.31,0.0,-0.069,-0.241,-0.266,1.428,1.705,4.139,3.755
43.7005,-0.271,-0.014,10.659,0.01,1.23,-16.38,-1.513,-0.972,-9.524,2.94,4.84,15.8,-2.075,0.463,-7.197,-8.212,-6.371,-7.186,-6.116,-6.814,8.212,0.351,0.0,0.084,0.267,0.162,6.371,-0.308,0.0,-0.051,-0.257,-0.268,1.397,1.696,4.139,3.755
43.7005,-0.271,-0.014,10.659,0.01,1.23,-16.38,-1.513,-0.972,-9.524,2.94,4.84,15.8,-2.075,0.463,-7.197,-8.212,-6.371,-7.186,-6.116,-6.814,8.212,0.351,0.0,0.084,0.267,0.162,6.371,-0.308,0.0,-0.051,-0.257,-0.268,1.397,1.696,4.139,3.755
43.7282,1.006,-0.362,9.582,0.08,-1.43,-16.91,-1.331,-0.95,-9.597,3.06,-0.18,16.64,-2.204,0.385,-7.535,-8.214,-6.344,-7.536,-5.99,-6.708,8.214,0.351,-0.0,-0.003,0.354,0.17,6.344,-0.309,0.0,-0.053,-0.256,-0.268,1.413,1.709,4.139,3.755
43.7838,-1.724,-0.419,10.403,-0.64,2.85,-7.34,-2.125,-1.016,-9.475,2.42,1.72,6.61,-1.705,0.236,-7.982,-8.293,-6.305,-7.99,-6.566,-6.522,8.293,0.354,0.0,0.03,0.324,0.168,6.305,-0.31,-0.0,-0.042,-0.268,-0.27,1.342,1.732,4.139,3.755
43.7838,-1.724,-0.419,10.403,-0.64,2.85,-7.34,-2.125,-1.016,-9.475,2.42,1.72,6.61,-1.705,0.236,-7.982,-8.293,-6.305,-7.99,-6.566,-6.522,8.293,0.354,0.0,0.03,0.324,0.168,6.305,-0.31,-0.0,-0.042,-0.268,-0.27,1.342,1.732,4.139,3.755
43.8456,0.11,0.182,10.13,0.43,-1.19,-2.07,-1.437,-1.058,-9.418,0.7,-3.24,1.47,-1.279,0.266,-8.094,-8.565,-6.329,-8.079,-7.261,-6.574,8.565,0.363,-0.0,-0.057,0.42,0.177,6.329,-0.308,0.0,-0.012,-0.296,-0.273,1.284,1.731,4.139,3.755
43.8456,0.11,0.182,10.13,0.43,-1.19,-2.07,-1.437,-1.058,-9.418,0.7,-3.24,1.47,-1.279,0.266,-8.094,-8.565,-6.329,-8.079,-7.261,-6.574,8.565,0.363,-0.0,-0.057,0.42,0.177,6.329,-0.308,0.0,-0.012,-0.296,-0.273,1.257,1.725,4.139,3.755
43.8739,-0.172,0.46,10.489,-0.16,1.14,0.91,-0.611,-1.213,-9.801,-0.06,-9.13,0.34,-1.307,0.309,-8.092,-8.618,-6.35,-8.093,-7.286,-6.639,8.618,0.365,0.0,-0.159,0.525,0.188,6.35,-0.307,-0.0,0.001,-0.308,-0.275,1.254,1.717,4.139,3.755
43.9288,0.043,0.172,10.068,0.18,-0.53,-0.22,-1.267,-0.681,-9.324,2.77,-5.19,-0.32,-1.151,0.294,-8.086,-8.499,-6.369,-8.047,-7.323,-6.641,8.499,0.361,-0.0,-0.091,0.452,0.181,6.369,-0.305,0.0,-0.048,-0.257,-0.269,1.25,1.717,4.139,3.755
43.9288,0.043,0.172,10.068,0.18,-0.53,-0.22,-1.267,-0.681,-9.324,2.77,-5.19,-0.32,-1.151,0.294,-8.086,-8.499,-6.369,-8.047,-7.323,-6.641,8.499,0.361,-0.0,-0.091,0.452,0.181,6.369,-0.305,0.0,-0.048,-0.257,-0.269,1.25,1.717,4.139,3.755
43.9655,-0.024,0.302,10.092,-0.11,0.27,0.02,-1.037,-1.299,-9.623,-2.58,-7.46,2.31,-1.149,0.318,-8.092,-8.612,-6.37,-8.098,-7.437,-6.669,8.612,0.365,0.0,-0.13,0.495,0.185,6.37,-0.304,-0.0,0.045,-0.349,-0.28,1.236,1.714,4.139,3.755
44.0187,0.031,0.115,10.077,-0.1,0.14,0.31,-1.677,-0.907,-9.458,4.47,-2.3,-2.07,-1.113,0.31,-8.084,-8.477,-6.405,-8.046,-7.339,-6.694,8.477,0.361,0.0,-0.04,0.401,0.176,6.405,-0.302,-0.0,-0.078,-0.224,-0.265,1.248,1.711,4.139,3.755
44.0187,0.031,0.115,10.077,-0.1,0.14,0.31,-1.677,-0.907,-9.458,4.47,-2.3,-2.07,-1.113,0.31,-8.084,-8.477,-6.405,-8.046,-7.339,-6.694,8.477,0.361,0.0,-0.04,0.401,0.176,6.405,-0.302,-0.0,-0.078,-0.224,-0.265,1.248,1.711,4.139,3.755
44.0737,1.417,1.367,8.969,0.61,-3.38,2.1,-0.978,-1.607,-9.771,-4.7,-1.88,0.39,-1.286,0.522,-8.076,-8.446,-6.4,-8.092,-7.136,-6.903,8.446,0.36,-0.0,-0.033,0.392,0.175,6.4,-0.301,0.0,0.082,-0.383,-0.284,1.273,1.685,4.139,3.755
44.0737,1.417,1.367,8.969,0.61,-3.38,2.1,-0.978,-1.607,-9.771,-4.7,-1.88,0.39,-1.286,0.522,-8.076,-8.446,-6.4,-8.092,-7.136,-6.903,8.446,0.36,-0.0,-0.033,0.392,0.175,6.4,-0.301,0.0,0.082,-0.383,-0.284,1.273,1.685,4.139,3.755
44.1030,0.675,-0.551,9.876,0.29,-0.26,6.09,-1.53,-2.331,-9.354,-10.87,3.21,-13.36,-1.149,0.465,-7.972,-8.468,-6.533,-7.944,-7.294,-6.978,8.468,0.36,-0.0,0.056,0.304,0.166,6.533,-0.295,0.0,0.19,-0.485,-0.296,1.253,1.676,4.139,3.755
44.1660,-0.124,-0.093,9.993,-0.3,0.52,1.73,-2.101,-0.654,-8.997,20.1,-6.39,5.29,-0.897,0.302,-7.796,-8.433,-6.886,-7.716,-7.509,-7.165,8.433,0.359,0.0,-0.112,0.471,0.183,6.886,-0.279,-0.0,-0.351,0.072,-0.23,1.227,1.653,4.139,3.755
44.1660,-0.124,-0.093,9.993,-0.3,0.52,1.73,-2.101,-0.654,-8.997,20.1,-6.39,5.29,-0.897,0.302,-7.796,-8.433,-6.886,-7.716,-7.509,-7.165,8.433,0.359,0.0,-0.112,0.471,0.183,6.886,-0.279,-0.0,-0.351,0.072,-0.23,1.227,1.653,4.139,3.755
44.1926,-0.716,0.029,10.764,0.69,-1.26,-3.92,-1.627,-1.559,-9.494,-14.18,3.0,1.07,-0.703,0.299,-7.835,-8.523,-6.823,-7.742,-7.793,-7.1,8.523,0.362,-0.0,0.052,0.31,0.167,6.823,-0.281,0.0,0.247,-0.528,-0.302,1.192,1.661,4.139,3.755
44.2520,0.864,1.01,11.26,0.12,4.59,-7.0,-1.116,-1.666,-9.582,0.38,9.75,1.25,-1.012,0.528,-7.945,-8.445,-6.969,-7.846,-7.407,-7.474,8.445,0.36,0.0,0.17,0.189,0.155,6.969,-0.274,0.0,-0.007,-0.267,-0.27,1.24,1.615,4.139,3.755
44.2520,0.864,1.01,11.26,0.12,4.59,-7.0,-1.116,-1.666,-9.582,0.38,9.75,1.25,-1.012,0.528,-7.945,-8.445,-6.969,-7.846,-7.407,-7.474,8.445,0.36,0.0,0.17,0.189,0.155,6.969,-0.274,0.0,-0.007,-0.267,-0.27,1.24,1.615,4.139,3.755
44.3094,-0.575,0.182,11.131,-2.88,14.1,-13.39,-2.227,-1.881,-10.88,-2.47,-2.12,13.93,-0.403,0.664,-8.435,-8.993,-7.003,-8.407,-8.56,-7.649,8.993,0.379,0.0,-0.037,0.416,0.178,7.003,-0.271,-0.0,0.043,-0.314,-0.276,1.099,1.594,4.139,3.755
44.3094,-0.575,0.182,11.131,-2.88,14.1,-13.39,-2.227,-1.881,-10.88,-2.47,-2.12,13.93,-0.403,0.664,-8.435,-8.993,-7.003,-8.407,-8.56,-7.649,8.993,0.379,0.0,-0.037,0.416,0.178,7.003,-0.271,-0.0,0.043,-0.314,-0.276,1.099,1.594,4.139,3.755
44.3377,-0.783,0.414,11.1,-5.22,10.64,-11.65,-2.528,-1.369,-10.66,3.36,-11.22,12.09,0.014,0.646,-8.676,-9.331,-6.991,-8.6,-9.312,-7.62,9.331,0.391,0.0,-0.196,0.587,0.195,6.991,-0.271,-0.0,-0.059,-0.213,-0.264,1.007,1.598,4.139,3.755
44.3930,-1.563,0.048,10.594,-8.02,-7.06,-3.2,-1.79,-1.329,-10.515,-5.26,2.17,1.21,0.654,0.331,-8.936,-9.844,-6.911,-8.862,-10.461,-7.224,9.71,0.404,0.0,-0.18,0.584,0.195,7.012,-0.27,-0.0,0.039,-0.309,-0.276,0.909,1.613,4.139,3.755
44.3930,-1.563,0.048,10.594,-8.02,-7.06,-3.2,-1.79,-1.329,-10.515,-5.26,2.17,1.21,0.654,0.331,-8.936,-9.844,-6.911,-8.862,-10.461,-7.224,9.844,0.409,-0.0,0.038,0.371,0.174,6.911,-0.274,-0.0,0.092,-0.365,-0.283,0.866,1.646,4.139,3.755
44.4292,-0.864,0.206,10.537,-7.82,-15.13,-0.31,-2.134,-1.373,-9.773,-1.34,9.91,0.51,0.559,0.193,-8.957,-9.717,-6.898,-8.895,-10.24,-7.071,9.717,0.404,-0.0,0.173,0.231,0.16,6.898,-0.274,-0.0,0.023,-0.297,-0.274,0.893,1.665,4.139,3.755
44.4837,-0.182,0.388,10.053,-12.99,-19.08,-0.35,-1.683,-1.043,-9.554,-3.07,21.57,-1.09,-0.092,-0.063,-8.95,-9.149,-6.728,-8.862,-9.026,-6.641,9.149,0.385,-0.0,0.376,0.008,0.138,6.728,-0.28,-0.0,0.054,-0.334,-0.279,1.042,1.717,4.139,3.755
44.4837,-0.182,0.388,10.053,-12.99,-19.08,-0.35,-1.683,-1.043,-9.554,-3.07,21.57,-1.09,-0.092,-0.063,-8.95,-9.149,-6.728,-8.862,-9.026,-6.641,9.149,0.385,-0.0,0.376,0.008,0.138,6.728,-0.28,-0.0,0.054,-0.334,-0.279,1.042,1.717,4.139,3.755
44.5385,0.836,0.9,9.471,-24.67,-11.09,0.16,-1.31,-1.148,-9.049,-10.77,9.07,0.45,-0.9,-0.559,-8.923,-8.579,-6.52,-8.853,-7.653,-5.935,8.839,0.374,-0.0,0.301,0.073,0.144,6.683,-0.282,-0.0,0.13,-0.411,-0.288,1.127,1.754,4.139,3.755
44.5733,1.109,0.139,9.115,-34.26,-8.49,4.09,-0.923,-1.306,-8.77,-14.04,3.12,-5.34,-1.244,-1.127,-8.866,-8.438,-6.337,-8.793,-7.169,-5.182,8.438,0.36,-0.0,0.054,0.305,0.168,6.337,-0.296,-0.0,0.245,-0.541,-0.304,1.268,1.895,4.139,3.755
44.5733,1.109,0.139,9.115,-34.26,-8.49,4.09,-0.923,-1.306,-8.77,-14.04,3.12,-5.34,-1.244,-1.127,-8.866,-8.438,-6.337,-8.793,-7.169,-5.182,8.438,0.36,-0.0,0.054,0.305,0.168,6.337,-0.296,-0.0,0.245,-0.541,-0.304,1.268,1.895,4.139,3.755
44.6277,1.381,-0.045,9.385,-48.57,3.01,9.19,-1.142,-1.003,-8.786,-16.71,-9.47,-5.86,-1.689,-2.724,-8.549,-8.162,-5.814,-8.511,-6.446,-3.061,8.162,0.35,0.0,-0.165,0.516,0.189,5.814,-0.318,-0.0,0.292,-0.61,-0.313,1.357,2.155,4.139,3.755
44.6277,1.381,-0.045,9.385,-48.57,3.01,9.19,-1.142,-1.003,-8.786,-16.71,-9.47,-5.86,-1.689,-2.724,-8.549,-8.162,-5.814,-8.511,-6.446,-3.061,8.162,0.35,0.0,-0.165,0.516,0.189,5.814,-0.318,-0.0,0.292,-0.61,-0.313,1.357,2.155,4.139,3.755
44.6843,0.852,-1.094,9.321,-63.54,18.55,5.8,-1.022,-0.383,-9.015,-28.12,-13.6,0.64,-1.529,-5.082,-8.299,-8.386,-4.725,-8.375,-6.8,0.39,8.386,0.358,0.0,-0.237,0.595,0.197,4.725,-0.365,-0.0,0.491,-0.855,-0.342,1.314,2.576,4.139,3.755
44.6843,0.852,-1.094,9.321,-63.54,18.55,5.8,-1.022,-0.383,-9.015,-28.12,-13.6,0.64,-1.529,-5.082,-8.299,-8.386,-4.725,-8.375,-6.8,0.39,8.386,0.358,0.0,-0.237,0.595,0.197,4.725,-0.365,-0.0,0.491,-0.855,-0.342,1.314,2.576,4.139,3.755
44.7128,0.742,-1.65,9.349,-66.02,24.33,6.38,-1.432,-0.202,-8.911,-34.6,-26.37,4.45,-1.194,-6.547,-8.22,-8.855,-3.953,-8.399,-7.565,2.64,8.855,0.375,0.0,-0.46,0.835,0.221,3.953,-0.398,-0.0,0.604,-1.002,-0.36,1.22,2.851,4.139,3.755
44.7783,-0.139,-2.772,9.646,-66.02,34.39,6.96,-1.703,0.789,-9.639,-61.53,-41.8,11.16,0.015,-9.668,-8.118,-10.323,-1.48,-8.581,-10.076,8.315,10.323,0.426,0.0,-0.729,1.155,0.254,1.48,-0.506,-0.0,1.074,-1.58,-0.43,0.913,3.544,4.139,3.755
44.7783,-0.139,-2.772,9.646,-66.02,34.39,6.96,-1.703,0.789,-9.639,-61.53,-41.8,11.16,0.015,-9.668,-8.118,-10.323,-1.48,-8.581,-10.076,8.315,10.323,0.426,0.0,-0.729,1.155,0.254,1.48,-0.506,-0.0,1.074,-1.58,-0.43,0.913,3.544,4.139,3.755
44.8299,-1.247,-3.261,9.352,-59.27,32.41,8.01,-2.515,3.26,-7.994,-160.05,-44.19,22.64,1.706,-12.761,-8.099,-12.176,3.907,-9.275,-13.222,17.0,12.176,0.491,0.0,-0.771,1.262,0.265,-3.907,-0.741,-0.0,2.793,-3.534,-0.666,0.529,4.605,4.139,3.755
44.8299,-1.247,-3.261,9.352,-59.27,32.41,8.01,-2.515,3.26,-7.994,-160.05,-44.19,22.64,1.706,-12.761,-8.099,-12.176,3.907,-9.275,-13.222,17.0,12.176,0.491,0.0,-0.771,1.262,0.265,-3.907,-0.741,-0.0,2.793,-3.534,-0.666,0.529,4.605,4.139,3.755
44.8583,-1.867,-3.589,9.373,-57.15,29.39,7.19,-2.853,7.849,-7.173,-252.01,-63.28,56.47,2.605,-14.183,-8.102,-13.487,10.482,-10.484,-14.941,25.194,13.487,0.536,0.0,-1.104,1.641,0.303,-10.482,-1.028,-0.0,4.398,-5.427,-0.894,0.319,5.607,4.139,3.755
44.9152,-1.472,-6.491,8.859,-28.86,7.81,-1.78,-4.373,-1.363,-10.5,73.61,43.43,-12.16,3.847,-17.196,-8.314,-13.359,14.905,-10.999,-15.544,32.846,13.359,0.532,0.0,0.758,-0.226,0.116,-14.905,-1.224,-0.0,-1.285,0.061,-0.237,0.245,0.258,4.139,3.755
44.9152,-1.472,-6.491,8.859,-28.86,7.81,-1.78,-4.373,-1.363,-10.5,73.61,43.43,-12.16,3.847,-17.196,-8.314,-13.359,14.905,-10.999,-15.544,32.846,13.359,0.532,0.0,0.758,-0.226,0.116,-14.905,-1.224,-0.0,-1.285,0.061,-0.237,0.245,0.258,4.139,3.755
44.9743,-1.077,-6.431,9.055,27.08,-18.41,-2.26,-3.292,5.241,-9.464,201.81,-87.54,-20.39,4.128,-17.903,-8.355,-13.532,11.415,-9.888,-16.235,30.108,13.532,0.538,-0.0,0.025,0.513,0.19,-11.415,-1.072,0.0,-3.395,2.323,0.035,0.161,6.207,4.139,3.755
45.0023,-0.192,-5.775,9.074,53.2,-23.75,-1.11,-8.03,3.006,-8.333,157.94,-247.92,-38.29,3.416,-17.814,-8.267,-19.834,4.955,-9.116,-21.722,24.169,19.834,0.758,-0.0,-4.327,5.085,0.649,-4.955,-0.791,0.0,-2.757,1.965,-0.007,5.774,5.481,4.139,3.755
45.0023,-0.192,-5.775,9.074,53.2,-23.75,-1.11,-8.03,3.006,-8.333,157.94,-247.92,-38.29,3.416,-17.814,-8.267,-19.834,4.955,-9.116,-21.722,24.169,19.834,0.758,-0.0,-4.327,5.085,0.649,-4.955,-0.791,0.0,-2.757,1.965,-0.007,5.774,5.481,4.139,3.755
45.0602,-0.864,-3.594,9.814,87.26,-18.19,4.67,2.492,2.418,-11.651,30.16,130.66,-33.71,2.717,-15.312,-7.97,-22.684,1.603,-7.485,-24.472,18.395,22.684,0.858,-0.0,2.28,-1.423,-0.001,-1.603,-0.645,0.0,-0.526,-0.119,-0.257,5.438,4.776,4.139,3.755
45.0602,-0.864,-3.594,9.814,87.26,-18.19,4.67,2.492,2.418,-11.651,30.16,130.66,-33.71,2.717,-15.312,-7.97,-22.684,1.603,-7.485,-24.472,18.395,22.684,0.858,-0.0,2.28,-1.423,-0.001,-1.603,-0.645,0.0,-0.526,-0.119,-0.257,5.438,4.776,4.139,3.755
45.0954,0.007,-2.413,8.916,94.08,-16.57,5.09,-0.493,3.589,-5.121,-67.9,252.35,12.5,2.135,-13.48,-7.771,-17.388,3.388,-7.331,-18.996,17.59,17.388,0.673,-0.0,4.404,-3.731,-0.232,-3.388,-0.723,0.0,1.185,-1.909,-0.472,6.107,4.678,4.139,3.755
45.1506,-0.33,-0.886,9.634,100.79,-15.21,-4.99,-5.525,-0.749,-10.08,-202.54,181.69,35.31,1.798,-9.25,-7.752,-8.657,12.085,-7.665,-10.296,21.416,8.657,0.368,-0.0,3.171,-2.803,-0.141,-12.085,-1.104,0.0,3.535,-4.639,-0.801,0.887,5.145,4.139,3.755
45.1506,-0.33,-0.886,9.634,100.79,-15.21,-4.99,-5.525,-0.749,-10.08,-202.54,181.69,35.31,1.798,-9.25,-7.752,-8.657,12.085,-7.665,-10.296,21.416,8.657,0.368,-0.0,3.171,-2.803,-0.141,-12.085,-1.104,0.0,3.535,-4.639,-0.801,0.887,5.145,4.139,3.755
45.2054,-0.517,0.474,9.701,94.35,-17.78,-10.91,1.779,2.966,-9.912,159.85,13.12,1.43,1.388,-4.789,-8.016,-7.73,8.272,-7.524,-9.097,13.066,7.73,0.336,-0.0,0.229,0.107,0.15,-8.272,-0.939,0.0,-2.79,1.851,-0.022,1.033,4.125,4.139,3.755
45.2054,-0.517,0.474,9.701,94.35,-17.78,-10.91,1.779,2.966,-9.912,159.85,13.12,1.43,1.388,-4.789,-8.016,-7.73,8.272,-7.524,-9.097,13.066,7.73,0.336,-0.0,0.229,0.107,0.15,-8.272,-0.939,0.0,-2.79,1.851,-0.022,1.033,4.125,4.139,3.755
45.2342,-0.335,0.285,9.553,90.27,-17.22,-14.56,-0.754,2.917,-9.456,155.9,20.88,10.96,1.002,-2.781,-8.256,-6.767,5.503,-7.653,-7.762,8.271,6.767,0.302,-0.0,0.364,-0.062,0.133,-5.503,-0.819,0.0,-2.721,1.902,-0.016,1.196,3.539,4.139,3.755
45.2986,0.713,1.13,9.881,76.88,-10.06,-14.32,0.7,2.957,-8.726,22.58,7.89,15.41,0.116,1.026,-8.837,-6.354,3.298,-8.306,-6.437,2.257,6.354,0.288,-0.0,0.138,0.15,0.154,-3.298,-0.723,0.0,-0.394,-0.329,-0.283,1.358,2.804,4.139,3.755
45.2986,0.713,1.13,9.881,76.88,-10.06,-14.32,0.7,2.957,-8.726,22.58,7.89,15.41,0.116,1.026,-8.837,-6.354,3.298,-8.306,-6.437,2.257,6.354,0.288,-0.0,0.138,0.15,0.154,-3.298,-0.723,0.0,-0.394,-0.329,-0.283,1.358,2.804,4.139,3.755
45.3538,-0.101,2.207,9.922,63.05,-2.28,-9.79,-0.285,1.927,-9.77,-177.16,12.56,23.35,-0.083,4.407,-9.33,-5.63,8.724,-9.321,-5.511,4.282,5.63,0.263,-0.0,0.219,0.044,0.144,-8.724,-0.961,0.0,3.092,-4.053,-0.731,1.471,3.052,4.139,3.755
45.3538,-0.101,2.207,9.922,63.05,-2.28,-9.79,-0.285,1.927,-9.77,-177.16,12.56,23.35,-0.083,4.407,-9.33,-5.63,8.724,-9.321,-5.511,4.282,5.63,0.263,-0.0,0.219,0.044,0.144,-8.724,-0.961,0.0,3.092,-4.053,-0.731,1.471,3.052,4.139,3.755
45.3820,-0.124,2.258,9.567,54.41,-3.62,-8.59,0.375,-1.346,-11.851,-55.45,45.18,14.45,-0.096,5.84,-9.501,-4.542,10.243,-9.492,-4.406,4.371,4.542,0.225,-0.0,0.789,-0.564,0.083,-10.243,-1.028,0.0,0.968,-1.996,-0.485,1.606,3.062,4.139,3.755
45.4378,-0.22,3.962,10.13,27.2,-1.35,-4.04,-0.468,1.823,-9.846,133.96,-23.56,3.22,-0.078,8.332,-9.768,-3.996,5.606,-9.542,-3.83,-2.735,3.996,0.206,-0.0,-0.411,0.617,0.201,-5.606,-0.826,0.0,-2.338,1.512,-0.064,1.676,2.194,4.139,3.755
45.4378,-0.22,3.962,10.13,27.2,-1.35,-4.04,-0.468,1.823,-9.846,133.96,-23.56,3.22,-0.078,8.332,-9.768,-3.996,5.606,-9.542,-3.83,-2.735,3.996,0.206,-0.0,-0.411,0.617,0.201,-5.606,-0.826,0.0,-2.338,1.512,-0.064,1.676,2.194,4.139,3.755
45.4970,0.362,3.594,10.183,-19.64,-1.03,4.9,-0.335,2.424,-8.921,36.37,-5.18,-9.39,-0.23,9.149,-9.721,-4.217,2.698,-9.513,-3.89,-6.45,4.217,0.214,-0.0,-0.09,0.304,0.17,-2.698,-0.7,-0.0,-0.635,-0.065,-0.252,1.669,1.74,4.139,3.755
45.4970,0.362,3.594,10.183,-19.64,-1.03,4.9,-0.335,2.424,-8.921,36.37,-5.18,-9.39,-0.23,9.149,-9.721,-4.217,2.698,-9.513,-3.89,-6.45,4.217,0.214,-0.0,-0.09,0.304,0.17,-2.698,-0.7,-0.0,-0.635,-0.065,-0.252,1.669,1.74,4.139,3.755
45.5255,0.268,3.168,10.379,-40.44,1.04,9.77,-0.375,3.559,-8.527,-94.59,-10.09,-4.49,-0.299,8.774,-9.55,-4.371,4.582,-9.496,-4.002,-4.199,4.371,0.219,0.0,-0.176,0.395,0.179,-4.582,-0.783,-0.0,1.651,-2.433,-0.537,1.656,2.015,4.139,3.755
45.5825,-0.036,2.105,10.254,-66.9,4.78,16.65,1.618,-1.568,-13.858,-179.58,45.36,-9.19,-0.204,6.86,-8.931,-3.338,13.578,-9.206,-3.135,6.684,3.338,0.183,0.0,0.792,-0.609,0.078,-13.578,-1.176,-0.0,3.134,-4.311,-0.764,1.761,3.345,4.139,3.755
45.5825,-0.036,2.105,10.254,-66.9,4.78,16.65,1.618,-1.568,-13.858,-179.58,45.36,-9.19,-0.204,6.86,-8.931,-3.338,13.578,-9.206,-3.135,6.684,3.338,0.183,0.0,0.792,-0.609,0.078,-13.578,-1.176,-0.0,3.134,-4.311,-0.764,1.761,3.345,4.139,3.755
45.6176,0.022,1.865,10.142,-78.43,6.58,17.89,-3.178,-0.717,-10.416,80.25,35.86,-25.62,-0.156,5.505,-8.579,-2.805,12.135,-8.564,-2.626,6.602,2.805,0.164,0.0,0.626,-0.461,0.093,-12.135,-1.114,-0.0,-1.401,0.286,-0.213,1.824,3.335,4.139,3.755
45.6726,-0.565,1.037,9.606,-95.37,16.41,13.6,-0.46,3.366,-8.384,66.27,-49.92,-11.21,0.442,2.235,-7.894,-4.289,8.606,-7.92,-4.713,6.342,4.289,0.216,0.0,-0.871,1.087,0.248,-8.606,-0.962,-0.0,-1.157,0.195,-0.223,1.569,3.303,4.139,3.755
45.6726,-0.565,1.037,9.606,-95.37,16.41,13.6,-0.46,3.366,-8.384,66.27,-49.92,-11.21,0.442,2.235,-7.894,-4.289,8.606,-7.92,-4.713,6.342,4.289,0.216,0.0,-0.871,1.087,0.248,-8.606,-0.962,-0.0,-1.157,0.195,-0.223,1.569,3.303,4.139,3.755
45.7315,-0.737,-0.673,9.364,-97.6,11.66,5.92,0.259,3.788,-9.434,-209.0,1.85,-6.6,1.372,-1.695,-7.552,-4.555,14.691,-7.587,-5.903,16.341,4.555,0.226,0.0,0.032,0.193,0.159,-14.691,-1.229,-0.0,3.648,-4.877,-0.833,1.423,4.525,4.139,3.755
45.7315,-0.737,-0.673,9.364,-97.6,11.66,5.92,0.259,3.788,-9.434,-209.0,1.85,-6.6,1.372,-1.695,-7.552,-4.555,14.691,-7.587,-5.903,16.341,4.555,0.226,0.0,0.032,0.193,0.159,-14.691,-1.229,-0.0,3.648,-4.877,-0.833,1.423,4.525,4.139,3.755
45.7595,-0.259,-1.654,8.875,-91.79,6.33,1.65,-0.553,-0.684,-11.247,-60.02,15.47,2.32,1.551,-3.855,-7.512,-4.083,16.233,-7.499,-5.603,20.04,4.083,0.209,0.0,0.27,-0.061,0.134,-16.233,-1.297,-0.0,1.048,-2.345,-0.53,1.46,4.977,4.139,3.755
45.8154,0.053,-2.375,9.254,-81.23,6.14,4.58,0.048,4.219,-9.052,58.67,-21.47,-9.71,1.726,-7.653,-7.399,-4.755,14.197,-7.133,-6.437,21.82,4.755,0.233,0.0,-0.375,0.607,0.201,-14.197,-1.211,-0.0,-1.024,-0.187,-0.271,1.358,5.194,4.139,3.755
45.8154,0.053,-2.375,9.254,-81.23,6.14,4.58,0.048,4.219,-9.052,58.67,-21.47,-9.71,1.726,-7.653,-7.399,-4.755,14.197,-7.133,-6.437,21.82,4.755,0.233,0.0,-0.375,0.607,0.201,-14.197,-1.211,-0.0,-1.024,-0.187,-0.271,1.358,5.194,4.139,3.755
45.8727,0.105,-2.959,9.005,-69.83,11.13,4.42,-0.312,3.395,-8.192,-35.27,-13.9,-7.78,1.752,-9.488,-7.352,-4.967,14.005,-7.163,-6.635,23.476,4.967,0.24,0.0,-0.265,0.505,0.19,-14.005,-1.203,-0.0,-0.376,-0.827,-0.348,1.334,5.397,4.139,3.755
45.9079,-0.132,-3.938,9.12,-62.77,12.57,5.71,-0.345,3.213,-9.348,-46.79,-13.28,-8.44,2.076,-12.902,-7.274,-5.344,15.928,-6.985,-7.271,28.835,5.165,0.247,0.0,-0.243,0.49,0.189,-14.783,-1.238,-0.0,0.616,-1.854,-0.472,1.299,5.704,4.139,3.755
45.9079,-0.132,-3.938,9.12,-62.77,12.57,5.71,-0.345,3.213,-9.348,-46.79,-13.28,-8.44,2.076,-12.902,-7.274,-5.344,15.928,-6.985,-7.271,28.835,5.344,0.253,0.0,-0.232,0.485,0.189,-15.928,-1.289,-0.0,0.817,-2.106,-0.502,1.256,6.051,4.139,3.755
45.9641,-0.606,-5.437,9.629,-25.28,4.53,3.52,-0.655,3.31,-9.82,33.93,-8.92,-7.33,2.465,-15.637,-7.21,-5.691,15.758,-6.742,-7.95,31.434,5.691,0.265,0.0,-0.156,0.421,0.182,-15.758,-1.284,-0.0,-0.592,-0.692,-0.333,1.173,0.086,4.139,3.755
45.9641,-0.606,-5.437,9.629,-25.28,4.53,3.52,-0.655,3.31,-9.82,33.93,-8.92,-7.33,2.465,-15.637,-7.21,-5.691,15.758,-6.742,-7.95,31.434,5.691,0.265,0.0,-0.156,0.421,0.182,-15.758,-1.284,-0.0,-0.592,-0.692,-0.333,1.173,0.086,4.139,3.755
45.9918,-0.74,-5.823,9.802,1.17,-3.68,-0.91,-0.524,4.049,-10.124,45.46,-13.87,-1.3,2.489,-16.315,-7.221,-5.871,15.093,-6.702,-8.138,31.458,5.871,0.272,-0.0,-0.242,0.514,0.192,-15.093,-1.256,0.0,-0.793,-0.463,-0.306,1.15,0.089,4.139,3.755
46.0466,-0.426,-5.246,9.55,55.24,-14.8,-6.31,-0.667,3.203,-9.81,30.3,10.82,5.18,1.993,-15.962,-7.323,-5.616,14.171,-6.793,-7.434,30.16,5.875,0.272,-0.0,-0.083,0.355,0.176,-14.595,-1.235,0.0,-0.63,-0.605,-0.323,1.173,0.041,4.139,3.755
46.0466,-0.426,-5.246,9.55,55.24,-14.8,-6.31,-0.667,3.203,-9.81,30.3,10.82,5.18,1.993,-15.962,-7.323,-5.616,14.171,-6.793,-7.434,30.16,5.616,0.263,-0.0,0.189,0.074,0.148,-14.171,-1.218,0.0,-0.529,-0.689,-0.333,1.236,6.213,4.139,3.755
46.0835,-0.304,-4.331,9.38,77.44,-14.7,-6.81,-0.977,2.659,-9.432,46.52,19.85,7.44,1.671,-14.915,-7.385,-5.236,13.424,-6.79,-6.803,28.339,5.236,0.25,-0.0,0.346,-0.097,0.131,-13.424,-1.186,0.0,-0.812,-0.374,-0.295,1.313,5.991,4.139,3.755
46.1383,-0.481,-2.248,9.105,107.87,-12.42,-5.2,-0.662,2.144,-9.015,44.0,11.23,7.58,1.162,-11.354,-7.534,-4.688,11.481,-6.908,-5.839,22.807,4.688,0.23,-0.0,0.196,0.034,0.144,-11.481,-1.103,0.0,-0.768,-0.335,-0.291,1.431,5.315,4.139,3.755
46.1383,-0.481,-2.248,9.105,107.87,-12.42,-5.2,-0.662,2.144,-9.015,44.0,11.23,7.58,1.162,-11.354,-7.534,-4.688,11.481,-6.908,-5.839,22.807,4.688,0.23,-0.0,0.196,0.034,0.144,-11.481,-1.103,0.0,-0.768,-0.335,-0.291,1.431,5.315,4.139,3.755
46.1934,-0.484,-0.251,9.131,116.72,-9.96,-4.84,-1.131,1.915,-8.944,5.5,11.51,9.62,0.791,-6.557,-7.634,-4.063,10.884,-7.021,-4.876,17.399,4.063,0.209,-0.0,0.201,0.008,0.141,-10.884,-1.079,0.0,-0.096,-0.983,-0.369,1.549,4.654,4.139,3.755
46.1934,-0.484,-0.251,9.131,116.72,-9.96,-4.84,-1.131,1.915,-8.944,5.5,11.51,9.62,0.791,-6.557,-7.634,-4.063,10.884,-7.021,-4.876,17.399,4.063,0.209,-0.0,0.201,0.008,0.141,-10.884,-1.079,0.0,-0.096,-0.983,-0.369,1.549,4.654,4.139,3.755
46.2497,-0.606,1.539,8.78,100.44,-14.51,-6.13,-0.833,1.141,-9.316,-5.19,17.85,8.83,0.639,-1.424,-7.818,-3.472,10.796,-7.335,-4.108,12.178,3.472,0.188,-0.0,0.311,-0.123,0.128,-10.796,-1.076,0.0,0.091,-1.167,-0.391,1.643,4.016,4.139,3.755
46.2497,-0.606,1.539,8.78,100.44,-14.51,-6.13,-0.833,1.141,-9.316,-5.19,17.85,8.83,0.639,-1.424,-7.818,-3.472,10.796,-7.335,-4.108,12.178,3.472,0.188,-0.0,0.311,-0.123,0.128,-10.796,-1.076,0.0,0.091,-1.167,-0.391,1.643,4.016,4.139,3.755
46.2785,-0.797,1.872,9.663,88.11,-20.72,-6.23,-0.736,1.332,-9.741,15.94,14.73,13.03,0.485,0.813,-7.927,-3.184,10.503,-7.501,-3.65,9.652,3.184,0.178,-0.0,0.257,-0.079,0.132,-10.503,-1.064,0.0,-0.278,-0.786,-0.346,1.698,3.708,4.139,3.755
46.3366,-1.264,2.519,10.47,56.61,-28.26,-4.15,-0.391,1.268,-9.527,43.53,18.42,10.54,-0.295,4.464,-8.208,-2.451,8.671,-7.959,-2.123,4.191,2.451,0.152,-0.0,0.321,-0.169,0.123,-8.671,-0.986,0.0,-0.76,-0.226,-0.279,1.885,3.041,4.139,3.755
46.3366,-1.264,2.519,10.47,56.61,-28.26,-4.15,-0.391,1.268,-9.527,43.53,18.42,10.54,-0.295,4.464,-8.208,-2.451,8.671,-7.959,-2.123,4.191,2.451,0.152,-0.0,0.321,-0.169,0.123,-8.671,-0.986,0.0,-0.76,-0.226,-0.279,1.885,3.041,4.139,3.755
46.3723,0.429,2.902,10.587,37.78,-28.9,-7.95,-0.025,2.441,-9.301,28.9,16.86,12.95,-0.98,5.726,-8.409,-1.989,8.19,-8.144,-0.974,2.46,1.989,0.136,-0.0,0.294,-0.158,0.125,-8.19,-0.965,0.0,-0.504,-0.461,-0.307,2.025,2.829,4.139,3.755
46.4278,1.609,2.942,10.769,-1.99,-14.93,4.03,0.742,1.85,-9.804,-64.22,-29.11,2.09,-2.425,7.074,-8.63,-2.489,9.375,-8.786,-0.083,2.286,2.489,0.154,-0.0,-0.508,0.662,0.207,-9.375,-1.018,-0.0,1.121,-2.139,-0.509,2.102,2.732,4.139,3.755
46.4278,1.609,2.942,10.769,-1.99,-14.93,4.03,0.742,1.85,-9.804,-64.22,-29.11,2.09,-2.425,7.074,-8.63,-2.489,9.375,-8.786,-0.083,2.286,2.489,0.154,-0.0,-0.508,0.662,0.207,-9.375,-1.018,-0.0,1.121,-2.139,-0.509,2.134,2.808,4.139,3.755
46.4849,1.595,2.533,10.59,-43.76,0.29,19.25,-0.114,0.613,-10.415,-28.0,3.91,-14.09,-3.303,6.503,-8.173,-2.097,11.432,-8.593,1.146,4.887,2.097,0.14,0.0,0.068,0.072,0.148,-11.432,-1.109,-0.0,0.489,-1.598,-0.445,2.284,3.126,4.139,3.755
46.4849,1.595,2.533,10.59,-43.76,0.29,19.25,-0.114,0.613,-10.415,-28.0,3.91,-14.09,-3.303,6.503,-8.173,-2.097,11.432,-8.593,1.146,4.887,2.097,0.14,0.0,0.068,0.072,0.148,-11.432,-1.109,-0.0,0.489,-1.598,-0.445,2.284,3.126,4.139,3.755
46.5124,1.312,2.423,10.18,-60.38,7.15,23.58,-0.194,1.786,-9.796,-0.12,-3.02,-30.95,-3.422,5.637,-7.726,-2.234,11.367,-8.007,1.151,5.693,2.234,0.145,0.0,-0.053,0.198,0.16,-11.367,-1.107,-0.0,0.002,-1.109,-0.387,2.285,3.224,4.139,3.755
46.5689,0.675,0.903,9.967,-81.57,16.59,24.43,-0.855,2.806,-9.002,-46.02,-10.28,-25.77,-3.103,2.808,-6.763,-2.786,12.352,-7.036,0.302,9.498,2.786,0.164,0.0,-0.179,0.344,0.175,-12.352,-1.152,-0.0,0.803,-1.955,-0.489,2.181,3.689,4.139,3.755
46.5689,0.675,0.903,9.967,-81.57,16.59,24.43,-0.855,2.806,-9.002,-46.02,-10.28,-25.77,-3.103,2.808,-6.763,-2.786,12.352,-7.036,0.302,9.498,2.786,0.164,0.0,-0.179,0.344,0.175,-12.352,-1.152,-0.0,0.803,-1.955,-0.489,2.181,3.689,4.139,3.755
46.6046,0.836,0.63,9.792,-86.33,19.57,25.64,-0.176,2.433,-9.542,-78.26,-13.57,-23.45,-2.795,1.147,-6.246,-3.149,13.921,-6.629,-0.36,12.712,3.149,0.177,0.0,-0.237,0.414,0.182,-13.921,-1.221,-0.0,1.366,-2.587,-0.565,2.1,4.082,4.139,3.755
46.6592,0.283,-0.924,9.625,-92.12,28.67,25.6,-1.306,2.638,-9.38,-0.71,-16.73,-34.85,-1.822,-2.753,-5.235,-3.984,15.032,-5.481,-2.14,17.72,3.984,0.206,0.0,-0.292,0.498,0.191,-15.032,-1.272,-0.0,0.012,-1.284,-0.409,1.883,4.693,4.139,3.755
46.6592,0.283,-0.924,9.625,-92.12,28.67,25.6,-1.306,2.638,-9.38,-0.71,-16.73,-34.85,-1.822,-2.753,-5.235,-3.984,15.032,-5.481,-2.14,17.72,3.984,0.206,0.0,-0.292,0.498,0.191,-15.032,-1.272,-0.0,0.012,-1.284,-0.409,1.883,4.693,4.139,3.755
46.7182,-0.211,-2.298,9.237,-84.52,25.1,25.36,-0.901,2.851,-8.823,-6.61,-14.78,-31.85,-0.462,-6.77,-4.334,-5.075,14.983,-4.496,-4.546,21.702,5.075,0.244,0.0,-0.258,0.502,0.191,-14.983,-1.272,-0.0,0.115,-1.387,-0.422,1.589,5.18,4.139,3.755
46.7182,-0.211,-2.298,9.237,-84.52,25.1,25.36,-0.901,2.851,-8.823,-6.61,-14.78,-31.85,-0.462,-6.77,-4.334,-5.075,14.983,-4.496,-4.546,21.702,5.075,0.244,0.0,-0.258,0.502,0.191,-14.983,-1.272,-0.0,0.115,-1.387,-0.422,1.589,5.18,4.139,3.755
46.7458,-0.397,-2.358,9.227,-76.72,20.57,22.94,-0.839,3.451,-9.048,-18.49,-16.95,-26.35,0.133,-8.612,-3.921,-5.568,15.485,-4.025,-5.601,24.061,5.568,0.261,0.0,-0.296,0.557,0.197,-15.485,-1.295,-0.0,0.323,-1.618,-0.45,1.46,5.468,4.139,3.755
46.8094,-0.939,-3.941,8.813,-60.13,15.06,10.73,-1.457,2.904,-8.729,-1.77,-3.5,-16.91,1.193,-12.075,-3.457,-5.984,15.971,-3.365,-7.011,28.048,5.984,0.276,0.0,-0.061,0.337,0.175,-15.971,-1.318,-0.0,0.031,-1.349,-0.418,1.288,5.955,4.139,3.755
46.8094,-0.939,-3.941,8.813,-60.13,15.06,10.73,-1.457,2.904,-8.729,-1.77,-3.5,-16.91,1.193,-12.075,-3.457,-5.984,15.971,-3.365,-7.011,28.048,5.984,0.276,0.0,-0.061,0.337,0.175,-15.971,-1.318,-0.0,0.031,-1.349,-0.418,1.288,5.955,4.139,3.755
46.8666,-0.632,-5.38,9.558,-16.87,-3.56,0.74,-0.843,3.305,-9.741,29.83,-14.54,-0.31,1.595,-14.659,-3.385,-6.517,15.463,-3.185,-7.868,30.165,6.517,0.295,-0.0,-0.254,0.548,0.196,-15.463,-1.298,-0.0,-0.521,-0.778,-0.35,1.183,6.214,4.139,3.755
46.8666,-0.632,-5.38,9.558,-16.87,-3.56,0.74,-0.843,3.305,-9.741,29.83,-14.54,-0.31,1.595,-14.659,-3.385,-6.517,15.463,-3.185,-7.868,30.165,6.517,0.295,-0.0,-0.254,0.548,0.196,-15.463,-1.298,-0.0,-0.521,-0.778,-0.35,1.183,6.214,4.139,3.755
46.8948,0.045,-5.349,9.728,10.08,-12.06,-1.74,-0.254,3.427,-9.728,22.36,-4.49,-3.03,1.354,-15.146,-3.364,-6.535,15.104,-3.123,-7.649,30.29,6.535,0.295,-0.0,-0.078,0.374,0.179,-15.104,-1.284,0.0,-0.39,-0.893,-0.364,1.21,6.229,4.139,3.755
46.9498,0.795,-4.501,9.888,60.82,-14.96,-10.5,-0.481,2.71,-9.753,42.29,11.49,8.77,0.356,-14.375,-3.478,-5.929,14.114,-3.136,-6.15,28.482,5.929,0.274,-0.0,0.201,0.074,0.149,-14.114,-1.243,0.0,-0.738,-0.504,-0.318,1.393,6.008,4.139,3.755
46.9498,0.795,-4.501,9.888,60.82,-14.96,-10.5,-0.481,2.71,-9.753,42.29,11.49,8.77,0.356,-14.375,-3.478,-5.929,14.114,-3.136,-6.15,28.482,5.929,0.274,-0.0,0.201,0.074,0.149,-14.114,-1.243,0.0,-0.738,-0.504,-0.318,1.393,6.008,4.139,3.755
47.0084,0.833,-2.239,9.515,89.58,-1.55,-16.31,-0.644,2.286,-8.839,40.71,10.73,13.8,-0.448,-11.429,-3.969,-5.188,12.342,-3.432,-4.735,23.738,5.188,0.248,-0.0,0.187,0.061,0.148,-12.342,-1.167,0.0,-0.71,-0.457,-0.312,1.566,5.429,4.139,3.755
47.0084,0.833,-2.239,9.515,89.58,-1.55,-16.31,-0.644,2.286,-8.839,40.71,10.73,13.8,-0.448,-11.429,-3.969,-5.188,12.342,-3.432,-4.735,23.738,5.188,0.248,-0.0,0.187,0.061,0.148,-12.342,-1.167,0.0,-0.71,-0.457,-0.312,1.566,5.429,4.139,3.755
47.0370,0.201,-1.195,9.361,93.39,5.96,-17.64,-0.769,2.205,-8.882,18.96,4.46,19.85,-0.508,-9.485,-4.328,-4.986,11.97,-3.755,-4.496,21.419,4.986,0.241,0.0,0.078,0.164,0.158,-11.97,-1.152,0.0,-0.331,-0.821,-0.356,1.595,5.145,4.139,3.755
47.0933,-0.68,0.39,10.673,80.35,6.68,-23.39,-0.967,1.938,-9.737,-8.59,2.65,22.4,-0.203,-5.46,-5.18,-4.632,12.091,-4.564,-4.453,17.512,4.632,0.229,0.0,0.046,0.183,0.16,-12.091,-1.159,0.0,0.15,-1.309,-0.415,1.6,4.668,4.139,3.755
47.0933,-0.68,0.39,10.673,80.35,6.68,-23.39,-0.967,1.938,-9.737,-8.59,2.65,22.4,-0.203,-5.46,-5.18,-4.632,12.091,-4.564,-4.453,17.512,4.632,0.229,0.0,0.046,0.183,0.16,-12.091,-1.159,0.0,0.15,-1.309,-0.415,1.6,4.668,4.139,3.755
47.1523,-0.285,0.555,10.362,64.28,3.77,-34.67,-1.047,1.028,-9.675,12.53,6.08,36.7,0.241,-2.082,-6.448,-4.178,11.663,-5.906,-4.421,13.703,4.178,0.213,0.0,0.106,0.107,0.153,-11.663,-1.142,0.0,-0.219,-0.923,-0.369,1.572,4.445,4.139,3.755
47.1523,-0.285,0.555,10.362,64.28,3.77,-34.67,-1.047,1.028,-9.675,12.53,6.08,36.7,0.241,-2.082,-6.448,-4.178,11.663,-5.906,-4.421,13.703,4.178,0.213,0.0,0.106,0.107,0.153,-11.663,-1.142,0.0,-0.219,-0.923,-0.369,1.604,4.203,4.139,3.755
47.1824,-0.247,0.663,10.257,61.1,6.01,-32.84,-1.085,1.835,-10.032,8.42,-0.47,26.54,0.379,-0.665,-7.12,-4.184,11.416,-6.45,-4.554,12.038,4.184,0.213,0.0,-0.008,0.222,0.164,-11.416,-1.132,0.0,-0.147,-0.985,-0.377,1.588,3.999,4.139,3.755
47.2382,-1.07,1.561,10.161,52.56,4.75,-22.62,-1.45,1.111,-9.841,22.56,10.71,20.89,0.846,2.005,-8.21,-3.808,10.486,-7.528,-4.611,8.436,3.808,0.2,0.0,0.187,0.013,0.143,-10.486,-1.093,0.0,-0.394,-0.699,-0.343,1.581,3.559,4.139,3.755
47.2382,-1.07,1.561,10.161,52.56,4.75,-22.62,-1.45,1.111,-9.841,22.56,10.71,20.89,0.846,2.005,-8.21,-3.808,10.486,-7.528,-4.611,8.436,3.808,0.2,0.0,0.187,0.013,0.143,-10.486,-1.093,0.0,-0.394,-0.699,-0.343,1.581,3.559,4.139,3.755
47.2998,-0.812,2.899,10.484,23.73,-6.33,-5.28,-0.977,1.5,-10.148,-6.55,5.48,8.94,1.1,4.275,-8.69,-3.779,10.205,-8.064,-4.802,5.883,3.779,0.199,-0.0,0.096,0.104,0.152,-10.205,-1.082,0.0,0.114,-1.196,-0.403,1.558,3.247,4.139,3.755
47.2998,-0.812,2.899,10.484,23.73,-6.33,-5.28,-0.977,1.5,-10.148,-6.55,5.48,8.94,1.1,4.275,-8.69,-3.779,10.205,-8.064,-4.802,5.883,3.779,0.199,-0.0,0.096,0.104,0.152,-10.205,-1.082,0.0,0.114,-1.196,-0.403,1.558,3.247,4.139,3.755
47.3312,-0.45,3.225,10.472,-1.9,-9.71,6.54,-0.91,1.419,-10.186,-25.86,4.1,-4.25,0.986,4.851,-8.618,-3.759,10.53,-8.056,-4.664,5.634,3.759,0.199,-0.0,0.072,0.127,0.155,-10.53,-1.097,-0.0,0.451,-1.548,-0.446,1.575,3.217,4.139,3.755
47.3868,0.314,2.586,10.183,-56.68,-3.7,24.0,-0.697,1.762,-9.621,-41.05,7.37,-22.4,0.519,4.248,-7.889,-3.466,11.829,-7.418,-3.926,7.541,3.466,0.188,-0.0,0.129,0.06,0.148,-11.829,-1.155,-0.0,0.716,-1.871,-0.485,1.665,3.45,4.139,3.755
47.3868,0.314,2.586,10.183,-56.68,-3.7,24.0,-0.697,1.762,-9.621,-41.05,7.37,-22.4,0.519,4.248,-7.889,-3.466,11.829,-7.418,-3.926,7.541,3.466,0.188,-0.0,0.129,0.06,0.148,-11.829,-1.155,-0.0,0.716,-1.871,-0.485,1.665,3.45,4.139,3.755
47.4144,0.218,1.856,9.917,-76.47,1.76,27.96,-0.537,2.034,-9.542,-50.28,2.65,-28.36,0.419,3.107,-7.343,-3.522,12.745,-6.904,-3.898,9.595,3.522,0.19,0.0,0.046,0.144,0.157,-12.745,-1.196,-0.0,0.878,-2.073,-0.51,1.668,3.701,4.139,3.755
47.4683,-0.345,0.804,9.359,-101.02,14.22,27.48,-1.344,1.978,-9.141,-40.48,-5.77,-31.56,0.754,-0.202,-6.197,-3.932,14.377,-5.753,-4.671,14.525,3.932,0.205,0.0,-0.101,0.305,0.173,-14.377,-1.269,-0.0,0.707,-1.975,-0.499,1.574,4.303,4.139,3.755
47.4683,-0.345,0.804,9.359,-101.02,14.22,27.48,-1.344,1.978,-9.141,-40.48,-5.77,-31.56,0.754,-0.202,-6.197,-3.932,14.377,-5.753,-4.671,14.525,3.932,0.205,0.0,-0.101,0.305,0.173,-14.377,-1.269,-0.0,0.707,-1.975,-0.499,1.574,4.303,4.139,3.755
47.5279,-1.757,-0.96,8.66,-114.79,5.59,16.62,-1.167,2.741,-8.97,-24.13,-1.22,-19.45,1.798,-4.633,-5.384,-4.447,15.622,-4.832,-6.247,20.199,4.447,0.223,0.0,-0.021,0.244,0.167,-15.622,-1.325,-0.0,0.421,-1.746,-0.472,1.381,4.996,4.139,3.755
47.5279,-1.757,-0.96,8.66,-114.79,5.59,16.62,-1.167,2.741,-8.97,-24.13,-1.22,-19.45,1.798,-4.633,-5.384,-4.447,15.622,-4.832,-6.247,20.199,4.447,0.223,0.0,-0.021,0.244,0.167,-15.622,-1.325,-0.0,0.421,-1.746,-0.472,1.381,4.996,4.139,3.755
47.5877,-1.99,-2.715,8.547,-105.41,-23.93,12.47,-1.579,2.462,-9.179,-19.48,9.33,-13.69,2.275,-9.61,-4.872,-4.804,16.246,-4.26,-7.057,25.822,4.804,0.235,-0.0,0.163,0.072,0.15,-16.246,-1.355,-0.0,0.34,-1.695,-0.466,1.307,5.341,4.139,3.755
47.5877,-1.99,-2.715,8.547,-105.41,-23.93,12.47,-1.579,2.462,-9.179,-19.48,9.33,-13.69,2.275,-9.61,-4.872,-4.804,16.246,-4.26,-7.057,25.822,4.804,0.235,-0.0,0.163,0.072,0.15,-16.246,-1.355,-0.0,0.34,-1.695,-0.466,1.282,5.683,4.139,3.755
47.6425,0.733,-4.456,8.863,-86.1,-40.04,18.11,-1.077,3.135,-8.752,-0.07,8.71,-21.91,1.221,-14.116,-3.957,-4.802,16.676,-3.292,-5.981,30.76,4.802,0.235,-0.0,0.152,0.083,0.151,-16.676,-1.376,-0.0,0.001,-1.377,-0.429,1.332,6.003,4.139,3.755
47.6715,1.712,-5.329,8.894,-73.23,-32.76,16.43,-0.669,3.632,-9.066,13.81,-14.99,-22.55,0.182,-16.27,-3.454,-5.085,16.581,-2.901,-5.192,32.817,5.085,0.245,-0.0,-0.262,0.507,0.193,-16.581,-1.373,-0.0,-0.241,-1.132,-0.4,1.51,0.255,4.139,3.755
47.6715,1.712,-5.329,8.894,-73.23,-32.76,16.43,-0.669,3.632,-9.066,13.81,-14.99,-22.55,0.182,-16.27,-3.454,-5.085,16.581,-2.901,-5.192,32.817,5.085,0.245,-0.0,-0.262,0.507,0.193,-16.581,-1.373,-0.0,-0.241,-1.132,-0.4,1.51,0.255,4.139,3.755
47.7300,1.573,-7.482,10.108,-16.7,-19.11,-3.17,0.473,4.39,-10.819,6.09,-26.95,0.27,-1.193,-19.218,-2.941,-5.695,16.77,-2.74,-4.3,35.941,5.695,0.266,-0.0,-0.47,0.737,0.216,-16.77,-1.383,-0.0,-0.106,-1.277,-0.418,1.619,0.636,4.139,3.755
47.7300,1.573,-7.482,10.108,-16.7,-19.11,-3.17,0.473,4.39,-10.819,6.09,-26.95,0.27,-1.193,-19.218,-2.941,-5.695,16.77,-2.74,-4.3,35.941,5.695,0.266,-0.0,-0.47,0.737,0.216,-16.77,-1.383,-0.0,-0.106,-1.277,-0.418,1.619,0.636,4.139,3.755
47.7927,1.877,-6.735,9.285,56.21,-13.42,-21.94,0.184,3.566,-9.705,50.64,10.94,13.22,-2.578,-19.312,-3.313,-4.895,15.797,-3.12,-2.242,35.028,4.895,0.238,-0.0,0.191,0.048,0.148,-15.797,-1.343,0.0,-0.884,-0.459,-0.32,1.871,0.525,4.139,3.755
47.7927,1.877,-6.735,9.285,56.21,-13.42,-21.94,0.184,3.566,-9.705,50.64,10.94,13.22,-2.578,-19.312,-3.313,-4.895,15.797,-3.12,-2.242,35.028,4.895,0.238,-0.0,0.191,0.048,0.148,-15.797,-1.343,0.0,-0.884,-0.459,-0.32,1.871,0.525,4.139,3.755
47.8455,1.405,-4.286,8.842,101.06,4.72,-26.45,-0.521,2.82,-8.553,70.36,5.88,20.15,-3.505,-16.678,-4.211,-4.083,13.428,-3.73,-0.689,30.043,4.355,0.22,-0.0,0.295,-0.075,0.135,-14.656,-1.295,0.0,-1.252,-0.043,-0.27,1.996,0.259,4.139,3.755
47.8815,1.077,-3.426,8.619,110.41,12.24,-26.17,-0.617,2.668,-8.649,58.79,4.32,21.55,-3.581,-14.723,-4.761,-3.86,12.389,-4.143,-0.426,27.065,3.86,0.202,0.0,0.075,0.127,0.156,-12.389,-1.197,0.0,-1.026,-0.171,-0.285,2.092,5.835,4.139,3.755
47.8815,1.077,-3.426,8.619,110.41,12.24,-26.17,-0.617,2.668,-8.649,58.79,4.32,21.55,-3.581,-14.723,-4.761,-3.86,12.389,-4.143,-0.426,27.065,3.86,0.202,0.0,0.075,0.127,0.156,-12.389,-1.197,0.0,-1.026,-0.171,-0.285,2.092,5.835,4.139,3.755
47.9400,-0.251,-1.494,9.096,123.72,21.03,-20.86,-1.171,2.158,-8.698,30.84,-9.31,22.73,-3.009,-10.221,-5.813,-3.928,11.071,-5.088,-1.03,21.262,3.794,0.2,0.0,0.009,0.191,0.162,-11.608,-1.164,0.0,-0.82,-0.344,-0.306,2.082,5.486,4.139,3.755
47.9681,-0.476,0.426,8.964,116.98,16.87,-19.52,-0.985,1.159,-8.429,0.34,2.6,26.57,-2.487,-7.395,-6.28,-3.974,10.867,-5.635,-1.553,18.233,3.974,0.206,0.0,0.045,0.161,0.159,-10.867,-1.133,0.0,-0.006,-1.127,-0.401,1.955,4.756,4.139,3.755
47.9906,-0.776,0.778,9.184,102.11,11.02,-16.61,-0.912,1.365,-9.177,-31.96,-0.5,16.22,-1.988,-4.872,-6.662,-3.977,11.29,-5.99,-2.033,16.135,3.974,0.206,0.0,0.045,0.161,0.159,-10.867,-1.133,0.0,-0.006,-1.127,-0.401,1.955,4.756,4.139,3.755
48.0269,-0.939,2.229,9.512,86.95,0.39,-17.1,-1.031,1.081,-10.059,-22.53,12.72,26.8,-1.65,-2.448,-7.01,-3.735,11.709,-6.409,-2.101,14.129,3.735,0.198,0.0,0.222,-0.024,0.141,-11.709,-1.172,0.0,0.393,-1.565,-0.454,1.896,4.5,4.139,3.755
48.0269,-0.939,2.229,9.512,86.95,0.39,-17.1,-1.031,1.081,-10.059,-22.53,12.72,26.8,-1.65,-2.448,-7.01,-3.735,11.709,-6.409,-2.101,14.129,3.735,0.198,0.0,0.222,-0.024,0.141,-11.709,-1.172,0.0,0.393,-1.565,-0.454,1.888,4.255,4.139,3.755
48.0841,0.271,2.801,10.168,42.76,-12.02,-17.02,-0.543,1.404,-10.269,22.66,6.85,13.69,-1.845,1.172,-7.757,-3.384,10.886,-7.114,-1.521,9.702,3.384,0.186,-0.0,0.12,0.066,0.15,-10.886,-1.137,0.0,-0.396,-0.742,-0.355,1.959,3.714,4.139,3.755
48.0841,0.271,2.801,10.168,42.76,-12.02,-17.02,-0.543,1.404,-10.269,22.66,6.85,13.69,-1.845,1.172,-7.757,-3.384,10.886,-7.114,-1.521,9.702,3.384,0.186,-0.0,0.12,0.066,0.15,-10.886,-1.137,0.0,-0.396,-0.742,-0.355,1.959,3.714,4.139,3.755
48.1136,0.991,3.057,10.276,18.56,-12.28,-15.76,-0.457,1.422,-9.419,28.77,-1.64,19.73,-2.201,2.253,-8.101,-3.337,10.243,-7.522,-1.109,7.985,3.337,0.184,-0.0,-0.029,0.213,0.164,-10.243,-1.11,0.0,-0.502,-0.608,-0.339,2.009,3.504,4.139,3.755
48.1715,1.607,3.237,10.8,-33.68,0.2,-0.41,0.267,1.664,-9.946,-69.69,-1.9,7.42,-2.78,2.797,-8.377,-3.252,11.512,-7.992,-0.451,8.703,3.252,0.181,0.0,-0.033,0.215,0.165,-11.512,-1.167,-0.0,1.216,-2.383,-0.553,2.089,3.592,4.139,3.755
48.1715,1.607,3.237,10.8,-33.68,0.2,-0.41,0.267,1.664,-9.946,-69.69,-1.9,7.42,-2.78,2.797,-8.377,-3.252,11.512,-7.992,-0.451,8.703,3.252,0.181,0.0,-0.033,0.215,0.165,-11.512,-1.167,-0.0,1.216,-2.383,-0.553,2.089,3.592,4.139,3.755
48.2293,0.733,2.265,10.144,-70.03,13.3,-2.15,-0.743,0.845,-10.198,-27.02,-7.38,-1.93,-2.697,1.361,-8.4,-3.312,13.072,-8.107,-0.606,11.686,3.312,0.183,0.0,-0.129,0.312,0.175,-13.072,-1.237,-0.0,0.472,-1.708,-0.473,2.07,3.956,4.139,3.755
48.2293,0.733,2.265,10.144,-70.03,13.3,-2.15,-0.743,0.845,-10.198,-27.02,-7.38,-1.93,-2.697,1.361,-8.4,-3.312,13.072,-8.107,-0.606,11.686,3.312,0.183,0.0,-0.129,0.312,0.175,-13.072,-1.237,-0.0,0.472,-1.708,-0.473,2.07,3.956,4.139,3.755
48.2575,0.266,1.618,9.685,-83.06,14.32,-8.49,-0.877,1.961,-9.47,-16.26,-15.61,4.95,-2.387,0.143,-8.554,-3.599,13.287,-8.217,-1.207,13.114,3.599,0.193,0.0,-0.272,0.466,0.19,-13.287,-1.247,-0.0,0.284,-1.531,-0.452,1.997,4.131,4.139,3.755
48.3150,-0.311,-0.424,9.345,-95.54,1.45,-18.67,-0.503,2.236,-9.555,-50.29,-6.02,20.91,-1.806,-3.267,-9.193,-3.97,14.964,-8.958,-2.167,18.18,3.97,0.206,0.0,-0.105,0.312,0.175,-14.964,-1.322,-0.0,0.878,-2.2,-0.533,1.88,4.75,4.139,3.755
48.3150,-0.311,-0.424,9.345,-95.54,1.45,-18.67,-0.503,2.236,-9.555,-50.29,-6.02,20.91,-1.806,-3.267,-9.193,-3.97,14.964,-8.958,-2.167,18.18,3.97,0.206,0.0,-0.105,0.312,0.175,-14.964,-1.322,-0.0,0.878,-2.2,-0.533,1.88,4.75,4.139,3.755
48.3774,0.622,-2.325,8.926,-89.83,-11.55,-12.34,-0.79,2.157,-8.92,5.97,0.6,8.28,-2.161,-7.392,-9.785,-3.925,15.42,-9.568,-1.771,22.75,3.925,0.205,-0.0,0.01,0.194,0.163,-15.42,-1.344,-0.0,-0.104,-1.24,-0.419,1.928,5.308,4.139,3.755
48.3774,0.622,-2.325,8.926,-89.83,-11.55,-12.34,-0.79,2.157,-8.92,5.97,0.6,8.28,-2.161,-7.392,-9.785,-3.925,15.42,-9.568,-1.771,22.75,3.925,0.205,-0.0,0.01,0.194,0.163,-15.42,-1.344,-0.0,-0.104,-1.24,-0.419,1.928,5.308,4.139,3.755
48.4304,1.257,-3.857,8.631,-81.38,-3.36,6.68,-0.455,3.358,-8.006,6.14,-3.07,-10.96,-2.782,-11.62,-9.73,-3.989,15.316,-9.457,-1.233,26.867,3.989,0.207,-0.0,-0.054,0.261,0.17,-15.316,-1.342,-0.0,-0.107,-1.235,-0.418,1.994,5.811,4.139,3.755
48.4304,1.257,-3.857,8.631,-81.38,-3.36,6.68,-0.455,3.358,-8.006,6.14,-3.07,-10.96,-2.782,-11.62,-9.73,-3.989,15.316,-9.457,-1.233,26.867,3.989,0.207,-0.0,-0.054,0.261,0.17,-15.316,-1.342,-0.0,-0.107,-1.235,-0.418,1.994,5.811,4.139,3.755
48.4591,1.087,-4.762,8.648,-70.92,2.33,13.54,-0.233,3.642,-8.491,-5.71,-11.25,-17.18,-2.853,-13.701,-9.467,-4.205,15.679,-9.218,-1.368,29.305,4.205,0.215,0.0,-0.196,0.411,0.185,-15.679,-1.359,-0.0,0.1,-1.459,-0.445,1.977,6.109,4.139,3.755
48.5180,0.661,-6.098,9.088,-25.36,3.96,15.11,-0.624,3.498,-9.398,8.76,-13.86,-15.95,-2.663,-16.864,-8.873,-4.681,15.923,-8.735,-1.964,32.703,4.681,0.231,0.0,-0.242,0.473,0.191,-15.923,-1.372,-0.0,-0.153,-1.219,-0.417,1.905,0.241,4.139,3.755
48.5180,0.661,-6.098,9.088,-25.36,3.96,15.11,-0.624,3.498,-9.398,8.76,-13.86,-15.95,-2.663,-16.864,-8.873,-4.681,15.923,-8.735,-1.964,32.703,4.681,0.231,0.0,-0.242,0.473,0.191,-15.923,-1.372,-0.0,-0.153,-1.219,-0.417,1.905,0.241,4.139,3.755
48.5739,1.051,-5.588,9.256,29.37,-4.22,13.96,-0.379,3.657,-9.471,30.58,0.46,-15.83,-2.663,-17.741,-8.259,-4.816,15.503,-8.109,-2.088,33.162,4.816,0.236,-0.0,0.008,0.228,0.167,-15.503,-1.356,0.0,-0.534,-0.822,-0.37,1.88,0.324,4.139,3.755
48.5739,1.051,-5.588,9.256,29.37,-4.22,13.96,-0.379,3.657,-9.471,30.58,0.46,-15.83,-2.663,-17.741,-8.259,-4.816,15.503,-8.109,-2.088,33.162,4.816,0.236,-0.0,0.008,0.228,0.167,-15.503,-1.356,0.0,-0.534,-0.822,-0.37,1.889,0.297,4.139,3.755
48.6020,1.59,-4.97,9.179,49.04,-0.06,15.91,-0.381,2.86,-8.915,35.74,-1.07,-18.43,-2.811,-17.32,-7.938,-4.837,14.888,-7.778,-1.975,32.128,4.837,0.237,-0.0,-0.019,0.256,0.17,-14.888,-1.33,0.0,-0.624,-0.706,-0.356,1.903,0.17,4.139,3.755
48.6588,2.895,-2.744,9.919,71.15,34.42,23.96,0.791,2.992,-8.853,41.12,-20.31,-27.59,-2.908,-15.365,-7.325,-5.155,13.517,-6.96,-2.255,28.822,5.155,0.248,0.0,-0.354,0.602,0.205,-13.517,-1.272,0.0,-0.718,-0.554,-0.338,1.869,6.05,4.139,3.755
48.6588,2.895,-2.744,9.919,71.15,34.42,23.96,0.791,2.992,-8.853,41.12,-20.31,-27.59,-2.908,-15.365,-7.325,-5.155,13.517,-6.96,-2.255,28.822,5.155,0.248,0.0,-0.354,0.602,0.205,-13.517,-1.272,0.0,-0.718,-0.554,-0.338,1.869,6.05,4.139,3.755
48.6889,2.835,-1.645,10.063,72.4,59.98,28.72,-0.135,1.623,-9.166,23.8,-56.33,-19.6,-2.279,-13.736,-7.063,-5.984,12.803,-6.759,-3.658,26.495,5.984,0.277,0.0,-0.983,1.26,0.271,-12.803,-1.242,0.0,-0.415,-0.826,-0.371,1.698,5.765,4.139,3.755
48.7446,1.856,-0.974,9.586,61.14,109.85,19.83,-0.679,2.1,-9.365,-7.5,-15.16,-15.96,0.433,-10.692,-6.878,-6.649,12.955,-6.044,-7.089,23.647,6.649,0.3,0.0,-0.265,0.565,0.201,-12.955,-1.25,0.0,0.131,-1.381,-0.438,1.278,5.418,4.139,3.755
48.7446,1.856,-0.974,9.586,61.14,109.85,19.83,-0.679,2.1,-9.365,-7.5,-15.16,-15.96,0.433,-10.692,-6.878,-6.649,12.955,-6.044,-7.089,23.647,6.649,0.3,0.0,-0.265,0.565,0.201,-12.955,-1.25,0.0,0.131,-1.381,-0.438,1.278,5.418,4.139,3.755
48.8052,-1.879,-0.397,8.758,46.05,134.9,5.71,-1.182,1.782,-9.007,-5.59,3.35,-20.74,5.721,-8.017,-7.298,-7.235,12.855,-5.416,-13.046,20.819,7.235,0.321,0.0,0.058,0.262,0.171,-12.855,-1.248,0.0,0.098,-1.345,-0.434,0.551,5.072,4.139,3.755
48.8052,-1.879,-0.397,8.758,46.05,134.9,5.71,-1.182,1.782,-9.007,-5.59,3.35,-20.74,5.721,-8.017,-7.298,-7.235,12.855,-5.416,-13.046,20.819,7.235,0.321,0.0,0.058,0.262,0.171,-12.855,-1.248,0.0,0.098,-1.345,-0.434,0.551,5.072,4.139,3.755
48.8627,-4.235,-0.292,7.896,30.17,120.59,-3.84,-2.576,1.463,-9.327,1.86,1.98,-6.19,12.025,-6.224,-7.895,-8.186,12.561,-5.05,-20.322,18.495,8.186,0.354,0.0,0.035,0.319,0.177,-12.561,-1.236,0.0,-0.032,-1.204,-0.418,0.091,4.929,4.139,3.755
48.8627,-4.235,-0.292,7.896,30.17,120.59,-3.84,-2.576,1.463,-9.327,1.86,1.98,-6.19,12.025,-6.224,-7.895,-8.186,12.561,-5.05,-20.322,18.495,8.186,0.354,0.0,0.035,0.319,0.177,-12.561,-1.236,0.0,-0.032,-1.204,-0.418,5.945,4.788,4.139,3.755
48.8918,-5.325,-0.338,8.143,23.72,107.81,-3.68,-2.71,1.998,-9.281,-10.52,3.29,-19.47,14.982,-5.668,-8.179,-8.457,12.622,-4.752,-23.566,17.765,8.457,0.363,0.0,0.057,0.306,0.176,-12.622,-1.24,0.0,0.184,-1.424,-0.445,5.548,4.699,4.139,3.755
48.9517,-5.76,-0.225,7.875,14.46,80.77,-1.86,-2.927,1.543,-9.29,-9.44,-29.59,-12.73,20.04,-4.912,-8.555,-9.877,13.029,-4.412,-30.022,16.982,9.877,0.413,0.0,-0.516,0.93,0.238,-13.029,-1.26,0.0,0.165,-1.424,-0.445,4.76,4.603,4.139,3.755
48.9517,-5.76,-0.225,7.875,14.46,80.77,-1.86,-2.927,1.543,-9.29,-9.44,-29.59,-12.73,20.04,-4.912,-8.555,-9.877,13.029,-4.412,-30.022,16.982,9.877,0.413,0.0,-0.516,0.93,0.238,-13.029,-1.26,0.0,0.165,-1.424,-0.445,4.76,4.603,4.139,3.755
49.0126,-7.144,-0.132,7.812,10.93,61.35,-0.17,-3.436,1.896,-9.767,8.61,-21.76,-8.43,22.203,-4.688,-8.704,-10.692,12.889,-4.292,-32.983,16.408,10.692,0.442,0.0,-0.53,0.972,0.243,-12.889,-1.254,0.0,-0.027,-1.227,-0.422,4.398,4.533,4.139,3.755
49.0392,-8.526,-0.141,7.944,8.74,42.63,0.25,-3.512,1.701,-10.174,3.56,-36.93,-8.98,25.992,-4.125,-8.802,-12.446,12.491,-4.348,-38.454,15.182,12.446,0.503,0.0,-0.645,1.147,0.261,-12.491,-1.239,0.0,-0.062,-1.177,-0.416,3.73,4.383,4.139,3.755
49.0392,-8.526,-0.141,7.944,8.74,42.63,0.25,-3.512,1.701,-10.174,3.56,-36.93,-8.98,25.992,-4.125,-8.802,-12.446,12.491,-4.348,-38.454,15.182,12.446,0.503,0.0,-0.645,1.147,0.261,-12.491,-1.239,0.0,-0.062,-1.177,-0.416,3.73,4.383,4.139,3.755
49.0964,-9.594,-0.007,7.602,0.5,-22.77,4.12,-4.808,1.615,-10.354,2.68,-53.56,4.93,27.953,-3.733,-8.627,-14.703,12.403,-4.797,-42.589,14.951,14.703,0.582,-0.0,-0.935,1.517,0.298,-12.403,-1.237,0.0,-0.047,-1.19,-0.418,3.224,4.355,4.139,3.755
49.0964,-9.594,-0.007,7.602,0.5,-22.77,4.12,-4.808,1.615,-10.354,2.68,-53.56,4.93,27.953,-3.733,-8.627,-14.703,12.403,-4.797,-42.589,14.951,14.703,0.582,-0.0,-0.935,1.517,0.298,-12.403,-1.237,0.0,-0.047,-1.19,-0.418,3.224,4.355,4.139,3.755
49.1509,-7.92,-0.354,7.961,-4.42,-91.48,11.3,-9.422,1.518,-10.253,25.62,-247.92,11.26,26.925,-3.421,-7.997,-22.409,12.203,-6.536,-49.056,16.342,22.409,0.851,-0.0,-4.327,5.178,0.666,-12.203,-1.23,-0.0,-0.447,-0.782,-0.37,2.434,4.525,4.139,3.755
49.1509,-7.92,-0.354,7.961,-4.42,-91.48,11.3,-9.422,1.518,-10.253,25.62,-247.92,11.26,26.925,-3.421,-7.997,-22.409,12.203,-6.536,-49.056,16.342,22.409,0.851,-0.0,-4.327,5.178,0.666,-12.203,-1.23,-0.0,-0.447,-0.782,-0.37,2.434,4.525,4.139,3.755
49.2140,-5.011,-0.539,8.744,-1.92,-130.56,13.46,-1.508,2.65,-9.577,34.74,191.59,-15.61,23.513,-3.218,-7.153,-21.139,9.922,-6.479,-44.387,13.995,25.188,0.948,-0.0,-1.452,2.4,0.389,-11.128,-1.184,-0.0,-1.128,-0.055,-0.283,2.269,4.5,4.139,3.755
49.2424,-6.108,-0.153,7.535,-1.63,-132.69,10.56,-5.697,3.006,-6.375,-43.29,252.35,5.77,21.372,-3.029,-6.716,-17.131,10.452,-5.567,-38.336,13.723,17.131,0.667,-0.0,4.404,-3.737,-0.226,-10.452,-1.155,-0.0,0.755,-1.911,-0.506,3.744,4.205,4.139,3.755
49.2424,-6.108,-0.153,7.535,-1.63,-132.69,10.56,-5.697,3.006,-6.375,-43.29,252.35,5.77,21.372,-3.029,-6.716,-17.131,10.452,-5.567,-38.336,13.723,17.131,0.667,-0.0,4.404,-3.737,-0.226,-10.452,-1.155,-0.0,0.755,-1.911,-0.506,3.744,4.205,4.139,3.755
49.3027,-2.097,0.002,9.093,1.49,-135.51,3.53,-7.359,0.231,-8.929,-92.03,170.38,3.38,15.72,-2.721,-6.127,-8.652,14.307,-3.776,-24.358,16.528,8.652,0.371,-0.0,2.974,-2.603,-0.114,-14.307,-1.325,0.0,1.606,-2.932,-0.629,5.452,4.548,4.139,3.755
49.3027,-2.097,0.002,9.093,1.49,-135.51,3.53,-7.359,0.231,-8.929,-92.03,170.38,3.38,15.72,-2.721,-6.127,-8.652,14.307,-3.776,-24.358,16.528,8.652,0.371,-0.0,2.974,-2.603,-0.114,-14.307,-1.325,0.0,1.606,-2.932,-0.629,5.452,4.548,4.139,3.755
49.3580,-0.273,-0.18,9.376,-1.96,-119.93,-3.07,2.116,2.738,-9.602,65.78,19.78,32.28,10.068,-2.492,-5.883,-6.757,12.912,-4.821,-16.795,15.266,6.757,0.305,-0.0,0.345,-0.04,0.142,-12.912,-1.266,-0.0,-1.148,-0.119,-0.292,0.093,4.394,4.139,3.755
49.3580,-0.273,-0.18,9.376,-1.96,-119.93,-3.07,2.116,2.738,-9.602,65.78,19.78,32.28,10.068,-2.492,-5.883,-6.757,12.912,-4.821,-16.795,15.266,6.757,0.305,-0.0,0.345,-0.04,0.142,-12.912,-1.266,-0.0,-1.148,-0.119,-0.292,0.093,4.394,4.139,3.755
49.4187,2.157,-0.122,10.104,-1.17,-99.34,-1.14,0.717,2.853,-8.963,-26.61,25.06,20.08,4.698,-2.356,-5.764,-4.578,13.037,-5.413,-9.25,15.343,4.578,0.229,-0.0,0.437,-0.209,0.125,-13.037,-1.274,-0.0,0.464,-1.738,-0.487,1.014,4.403,4.139,3.755
49.4187,2.157,-0.122,10.104,-1.17,-99.34,-1.14,0.717,2.853,-8.963,-26.61,25.06,20.08,4.698,-2.356,-5.764,-4.578,13.037,-5.413,-9.25,15.343,4.578,0.229,-0.0,0.437,-0.209,0.125,-13.037,-1.274,-0.0,0.464,-1.738,-0.487,1.014,4.403,4.139,3.755
49.4706,4.365,-0.342,10.57,-1.61,-49.76,-0.33,1.905,1.595,-9.222,5.43,2.47,9.98,0.197,-2.349,-5.68,-2.745,13.61,-5.836,-2.923,15.91,2.745,0.165,-0.0,0.043,0.122,0.158,-13.61,-1.301,-0.0,-0.095,-1.206,-0.424,1.787,4.472,4.139,3.755
49.4706,4.365,-0.342,10.57,-1.61,-49.76,-0.33,1.905,1.595,-9.222,5.43,2.47,9.98,0.197,-2.349,-5.68,-2.745,13.61,-5.836,-2.923,15.91,2.745,0.165,-0.0,0.043,0.122,0.158,-13.61,-1.301,-0.0,-0.095,-1.206,-0.424,1.787,4.472,4.139,3.755
49.4990,4.719,-0.402,10.805,-1.18,-19.25,0.93,1.694,2.453,-9.157,23.86,-33.17,0.91,-1.257,-2.36,-5.645,-2.681,13.183,-5.979,-1.404,15.485,2.681,0.163,-0.0,-0.579,0.742,0.22,-13.183,-1.283,-0.0,-0.416,-0.867,-0.383,1.973,4.42,4.139,3.755
49.5568,5.519,-0.189,10.625,-1.02,46.74,1.31,2.413,2.363,-8.936,-8.74,-47.89,-8.69,-2.324,-2.334,-5.625,-3.337,13.169,-6.247,-0.983,15.426,3.337,0.186,0.0,-0.836,1.021,0.249,-13.169,-1.284,-0.0,0.153,-1.437,-0.452,2.024,4.413,4.139,3.755
49.5568,5.519,-0.189,10.625,-1.02,46.74,1.31,2.413,2.363,-8.936,-8.74,-47.89,-8.69,-2.324,-2.334,-5.625,-3.337,13.169,-6.247,-0.983,15.426,3.337,0.186,0.0,-0.836,1.021,0.249,-13.169,-1.284,-0.0,0.153,-1.437,-0.452,2.024,4.413,4.139,3.755
49.6187,2.48,-0.227,9.448,-1.3,114.79,-10.52,0.333,1.962,-8.616,3.12,-51.12,-10.37,-0.103,-2.25,-6.013,-4.586,13.369,-6.218,-4.457,15.573,4.586,0.229,0.0,-0.892,1.121,0.259,-13.369,-1.295,-0.0,-0.054,-1.24,-0.429,1.6,4.431,4.139,3.755
49.6187,2.48,-0.227,9.448,-1.3,114.79,-10.52,0.333,1.962,-8.616,3.12,-51.12,-10.37,-0.103,-2.25,-6.013,-4.586,13.369,-6.218,-4.457,15.573,4.586,0.229,0.0,-0.892,1.121,0.259,-13.369,-1.295,-0.0,-0.054,-1.24,-0.429,1.6,4.431,4.139,3.755
49.6473,1.211,-0.668,8.753,-1.83,130.39,-10.91,0.311,2.386,-8.497,3.84,-42.41,-15.25,2.038,-2.352,-6.34,-5.271,13.333,-6.144,-7.286,15.645,5.271,0.253,0.0,-0.74,0.993,0.246,-13.333,-1.294,-0.0,-0.067,-1.227,-0.428,1.254,4.44,4.139,3.755
49.7036,-1.456,-0.529,8.181,-2.21,143.3,-5.31,-1.221,2.201,-8.326,-3.26,-37.93,-22.37,7.555,-2.611,-6.887,-6.763,13.529,-5.714,-14.305,16.008,6.763,0.305,0.0,-0.662,0.967,0.244,-13.529,-1.305,-0.0,0.057,-1.361,-0.444,0.866,4.463,4.139,3.755
49.7036,-1.456,-0.529,8.181,-2.21,143.3,-5.31,-1.221,2.201,-8.326,-3.26,-37.93,-22.37,7.555,-2.611,-6.887,-6.763,13.529,-5.714,-14.305,16.008,6.763,0.305,0.0,-0.662,0.967,0.244,-13.529,-1.305,-0.0,0.057,-1.361,-0.444,0.397,4.484,4.139,3.755
49.7600,-3.8,-0.414,7.937,-0.86,134.04,-1.69,-1.523,1.832,-9.321,-5.89,-20.99,-27.82,13.885,-2.696,-7.254,-8.132,13.507,-5.031,-22.011,15.778,7.549,0.333,0.0,-0.581,0.914,0.239,-13.54,-1.306,-0.0,0.075,-1.381,-0.447,6.203,4.478,4.139,3.755
49.7971,-3.994,-0.323,7.901,-0.25,124.97,0.84,-2.571,2.178,-9.159,-0.92,-19.81,-29.11,16.903,-2.736,-7.373,-8.782,13.456,-4.576,-25.68,15.525,8.782,0.376,0.0,-0.346,0.722,0.22,-13.456,-1.304,-0.0,0.016,-1.32,-0.44,5.29,4.425,4.139,3.755
49.7971,-3.994,-0.323,7.901,-0.25,124.97,0.84,-2.571,2.178,-9.159,-0.92,-19.81,-29.11,16.903,-2.736,-7.373,-8.782,13.456,-4.576,-25.68,15.525,8.782,0.376,0.0,-0.346,0.722,0.22,-13.456,-1.304,-0.0,0.016,-1.32,-0.44,5.29,4.425,4.139,3.755
49.8484,-6.891,-0.302,7.798,0.34,103.02,-4.65,-1.524,2.294,-9.871,-0.44,-42.44,-21.2,22.722,-2.755,-7.702,-11.072,13.365,-4.277,-33.757,15.014,11.072,0.456,0.0,-0.741,1.197,0.268,-13.365,-1.302,0.0,0.008,-1.31,-0.44,4.303,4.363,4.139,3.755
49.8484,-6.891,-0.302,7.798,0.34,103.02,-4.65,-1.524,2.294,-9.871,-0.44,-42.44,-21.2,22.722,-2.755,-7.702,-11.072,13.365,-4.277,-33.757,15.014,11.072,0.456,0.0,-0.741,1.197,0.268,-13.365,-1.302,0.0,0.008,-1.31,-0.44,4.303,4.363,4.139,3.755
49.9068,-8.569,-0.211,6.917,1.63,52.67,-6.87,-4.292,2.338,-10.057,2.3,-37.22,-3.98,27.32,-2.902,-8.165,-13.03,13.238,-4.37,-40.275,14.675,13.03,0.524,0.0,-0.65,1.174,0.266,-13.238,-1.298,0.0,-0.04,-1.258,-0.434,3.507,4.321,4.139,3.755
49.9068,-8.569,-0.211,6.917,1.63,52.67,-6.87,-4.292,2.338,-10.057,2.3,-37.22,-3.98,27.32,-2.902,-8.165,-13.03,13.238,-4.37,-40.275,14.675,13.03,0.524,0.0,-0.65,1.174,0.266,-13.238,-1.298,0.0,-0.04,-1.258,-0.434,3.507,4.321,4.139,3.755
49.9359,-10.144,-0.225,8.241,1.08,16.92,-6.82,-4.484,1.968,-11.17,-0.22,-67.75,7.04,28.748,-2.926,-8.347,-14.343,13.266,-4.802,-42.985,14.845,14.343,0.57,0.0,-1.182,1.753,0.324,-13.266,-1.301,0.0,0.004,-1.304,-0.44,3.176,4.342,4.139,3.755
49.9952,-8.882,-1.216,7.671,1.45,-67.78,13.99,-10.415,1.408,-10.075,49.31,-247.92,7.02,28.922,-2.846,-8.093,-23.026,12.755,-6.839,-51.637,16.282,23.026,0.873,-0.0,-4.327,5.2,0.671,-12.755,-1.28,0.0,-0.861,-0.419,-0.334,2.119,4.518,4.139,3.755
49.9952,-8.882,-1.216,7.671,1.45,-67.78,13.99,-10.415,1.408,-10.075,49.31,-247.92,7.02,28.922,-2.846,-8.093,-23.026,12.755,-6.839,-51.637,16.282,23.026,0.873,-0.0,-4.327,5.2,0.671,-12.755,-1.28,0.0,-0.861,-0.419,-0.334,2.119,4.518,4.139,3.755
50.0545,-6.261,-0.713,8.933,3.72,-113.45,23.82,-2.939,2.865,-9.137,42.95,196.14,-30.79,26.356,-2.342,-6.985,-21.428,9.572,-6.375,-47.51,12.582,25.489,0.959,-0.0,-1.142,2.102,0.362,-11.092,-1.208,0.0,-1.695,0.487,-0.225,1.934,4.402,4.139,3.755
50.0545,-6.261,-0.713,8.933,3.72,-113.45,23.82,-2.939,2.865,-9.137,42.95,196.14,-30.79,26.356,-2.342,-6.985,-21.428,9.572,-6.375,-47.51,12.582,21.428,0.818,-0.0,3.423,-2.605,-0.109,-9.572,-1.143,0.0,-0.75,-0.393,-0.331,2.623,4.066,4.139,3.755
50.1107,-3.757,0.065,7.772,-0.63,-143.01,10.04,-0.98,3.06,-10.691,-154.91,252.35,3.7,22.072,-1.682,-5.977,-12.431,13.156,-4.441,-34.386,14.428,17.591,0.684,-0.0,4.404,-3.72,-0.222,-10.34,-1.177,0.0,1.045,-2.222,-0.55,3.299,4.03,4.139,3.755
50.1379,-3.778,0.474,7.863,-5.03,-144.24,2.92,-7.525,-0.709,-9.443,-91.31,201.06,9.56,19.336,-1.545,-5.745,-8.711,14.812,-3.353,-27.981,15.596,8.711,0.374,-0.0,3.509,-3.135,-0.165,-14.812,-1.374,-0.0,1.594,-2.968,-0.641,5.009,4.434,4.139,3.755
50.1379,-3.778,0.474,7.863,-5.03,-144.24,2.92,-7.525,-0.709,-9.443,-91.31,201.06,9.56,19.336,-1.545,-5.745,-8.711,14.812,-3.353,-27.981,15.596,8.711,0.374,-0.0,3.509,-3.135,-0.165,-14.812,-1.374,-0.0,1.594,-2.968,-0.641,5.009,4.434,4.139,3.755
50.1982,-1.331,0.0,9.452,-9.77,-135.48,-6.2,2.313,3.335,-9.476,60.85,28.65,43.41,13.312,-1.532,-5.547,-6.732,13.237,-4.621,-19.988,14.586,6.732,0.305,-0.0,0.5,-0.195,0.129,-13.237,-1.307,-0.0,-1.062,-0.245,-0.315,5.986,4.31,4.139,3.755
50.1982,-1.331,0.0,9.452,-9.77,-135.48,-6.2,2.313,3.335,-9.476,60.85,28.65,43.41,13.312,-1.532,-5.547,-6.732,13.237,-4.621,-19.988,14.586,6.732,0.305,-0.0,0.5,-0.195,0.129,-13.237,-1.307,-0.0,-1.062,-0.245,-0.315,5.986,4.31,4.139,3.755
50.2616,1.911,-0.469,9.946,-8.0,-102.38,-8.91,0.47,2.691,-9.402,-41.46,15.24,22.07,7.407,-1.881,-5.768,-4.738,13.844,-5.561,-12.102,15.687,4.738,0.235,-0.0,0.266,-0.03,0.146,-13.844,-1.335,-0.0,0.724,-2.059,-0.533,0.666,4.445,4.139,3.755
50.2616,1.911,-0.469,9.946,-8.0,-102.38,-8.91,0.47,2.691,-9.402,-41.46,15.24,22.07,7.407,-1.881,-5.768,-4.738,13.844,-5.561,-12.102,15.687,4.738,0.235,-0.0,0.266,-0.03,0.146,-13.844,-1.335,-0.0,0.724,-2.059,-0.533,0.666,4.445,4.139,3.755
50.3139,3.275,-0.824,10.716,-4.12,-57.84,-5.04,1.58,2.025,-8.97,17.81,7.29,14.33,2.723,-2.265,-5.947,-2.708,14.05,-6.187,-5.399,16.282,2.708,0.165,-0.0,0.127,0.037,0.152,-14.05,-1.346,-0.0,-0.311,-1.036,-0.411,1.485,4.518,4.139,3.755
50.3139,3.275,-0.824,10.716,-4.12,-57.84,-5.04,1.58,2.025,-8.97,17.81,7.29,14.33,2.723,-2.265,-5.947,-2.708,14.05,-6.187,-5.399,16.282,2.708,0.165,-0.0,0.127,0.037,0.152,-14.05,-1.346,-0.0,-0.311,-1.036,-0.411,1.485,4.518,4.139,3.755
50.3691,5.356,-1.018,10.566,-0.38,3.62,2.31,2.219,2.832,-8.797,7.83,-53.52,-1.66,-0.02,-2.492,-5.955,-2.744,13.73,-6.614,-2.683,16.171,2.482,0.157,-0.0,-0.373,0.53,0.202,-13.758,-1.335,-0.0,-0.375,-0.959,-0.402,1.716,4.494,4.139,3.755
50.3982,5.03,-0.687,10.441,1.34,41.11,5.2,2.696,2.624,-8.806,-1.35,-45.13,-12.92,-0.34,-2.532,-5.888,-3.028,13.846,-6.635,-2.643,16.322,3.028,0.176,0.0,-0.788,0.963,0.245,-13.846,-1.34,0.0,0.024,-1.364,-0.451,1.821,4.523,4.139,3.755
50.3982,5.03,-0.687,10.441,1.34,41.11,5.2,2.696,2.624,-8.806,-1.35,-45.13,-12.92,-0.34,-2.532,-5.888,-3.028,13.846,-6.635,-2.643,16.322,3.028,0.176,0.0,-0.788,0.963,0.245,-13.846,-1.34,0.0,0.024,-1.364,-0.451,1.821,4.523,4.139,3.755
50.4590,1.52,-0.268,9.541,5.5,101.82,-3.1,0.279,2.274,-8.68,5.89,-42.6,-15.65,1.534,-2.386,-5.965,-4.095,13.765,-6.378,-5.588,16.119,4.095,0.213,0.0,-0.744,0.957,0.245,-13.765,-1.339,0.0,-0.103,-1.236,-0.436,1.462,4.498,4.139,3.755
50.4590,1.52,-0.268,9.541,5.5,101.82,-3.1,0.279,2.274,-8.68,5.89,-42.6,-15.65,1.534,-2.386,-5.965,-4.095,13.765,-6.378,-5.588,16.119,4.095,0.213,0.0,-0.744,0.957,0.245,-13.765,-1.339,0.0,-0.103,-1.236,-0.436,1.462,4.498,4.139,3.755
50.5208,-2.411,-0.393,8.861,11.84,99.91,-1.12,-0.852,1.933,-9.538,0.19,-24.35,-17.37,6.021,-2.118,-6.307,-5.402,13.618,-6.084,-11.383,15.701,5.402,0.259,0.0,-0.425,0.684,0.218,-13.618,-1.334,0.0,-0.003,-1.331,-0.448,0.754,4.447,4.139,3.755
50.5208,-2.411,-0.393,8.861,11.84,99.91,-1.12,-0.852,1.933,-9.538,0.19,-24.35,-17.37,6.021,-2.118,-6.307,-5.402,13.618,-6.084,-11.383,15.701,5.402,0.259,0.0,-0.425,0.684,0.218,-13.618,-1.334,0.0,-0.003,-1.331,-0.448,0.754,4.447,4.139,3.755
50.5723,-3.67,-0.189,9.301,9.21,72.4,4.94,-1.614,2.1,-9.651,10.78,-3.44,-19.55,10.312,-1.593,-6.304,-6.135,13.07,-5.454,-16.406,14.52,5.836,0.274,0.0,-0.164,0.438,0.194,-13.389,-1.325,0.0,-0.125,-1.2,-0.433,0.423,4.374,4.139,3.755
50.6024,-4.144,0.366,9.73,8.62,58.55,5.64,-1.399,2.362,-9.682,2.92,-7.94,-16.46,12.018,-1.298,-6.194,-6.507,12.951,-5.169,-18.476,14.043,6.507,0.297,0.0,-0.139,0.436,0.194,-12.951,-1.308,0.0,-0.051,-1.257,-0.44,6.17,4.244,4.139,3.755
50.6024,-4.144,0.366,9.73,8.62,58.55,5.64,-1.399,2.362,-9.682,2.92,-7.94,-16.46,12.018,-1.298,-6.194,-6.507,12.951,-5.169,-18.476,14.043,6.507,0.297,0.0,-0.139,0.436,0.194,-12.951,-1.308,0.0,-0.051,-1.257,-0.44,6.17,4.244,4.139,3.755
50.6642,-4.264,0.024,9.608,4.76,28.64,7.07,-1.116,2.456,-10.072,-11.21,4.16,-17.86,14.463,-0.929,-5.952,-6.649,13.198,-4.557,-21.052,13.767,6.649,0.302,0.0,0.073,0.23,0.173,-13.198,-1.321,0.0,0.196,-1.516,-0.472,5.856,4.21,4.139,3.755
50.6642,-4.264,0.024,9.608,4.76,28.64,7.07,-1.116,2.456,-10.072,-11.21,4.16,-17.86,14.463,-0.929,-5.952,-6.649,13.198,-4.557,-21.052,13.767,6.649,0.302,0.0,0.073,0.23,0.173,-13.198,-1.321,0.0,0.196,-1.516,-0.472,5.856,4.21,4.139,3.755
50.7248,-4.429,0.158,9.531,5.65,-3.09,0.8,-1.493,1.905,-9.912,4.5,11.43,-0.62,15.658,-0.575,-5.817,-6.42,13.095,-4.405,-22.006,13.251,6.42,0.294,-0.0,0.199,0.095,0.16,-13.095,-1.318,0.0,-0.079,-1.239,-0.439,5.739,4.147,4.139,3.755
50.7248,-4.429,0.158,9.531,5.65,-3.09,0.8,-1.493,1.905,-9.912,4.5,11.43,-0.62,15.658,-0.575,-5.817,-6.42,13.095,-4.405,-22.006,13.251,6.42,0.294,-0.0,0.199,0.095,0.16,-13.095,-1.318,0.0,-0.079,-1.239,-0.439,5.739,4.147,4.139,3.755
50.7779,-3.278,0.132,9.541,3.9,-21.4,1.2,-1.044,2.094,-9.686,-0.93,19.87,3.83,15.47,-0.282,-5.748,-5.893,12.972,-4.537,-21.288,12.877,5.893,0.276,-0.0,0.347,-0.071,0.143,-12.972,-1.314,0.0,0.016,-1.331,-0.45,5.827,4.102,4.139,3.755
50.7779,-3.278,0.132,9.541,3.9,-21.4,1.2,-1.044,2.094,-9.686,-0.93,19.87,3.83,15.47,-0.282,-5.748,-5.893,12.972,-4.537,-21.288,12.877,5.893,0.276,-0.0,0.347,-0.071,0.143,-12.972,-1.314,0.0,0.016,-1.331,-0.45,5.827,4.102,4.139,3.755
50.8072,-2.634,-0.12,9.629,2.88,-22.36,2.48,-1.147,2.212,-9.476,-1.98,20.55,0.83,15.065,-0.206,-5.702,-5.457,13.011,-4.52,-20.449,12.852,5.457,0.261,-0.0,0.359,-0.098,0.14,-13.011,-1.317,0.0,0.035,-1.352,-0.453,5.929,4.099,4.139,3.755
50.8648,-2.557,-0.026,9.596,2.86,-18.33,2.45,-0.199,1.87,-9.463,-0.62,7.21,1.58,14.281,0.013,-5.581,-4.911,12.988,-4.624,-19.121,12.676,4.911,0.242,-0.0,0.126,0.116,0.162,-12.988,-1.318,0.0,0.011,-1.329,-0.451,6.092,4.077,4.139,3.755
50.8648,-2.557,-0.026,9.596,2.86,-18.33,2.45,-0.199,1.87,-9.463,-0.62,7.21,1.58,14.281,0.013,-5.581,-4.911,12.988,-4.624,-19.121,12.676,4.911,0.242,-0.0,0.126,0.116,0.162,-12.988,-1.318,0.0,0.011,-1.329,-0.451,6.092,4.077,4.139,3.755
50.9229,-1.961,0.196,9.732,1.98,-15.57,-0.92,-0.862,2.23,-9.205,-0.09,2.36,7.47,13.458,0.191,-5.531,-4.222,13.026,-4.72,-17.613,12.58,4.222,0.218,-0.0,0.041,0.177,0.168,-13.026,-1.321,0.0,0.002,-1.323,-0.451,6.276,4.065,4.139,3.755
50.9229,-1.961,0.196,9.732,1.98,-15.57,-0.92,-0.862,2.23,-9.205,-0.09,2.36,7.47,13.458,0.191,-5.531,-4.222,13.026,-4.72,-17.613,12.58,4.222,0.218,-0.0,0.041,0.177,0.168,-13.026,-1.321,0.0,0.002,-1.323,-0.451,6.276,4.065,4.139,3.755
50.9515,-1.798,0.05,9.567,1.68,-12.99,-1.46,-0.012,1.97,-9.384,-4.32,4.12,2.44,13.095,0.234,-5.558,-4.055,13.064,-4.822,-17.085,12.598,4.055,0.212,-0.0,0.072,0.14,0.164,-13.064,-1.324,0.0,0.075,-1.399,-0.46,0.057,4.068,4.139,3.755
51.0127,-1.781,-0.036,9.701,1.51,-6.01,-0.12,-0.405,2.175,-9.105,1.6,0.85,2.81,12.504,0.297,-5.593,-3.638,13.057,-4.976,-16.081,12.563,3.638,0.197,-0.0,0.015,0.183,0.169,-13.057,-1.325,0.0,-0.028,-1.297,-0.449,0.18,4.063,4.139,3.755
51.0127,-1.781,-0.036,9.701,1.51,-6.01,-0.12,-0.405,2.175,-9.105,1.6,0.85,2.81,12.504,0.297,-5.593,-3.638,13.057,-4.976,-16.081,12.563,3.638,0.197,-0.0,0.015,0.183,0.169,-13.057,-1.325,0.0,-0.028,-1.297,-0.449,0.18,4.063,4.139,3.755
51.0656,-2.076,0.239,9.723,0.39,-0.12,-1.32,-0.103,1.988,-9.521,-4.3,-9.99,2.31,12.346,0.439,-5.604,-3.638,13.208,-5.115,-15.923,12.596,3.638,0.197,-0.0,-0.174,0.372,0.188,-13.208,-1.334,0.0,0.075,-1.409,-0.462,0.199,4.067,4.139,3.755
51.0656,-2.076,0.239,9.723,0.39,-0.12,-1.32,-0.103,1.988,-9.521,-4.3,-9.99,2.31,12.346,0.439,-5.604,-3.638,13.208,-5.115,-15.923,12.596,3.638,0.197,-0.0,-0.174,0.372,0.188,-13.208,-1.334,0.0,0.075,-1.409,-0.462,0.199,4.067,4.139,3.755
51.1234,-1.887,0.256,9.673,-1.16,0.09,0.42,-0.609,2.326,-9.457,0.81,-1.09,-1.52,12.286,0.497,-5.595,-3.527,13.183,-5.123,-15.752,12.516,3.564,0.195,0.0,0.005,0.19,0.17,-13.182,-1.334,-0.0,0.016,-1.35,-0.456,0.213,4.059,4.139,3.755
51.1234,-1.887,0.256,9.673,-1.16,0.09,0.42,-0.609,2.326,-9.457,0.81,-1.09,-1.52,12.286,0.497,-5.595,-3.527,13.183,-5.123,-15.752,12.516,3.527,0.194,0.0,-0.019,0.213,0.172,-13.183,-1.335,-0.0,-0.014,-1.32,-0.452,0.22,4.058,4.139,3.755
51.1539,-2.186,0.074,9.603,-1.63,0.07,0.38,-0.45,2.166,-9.467,-2.83,-2.35,0.01,12.316,0.488,-5.586,-3.531,13.221,-5.169,-15.787,12.575,3.531,0.194,0.0,-0.041,0.235,0.174,-13.221,-1.337,-0.0,0.049,-1.386,-0.461,0.216,4.065,4.139,3.755
51.2105,-2.069,0.139,9.663,-1.7,-1.99,1.38,-0.413,2.285,-9.567,-0.13,-1.74,-1.38,12.265,0.476,-5.545,-3.439,13.262,-5.162,-15.645,12.636,3.439,0.191,-0.0,-0.03,0.221,0.173,-13.262,-1.341,-0.0,0.002,-1.343,-0.456,0.233,4.072,4.139,3.755
51.2105,-2.069,0.139,9.663,-1.7,-1.99,1.38,-0.413,2.285,-9.567,-0.13,-1.74,-1.38,12.265,0.476,-5.545,-3.439,13.262,-5.162,-15.645,12.636,3.439,0.191,-0.0,-0.03,0.221,0.173,-13.262,-1.341,-0.0,0.002,-1.343,-0.456,0.233,4.072,4.139,3.755
51.2696,-2.136,0.115,9.826,-1.89,-0.25,2.77,-0.372,2.235,-9.504,-3.45,-4.46,-4.19,12.195,0.449,-5.443,-3.503,13.341,-5.116,-15.639,12.756,3.503,0.193,-0.0,-0.078,0.271,0.178,-13.341,-1.346,-0.0,0.06,-1.406,-0.464,0.234,4.087,4.139,3.755
51.2696,-2.136,0.115,9.826,-1.89,-0.25,2.77,-0.372,2.235,-9.504,-3.45,-4.46,-4.19,12.195,0.449,-5.443,-3.503,13.341,-5.116,-15.639,12.756,3.503,0.193,-0.0,-0.078,0.271,0.178,-13.341,-1.346,-0.0,0.06,-1.406,-0.464,0.234,4.087,4.139,3.755
51.2979,-2.167,0.223,9.926,-1.64,-0.77,3.54,-0.364,2.324,-9.695,-0.8,-0.83,-3.98,12.187,0.446,-5.369,-3.488,13.364,-5.063,-15.617,12.787,3.488,0.192,-0.0,-0.014,0.207,0.171,-13.364,-1.348,-0.0,0.014,-1.362,-0.459,0.236,4.091,4.139,3.755
51.3557,-2.054,0.144,9.876,-0.7,-3.51,2.65,-0.397,2.4,-9.594,0.23,1.64,-2.04,12.09,0.429,-5.242,-3.473,13.389,-5.003,-15.505,12.845,3.543,0.194,-0.0,-0.064,0.258,0.177,-13.378,-1.35,-0.0,0.02,-1.369,-0.46,0.233,4.096,4.139,3.755
51.3557,-2.054,0.144,9.876,-0.7,-3.51,2.65,-0.397,2.4,-9.594,0.23,1.64,-2.04,12.09,0.429,-5.242,-3.473,13.389,-5.003,-15.505,12.845,3.473,0.192,-0.0,0.029,0.163,0.167,-13.389,-1.351,-0.0,-0.004,-1.347,-0.458,0.25,4.098,4.139,3.755
51.4139,-2.339,0.105,9.898,0.28,-4.03,2.37,-0.401,2.266,-9.473,-0.89,0.04,-2.18,12.036,0.422,-5.199,-3.487,13.41,-5.001,-15.466,12.882,3.487,0.192,-0.0,-0.031,0.223,0.173,-13.41,-1.353,-0.0,0.019,-1.372,-0.461,0.255,4.102,4.139,3.755
51.4430,-2.1,0.115,9.792,0.67,-4.21,2.06,-0.532,2.346,-9.475,1.01,-1.47,0.12,11.95,0.47,-5.113,-3.454,13.427,-4.982,-15.348,12.865,3.454,0.191,-0.0,-0.026,0.217,0.173,-13.427,-1.355,0.0,-0.018,-1.338,-0.458,0.269,4.1,4.139,3.755
51.4430,-2.1,0.115,9.792,0.67,-4.21,2.06,-0.532,2.346,-9.475,1.01,-1.47,0.12,11.95,0.47,-5.113,-3.454,13.427,-4.982,-15.348,12.865,3.454,0.191,-0.0,-0.026,0.217,0.173,-13.427,-1.355,0.0,-0.018,-1.338,-0.458,0.269,4.1,4.139,3.755
51.5018,-1.726,0.299,9.819,-1.06,-2.79,1.1,-0.373,2.28,-9.419,-2.08,-2.11,-1.54,11.712,0.554,-5.024,-3.48,13.463,-4.977,-15.138,12.832,3.48,0.192,-0.0,-0.037,0.229,0.174,-13.463,-1.359,-0.0,0.036,-1.395,-0.465,0.295,4.096,4.139,3.755
51.5018,-1.726,0.299,9.819,-1.06,-2.79,1.1,-0.373,2.28,-9.419,-2.08,-2.11,-1.54,11.712,0.554,-5.024,-3.48,13.463,-4.977,-15.138,12.832,3.48,0.192,-0.0,-0.037,0.229,0.174,-13.463,-1.359,-0.0,0.036,-1.395,-0.465,0.295,4.096,4.139,3.755
51.5610,-1.891,0.017,9.783,-1.88,-0.46,0.25,-0.52,2.228,-9.395,-1.51,-3.67,0.22,11.601,0.461,-5.023,-3.572,13.582,-5.027,-15.119,13.058,3.572,0.195,-0.0,-0.064,0.259,0.177,-13.582,-1.366,-0.0,0.026,-1.392,-0.465,0.297,4.124,4.139,3.755
51.5610,-1.891,0.017,9.783,-1.88,-0.46,0.25,-0.52,2.228,-9.395,-1.51,-3.67,0.22,11.601,0.461,-5.023,-3.572,13.582,-5.027,-15.119,13.058,3.572,0.195,-0.0,-0.064,0.259,0.177,-13.582,-1.366,-0.0,0.026,-1.392,-0.465,0.297,4.124,4.139,3.755
51.5893,-1.913,0.01,9.725,-1.13,-0.39,1.12,-0.579,2.228,-9.401,-0.85,-2.61,-2.01,11.571,0.421,-5.006,-3.619,13.589,-5.01,-15.137,13.107,3.619,0.197,-0.0,-0.046,0.243,0.175,-13.589,-1.367,-0.0,0.015,-1.382,-0.464,0.295,4.13,4.139,3.755
51.6464,-2.004,-0.055,9.608,-0.3,0.16,0.35,-0.696,2.309,-9.319,-0.58,-3.51,0.31,11.567,0.398,-4.965,-3.682,13.603,-4.998,-15.196,13.15,3.682,0.199,0.0,-0.061,0.261,0.177,-13.603,-1.37,-0.0,0.01,-1.38,-0.464,0.288,4.135,4.139,3.755
51.6464,-2.004,-0.055,9.608,-0.3,0.16,0.35,-0.696,2.309,-9.319,-0.58,-3.51,0.31,11.567,0.398,-4.965,-3.682,13.603,-4.998,-15.196,13.15,3.682,0.199,0.0,-0.061,0.261,0.177,-13.603,-1.37,-0.0,0.01,-1.38,-0.464,0.288,4.135,4.139,3.755
51.6855,-1.719,0.057,9.603,0.04,0.04,-0.49,-0.603,2.377,-9.406,-0.34,-0.35,0.09,11.529,0.396,-4.971,-3.681,13.63,-4.997,-15.157,13.178,3.681,0.199,0.0,-0.006,0.205,0.172,-13.63,-1.372,0.0,0.006,-1.378,-0.465,0.293,4.138,4.139,3.755
51.7330,-1.975,0.266,10.08,2.29,1.44,-2.0,-0.394,2.315,-9.213,1.73,-1.05,0.93,11.585,0.408,-5.03,-3.685,13.625,-5.066,-15.217,13.162,3.685,0.199,0.0,-0.018,0.218,0.173,-13.625,-1.374,0.0,-0.03,-1.343,-0.461,0.285,4.137,4.139,3.755
51.7330,-1.975,0.266,10.08,2.29,1.44,-2.0,-0.394,2.315,-9.213,1.73,-1.05,0.93,11.585,0.408,-5.03,-3.685,13.625,-5.066,-15.217,13.162,3.685,0.199,0.0,-0.018,0.218,0.173,-13.625,-1.374,0.0,-0.03,-1.343,-0.461,0.285,4.137,4.139,3.755
51.7910,-1.788,0.165,9.984,-2.93,8.19,-7.17,-0.552,1.917,-9.644,-8.17,-16.48,5.9,11.717,0.492,-5.246,-3.998,13.731,-5.377,-15.661,13.2,3.998,0.21,0.0,-0.288,0.498,0.201,-13.731,-1.38,-0.0,0.143,-1.523,-0.483,0.231,4.141,4.139,3.755
51.7910,-1.788,0.165,9.984,-2.93,8.19,-7.17,-0.552,1.917,-9.644,-8.17,-16.48,5.9,11.717,0.492,-5.246,-3.998,13.731,-5.377,-15.661,13.2,3.998,0.21,0.0,-0.288,0.498,0.201,-13.731,-1.38,-0.0,0.143,-1.523,-0.483,0.231,4.141,4.139,3.755
51.8499,-2.356,-0.105,9.778,-5.14,8.43,-5.44,-0.685,2.303,-9.552,-0.0,-9.47,3.85,11.776,0.455,-5.385,-4.021,13.856,-5.431,-15.741,13.345,4.021,0.211,0.0,-0.068,0.28,0.18,-13.856,-1.387,-0.0,0.14,-1.527,-0.484,0.221,4.159,4.139,3.755
51.8855,-2.409,-0.105,9.687,-4.38,5.23,-2.36,-0.952,2.363,-9.618,-0.58,-4.41,-0.25,12.175,0.173,-5.573,-4.296,13.874,-5.584,-16.414,13.646,4.296,0.221,0.0,-0.077,0.298,0.182,-13.874,-1.389,-0.0,0.01,-1.399,-0.469,0.139,4.196,4.139,3.755
51.8855,-2.409,-0.105,9.687,-4.38,5.23,-2.36,-0.952,2.363,-9.618,-0.58,-4.41,-0.25,12.175,0.173,-5.573,-4.296,13.874,-5.584,-16.414,13.646,4.296,0.221,0.0,-0.077,0.298,0.182,-13.874,-1.389,-0.0,0.01,-1.399,-0.469,0.139,4.196,4.139,3.755
51.9362,-2.291,-0.211,9.816,-2.57,0.11,4.1,-0.889,2.467,-9.523,-0.57,3.21,-3.94,12.332,-0.054,-5.511,-4.354,14.004,-5.474,-16.628,14.001,4.354,0.223,0.0,0.056,0.167,0.169,-14.004,-1.397,-0.0,0.01,-1.407,-0.471,0.113,4.239,4.139,3.755
51.9362,-2.291,-0.211,9.816,-2.57,0.11,4.1,-0.889,2.467,-9.523,-0.57,3.21,-3.94,12.332,-0.054,-5.511,-4.354,14.004,-5.474,-16.628,14.001,4.354,0.223,0.0,0.056,0.167,0.169,-14.004,-1.397,-0.0,0.01,-1.407,-0.471,0.113,4.239,4.139,3.755
51.9965,-1.609,0.199,10.032,-2.65,4.04,0.02,-0.606,2.561,-9.345,-2.19,-3.78,-1.09,12.266,-0.085,-5.38,-4.456,14.099,-5.349,-16.662,14.129,4.456,0.226,0.0,-0.066,0.292,0.181,-14.099,-1.403,-0.0,0.038,-1.441,-0.475,0.109,4.255,4.139,3.755
51.9965,-1.609,0.199,10.032,-2.65,4.04,0.02,-0.606,2.561,-9.345,-2.19,-3.78,-1.09,12.266,-0.085,-5.38,-4.456,14.099,-5.349,-16.662,14.129,4.456,0.226,0.0,-0.066,0.292,0.181,-14.099,-1.403,-0.0,0.038,-1.441,-0.475,0.109,4.255,4.139,3.755
52.0250,-1.025,0.407,10.116,-3.21,10.94,-4.54,-0.761,2.178,-9.048,-4.35,-12.25,3.73,12.23,-0.077,-5.424,-4.648,14.176,-5.439,-16.819,14.209,4.648,0.233,0.0,-0.214,0.447,0.197,-14.176,-1.407,-0.0,0.076,-1.483,-0.481,0.09,4.264,4.139,3.755
52.0825,-0.603,0.077,9.713,-5.63,34.85,-14.29,-0.591,2.294,-8.9,-2.49,-21.61,3.51,12.495,-0.244,-5.84,-5.12,14.34,-5.741,-17.553,14.52,5.12,0.25,0.0,-0.377,0.627,0.215,-14.34,-1.416,-0.0,0.043,-1.46,-0.478,6.283,4.302,4.139,3.755
52.0825,-0.603,0.077,9.713,-5.63,34.85,-14.29,-0.591,2.294,-8.9,-2.49,-21.61,3.51,12.495,-0.244,-5.84,-5.12,14.34,-5.741,-17.553,14.52,5.12,0.25,0.0,-0.377,0.627,0.215,-14.34,-1.416,-0.0,0.043,-1.46,-0.478,6.283,4.302,4.139,3.755
52.1429,-1.173,-0.448,9.115,-7.21,60.52,-17.91,-0.418,2.228,-8.505,-1.69,-29.47,2.89,13.091,-0.436,-6.198,-5.484,14.461,-6.012,-18.509,14.822,5.484,0.262,0.0,-0.491,0.753,0.228,-14.461,-1.423,-0.0,0.005,-1.428,-0.475,6.166,4.339,4.139,3.755
52.1689,-1.429,-0.618,8.842,-6.26,72.63,-14.86,-0.735,2.385,-8.384,-1.64,-30.2,-4.41,15.124,-1.09,-6.982,-6.468,14.609,-6.354,-21.52,15.546,6.468,0.297,0.0,-0.527,0.824,0.235,-14.609,-1.431,-0.0,0.029,-1.46,-0.479,5.798,4.428,4.139,3.755
52.1689,-1.429,-0.618,8.842,-6.26,72.63,-14.86,-0.735,2.385,-8.384,-1.64,-30.2,-4.41,15.124,-1.09,-6.982,-6.468,14.609,-6.354,-21.52,15.546,6.468,0.297,0.0,-0.527,0.824,0.235,-14.609,-1.431,-0.0,0.029,-1.46,-0.479,5.798,4.428,4.139,3.755
52.2275,-3.031,-0.86,8.504,-2.44,90.82,-7.71,-1.772,2.264,-8.464,5.98,-37.13,-11.98,18.469,-1.708,-7.609,-7.955,14.552,-6.39,-26.346,15.962,7.955,0.349,0.0,-0.648,0.997,0.253,-14.552,-1.431,-0.0,-0.104,-1.326,-0.464,5.209,4.479,4.139,3.755
52.2275,-3.031,-0.86,8.504,-2.44,90.82,-7.71,-1.772,2.264,-8.464,5.98,-37.13,-11.98,18.469,-1.708,-7.609,-7.955,14.552,-6.39,-26.346,15.962,7.955,0.349,0.0,-0.648,0.997,0.253,-14.552,-1.431,-0.0,-0.104,-1.326,-0.464,5.209,4.479,4.139,3.755
52.2902,-4.161,-0.752,7.963,0.78,102.35,-1.11,-2.215,2.286,-8.768,9.43,-51.52,-21.58,22.72,-2.026,-7.957,-10.257,14.256,-6.173,-32.881,15.777,10.257,0.429,0.0,-0.899,1.328,0.286,-14.256,-1.42,0.0,-0.165,-1.255,-0.456,4.41,4.456,4.139,3.755
52.2902,-4.161,-0.752,7.963,0.78,102.35,-1.11,-2.215,2.286,-8.768,9.43,-51.52,-21.58,22.72,-2.026,-7.957,-10.257,14.256,-6.173,-32.881,15.777,10.257,0.429,0.0,-0.899,1.328,0.286,-14.256,-1.42,0.0,-0.165,-1.255,-0.456,4.41,4.456,4.139,3.755
52.3194,-5.239,-0.886,7.685,2.31,103.81,1.74,-2.945,2.388,-8.932,12.44,-59.45,-23.13,25.17,-2.16,-8.081,-11.678,14.02,-6.028,-36.734,15.55,11.678,0.479,0.0,-1.038,1.516,0.306,-14.02,-1.411,0.0,-0.217,-1.193,-0.449,3.94,4.428,4.139,3.755
52.3712,-7.089,-0.412,7.163,3.33,96.36,3.48,-5.721,1.966,-9.074,18.04,-172.22,-25.26,30.212,-2.114,-8.138,-17.073,13.43,-6.189,-47.074,15.005,17.073,0.667,0.0,-3.006,3.673,0.522,-13.43,-1.387,0.0,-0.315,-1.072,-0.434,2.676,4.362,4.139,3.755
52.3712,-7.089,-0.412,7.163,3.33,96.36,3.48,-5.721,1.966,-9.074,18.04,-172.22,-25.26,30.212,-2.114,-8.138,-17.073,13.43,-6.189,-47.074,15.005,17.073,0.667,0.0,-3.006,3.673,0.522,-13.43,-1.387,0.0,-0.315,-1.072,-0.434,2.676,4.362,4.139,3.755
52.4295,-8.863,0.223,5.578,-0.68,69.11,-3.8,0.967,0.876,-9.924,75.71,-219.97,5.45,34.871,-2.041,-8.156,-27.293,11.681,-7.832,-61.623,15.516,27.293,1.024,0.0,-3.839,4.863,0.643,-11.681,-1.312,-0.0,-1.321,0.009,-0.305,0.899,4.424,4.139,3.755
52.4295,-8.863,0.223,5.578,-0.68,69.11,-3.8,0.967,0.876,-9.924,75.71,-219.97,5.45,34.871,-2.041,-8.156,-27.293,11.681,-7.832,-61.623,15.516,27.293,1.024,0.0,-3.839,4.863,0.643,-11.681,-1.312,-0.0,-1.321,0.009,-0.305,0.899,4.424,4.139,3.755
52.4908,-11.353,0.057,5.464,-3.12,-10.74,3.38,-12.382,2.164,-6.232,-65.73,252.35,-21.44,37.41,-2.242,-8.33,-20.03,10.937,-5.741,-57.1,12.065,23.237,0.883,0.0,3.223,-2.341,-0.077,-10.483,-1.261,-0.0,-0.559,-0.701,-0.39,1.18,4.154,4.139,3.755
52.5176,-9.225,-0.879,6.287,-1.47,-49.22,13.35,-3.175,2.377,-10.816,-139.9,252.35,-38.4,37.441,-2.164,-8.055,-15.422,13.165,-4.159,-52.608,12.707,15.422,0.61,-0.0,4.404,-3.794,-0.224,-13.165,-1.379,-0.0,2.442,-3.821,-0.766,2.0,4.081,4.139,3.755
52.5176,-9.225,-0.879,6.287,-1.47,-49.22,13.35,-3.175,2.377,-10.816,-139.9,252.35,-38.4,37.441,-2.164,-8.055,-15.422,13.165,-4.159,-52.608,12.707,15.422,0.61,-0.0,4.404,-3.794,-0.224,-13.165,-1.379,-0.0,2.442,-3.821,-0.766,2.0,4.081,4.139,3.755
52.5790,-7.64,-0.249,7.266,1.56,-78.67,21.65,-6.473,1.905,-9.592,12.45,18.66,7.18,35.797,-1.566,-6.996,-11.852,13.994,-2.162,-47.399,12.017,11.852,0.485,-0.0,0.326,0.16,0.17,-13.994,-1.417,0.0,-0.217,-1.2,-0.452,2.637,3.997,4.139,3.755
52.5790,-7.64,-0.249,7.266,1.56,-78.67,21.65,-6.473,1.905,-9.592,12.45,18.66,7.18,35.797,-1.566,-6.996,-11.852,13.994,-2.162,-47.399,12.017,11.852,0.485,-0.0,0.326,0.16,0.17,-13.994,-1.417,0.0,-0.217,-1.2,-0.452,2.637,3.997,4.139,3.755
52.6371,-6.718,0.175,7.884,0.75,-102.01,8.88,-10.833,2.138,-9.681,60.39,-247.92,29.76,32.918,-1.093,-6.192,-19.814,12.678,-5.203,-52.429,13.493,19.814,0.763,-0.0,-4.327,5.09,0.665,-12.678,-1.362,0.0,-1.054,-0.308,-0.345,2.022,4.177,4.139,3.755
52.6371,-6.718,0.175,7.884,0.75,-102.01,8.88,-10.833,2.138,-9.681,60.39,-247.92,29.76,32.918,-1.093,-6.192,-19.814,12.678,-5.203,-52.429,13.493,19.814,0.763,-0.0,-4.327,5.09,0.665,-12.678,-1.362,0.0,-1.054,-0.308,-0.345,2.022,4.177,4.139,3.755
52.6666,-6.563,-0.328,6.845,0.27,-106.17,-0.13,2.282,1.526,-10.093,74.83,-143.15,33.79,31.274,-1.022,-6.089,-22.939,11.685,-6.705,-53.844,13.882,22.939,0.873,-0.0,-2.499,3.371,0.494,-11.685,-1.319,0.0,-1.306,-0.013,-0.31,1.849,4.224,4.139,3.755
52.7253,-6.005,0.321,8.025,4.01,-124.58,-0.84,-6.851,2.986,-6.12,-49.21,252.35,18.31,26.837,-0.9,-6.046,-15.165,11.529,-5.696,-41.804,12.46,15.165,0.601,-0.0,4.404,-3.803,-0.225,-11.529,-1.314,0.0,0.859,-2.173,-0.57,3.32,4.051,4.139,3.755
52.7253,-6.005,0.321,8.025,4.01,-124.58,-0.84,-6.851,2.986,-6.12,-49.21,252.35,18.31,26.837,-0.9,-6.046,-15.165,11.529,-5.696,-41.804,12.46,15.165,0.601,-0.0,4.404,-3.803,-0.225,-11.529,-1.314,0.0,0.859,-2.173,-0.57,3.32,4.051,4.139,3.755
52.7775,-2.684,0.019,9.16,-0.4,-119.03,-2.85,-7.598,0.344,-8.643,-49.74,136.66,14.26,21.414,-0.815,-6.08,-7.066,14.259,-4.545,-28.383,14.485,7.066,0.319,-0.0,2.385,-2.066,-0.052,-14.259,-1.435,-0.0,0.868,-2.303,-0.586,4.96,4.298,4.139,3.755
52.7775,-2.684,0.019,9.16,-0.4,-119.03,-2.85,-7.598,0.344,-8.643,-49.74,136.66,14.26,21.414,-0.815,-6.08,-7.066,14.259,-4.545,-28.383,14.485,7.066,0.319,-0.0,2.385,-2.066,-0.052,-14.259,-1.435,-0.0,0.868,-2.303,-0.586,4.96,4.298,4.139,3.755
52.8357,0.057,-0.048,8.981,-1.99,-100.11,-3.0,1.766,2.71,-9.037,43.61,3.01,31.45,16.052,-0.787,-6.099,-6.176,13.255,-5.883,-22.147,13.987,6.176,0.288,-0.0,0.053,0.235,0.178,-13.255,-1.393,-0.0,-0.761,-0.632,-0.386,5.285,4.287,4.139,3.755
52.8357,0.057,-0.048,8.981,-1.99,-100.11,-3.0,1.766,2.71,-9.037,43.61,3.01,31.45,16.052,-0.787,-6.099,-6.176,13.255,-5.883,-22.147,13.987,6.176,0.288,-0.0,0.053,0.235,0.178,-13.255,-1.393,-0.0,-0.761,-0.632,-0.386,5.722,4.237,4.139,3.755
52.8656,-0.498,0.158,9.778,-2.96,-84.03,-2.37,-0.503,2.707,-8.03,-3.9,30.62,19.46,13.684,-0.772,-6.103,-5.514,13.275,-6.187,-19.126,14.061,5.514,0.265,-0.0,0.534,-0.27,0.127,-13.275,-1.395,-0.0,0.068,-1.463,-0.486,6.091,4.246,4.139,3.755
52.9253,1.104,-0.113,9.938,-2.32,-55.49,-9.45,0.141,1.66,-9.26,-3.41,28.82,23.41,9.55,-0.924,-6.358,-3.505,14.066,-6.709,-13.001,15.023,3.505,0.195,-0.0,0.503,-0.308,0.123,-14.066,-1.431,-0.0,0.059,-1.491,-0.49,0.556,4.364,4.139,3.755
52.9253,1.104,-0.113,9.938,-2.32,-55.49,-9.45,0.141,1.66,-9.26,-3.41,28.82,23.41,9.55,-0.924,-6.358,-3.505,14.066,-6.709,-13.001,15.023,3.505,0.195,-0.0,0.503,-0.308,0.123,-14.066,-1.431,-0.0,0.059,-1.491,-0.49,0.556,4.364,4.139,3.755
52.9862,1.343,0.012,10.348,-2.81,-25.12,-6.29,1.152,2.875,-9.369,2.84,1.34,9.93,6.791,-0.923,-6.61,-2.394,13.871,-7.107,-9.144,14.815,2.394,0.156,-0.0,0.023,0.132,0.167,-13.871,-1.425,-0.0,-0.049,-1.375,-0.477,1.027,4.338,4.139,3.755
52.9862,1.343,0.012,10.348,-2.81,-25.12,-6.29,1.152,2.875,-9.369,2.84,1.34,9.93,6.791,-0.923,-6.61,-2.394,13.871,-7.107,-9.144,14.815,2.394,0.156,-0.0,0.023,0.132,0.167,-13.871,-1.425,-0.0,-0.049,-1.375,-0.477,1.027,4.338,4.139,3.755
53.0148,1.482,-0.103,10.465,-3.92,-10.69,-6.86,0.837,2.465,-8.818,-3.62,2.48,10.54,5.967,-0.984,-6.745,-2.038,14.015,-7.312,-7.966,15.017,2.038,0.143,-0.0,0.043,0.1,0.164,-14.015,-1.432,-0.0,0.063,-1.495,-0.491,1.171,4.363,4.139,3.755
53.0742,0.524,-0.433,10.089,-2.61,10.27,-4.36,0.345,2.433,-9.175,8.2,-5.09,2.86,5.142,-1.199,-6.948,-1.883,14.049,-7.486,-6.988,15.253,1.883,0.138,0.0,-0.089,0.227,0.177,-14.049,-1.436,-0.0,-0.143,-1.292,-0.468,1.291,4.392,4.139,3.755
53.0742,0.524,-0.433,10.089,-2.61,10.27,-4.36,0.345,2.433,-9.175,8.2,-5.09,2.86,5.142,-1.199,-6.948,-1.883,14.049,-7.486,-6.988,15.253,1.883,0.138,0.0,-0.089,0.227,0.177,-14.049,-1.436,-0.0,-0.143,-1.292,-0.468,1.291,4.392,4.139,3.755
53.1259,-0.268,-0.192,10.029,0.08,17.15,-1.29,0.31,2.477,-9.226,-1.01,-6.86,-1.84,5.305,-1.252,-7.037,-2.22,13.937,-7.541,-7.486,15.195,2.22,0.15,0.0,-0.12,0.269,0.181,-13.937,-1.433,0.0,0.018,-1.45,-0.487,1.23,4.385,4.139,3.755
53.1259,-0.268,-0.192,10.029,0.08,17.15,-1.29,0.31,2.477,-9.226,-1.01,-6.86,-1.84,5.305,-1.252,-7.037,-2.22,13.937,-7.541,-7.486,15.195,2.22,0.15,0.0,-0.12,0.269,0.181,-13.937,-1.433,0.0,0.018,-1.45,-0.487,1.23,4.385,4.139,3.755
53.1836,-0.045,0.05,10.068,0.16,16.72,5.22,-0.47,2.3,-9.364,2.79,-8.82,-8.24,5.653,-1.235,-6.932,-2.607,13.941,-7.338,-8.22,15.179,2.607,0.163,0.0,-0.154,0.317,0.186,-13.941,-1.435,0.0,-0.049,-1.386,-0.48,1.14,4.383,4.139,3.755
53.1836,-0.045,0.05,10.068,0.16,16.72,5.22,-0.47,2.3,-9.364,2.79,-8.82,-8.24,5.653,-1.235,-6.932,-2.607,13.941,-7.338,-8.22,15.179,2.607,0.163,0.0,-0.154,0.317,0.186,-13.941,-1.435,0.0,-0.049,-1.386,-0.48,1.14,4.383,4.139,3.755
53.2420,-1.195,-0.175,9.847,-2.45,20.39,-0.71,-0.275,2.169,-9.519,-2.93,-13.07,-2.94,6.344,-1.167,-6.897,-3.108,14.029,-7.228,-9.411,15.198,3.108,0.181,0.0,-0.228,0.409,0.196,-14.029,-1.441,-0.0,0.051,-1.492,-0.493,1.076,4.379,4.139,3.755
53.2420,-1.195,-0.175,9.847,-2.45,20.39,-0.71,-0.275,2.169,-9.519,-2.93,-13.07,-2.94,6.344,-1.167,-6.897,-3.108,14.029,-7.228,-9.411,15.198,3.108,0.181,0.0,-0.228,0.409,0.196,-14.029,-1.441,-0.0,0.051,-1.492,-0.493,0.995,4.385,4.139,3.755
53.2719,-1.233,-0.12,9.855,-2.57,17.0,0.49,-0.52,2.301,-9.612,2.03,-5.02,-3.62,6.699,-1.2,-6.896,-3.2,13.975,-7.154,-9.857,15.172,3.2,0.184,0.0,-0.088,0.272,0.182,-13.975,-1.439,-0.0,-0.036,-1.404,-0.483,0.94,4.382,4.139,3.755
53.3315,-1.008,-0.405,9.991,-3.31,14.1,-0.1,-0.237,2.587,-9.203,4.03,3.14,-4.87,7.206,-1.336,-6.872,-3.349,13.88,-6.972,-10.513,15.199,3.349,0.189,0.0,0.055,0.135,0.168,-13.88,-1.437,-0.0,-0.07,-1.367,-0.479,0.86,4.385,4.139,3.755
53.3315,-1.008,-0.405,9.991,-3.31,14.1,-0.1,-0.237,2.587,-9.203,4.03,3.14,-4.87,7.206,-1.336,-6.872,-3.349,13.88,-6.972,-10.513,15.199,3.349,0.189,0.0,0.055,0.135,0.168,-13.88,-1.437,-0.0,-0.07,-1.367,-0.479,0.86,4.385,4.139,3.755
53.3910,-1.257,-0.086,10.084,-2.18,11.58,-1.73,-0.637,2.35,-9.615,0.1,-6.75,0.15,7.708,-1.46,-6.941,-3.605,13.854,-6.971,-11.269,15.294,3.605,0.198,0.0,-0.118,0.316,0.186,-13.854,-1.438,-0.0,-0.002,-1.436,-0.488,0.815,4.394,4.139,3.755
53.3910,-1.257,-0.086,10.084,-2.18,11.58,-1.73,-0.637,2.35,-9.615,0.1,-6.75,0.15,7.708,-1.46,-6.941,-3.605,13.854,-6.971,-11.269,15.294,3.605,0.198,0.0,-0.118,0.316,0.186,-13.854,-1.438,-0.0,-0.002,-1.436,-0.488,0.768,4.397,4.139,3.755
53.4211,-1.97,-0.134,10.523,-3.46,11.6,-3.07,-0.488,2.364,-9.638,-1.03,3.33,-1.71,7.976,-1.506,-7.0,-3.569,13.859,-6.957,-11.502,15.337,3.569,0.197,0.0,0.058,0.139,0.169,-13.859,-1.439,-0.0,0.018,-1.457,-0.491,0.739,4.402,4.139,3.755
53.4805,-1.753,-0.388,9.874,-3.47,4.44,-3.18,-0.837,2.395,-9.786,4.3,0.17,3.86,8.442,-1.699,-7.143,-3.558,13.779,-7.01,-11.957,15.443,3.558,0.197,0.0,0.003,0.194,0.174,-13.779,-1.437,-0.0,-0.075,-1.362,-0.48,0.684,4.415,4.139,3.755
53.4805,-1.753,-0.388,9.874,-3.47,4.44,-3.18,-0.837,2.395,-9.786,4.3,0.17,3.86,8.442,-1.699,-7.143,-3.558,13.779,-7.01,-11.957,15.443,3.558,0.197,0.0,0.003,0.194,0.174,-13.779,-1.437,-0.0,-0.075,-1.362,-0.48,0.684,4.415,4.139,3.755
53.5316,-1.59,-0.692,9.855,-0.86,0.36,-0.91,-0.651,2.641,-9.419,9.75,10.17,1.03,8.513,-1.948,-7.256,-3.3,13.559,-6.998,-11.774,15.457,3.3,0.188,0.0,0.178,0.01,0.156,-13.559,-1.43,-0.0,-0.17,-1.26,-0.468,0.706,4.417,4.139,3.755
53.5316,-1.59,-0.692,9.855,-0.86,0.36,-0.91,-0.651,2.641,-9.419,9.75,10.17,1.03,8.513,-1.948,-7.256,-3.3,13.559,-6.998,-11.774,15.457,3.3,0.188,0.0,0.178,0.01,0.156,-13.559,-1.43,-0.0,-0.17,-1.26,-0.468,0.706,4.417,4.139,3.755
53.5906,-1.03,0.364,9.586,-1.29,-2.38,-0.15,-0.39,2.423,-9.603,-2.28,-1.34,0.64,8.436,-1.954,-7.261,-3.252,13.47,-7.036,-11.648,15.379,3.252,0.186,-0.0,-0.023,0.209,0.176,-13.47,-1.428,-0.0,0.04,-1.467,-0.494,0.721,4.407,4.139,3.755
53.5906,-1.03,0.364,9.586,-1.29,-2.38,-0.15,-0.39,2.423,-9.603,-2.28,-1.34,0.64,8.436,-1.954,-7.261,-3.252,13.47,-7.036,-11.648,15.379,3.252,0.186,-0.0,-0.023,0.209,0.176,-13.47,-1.428,-0.0,0.04,-1.467,-0.494,0.721,4.407,4.139,3.755
53.6191,-1.211,-0.572,9.606,-0.57,-2.89,-0.03,-0.411,2.261,-9.171,-3.97,12.36,-0.91,8.387,-2.017,-7.27,-3.111,13.566,-6.995,-11.46,15.529,3.111,0.181,-0.0,0.216,-0.035,0.152,-13.566,-1.433,-0.0,0.069,-1.502,-0.498,0.744,4.426,4.139,3.755
53.6776,-1.092,-0.517,9.826,-1.28,-1.86,1.57,-0.499,2.219,-9.212,-0.93,-2.79,-3.07,8.207,-2.119,-7.249,-2.984,13.516,-6.95,-11.156,15.579,2.984,0.177,-0.0,-0.049,0.225,0.178,-13.516,-1.433,-0.0,0.016,-1.449,-0.492,0.782,4.432,4.139,3.755
53.6776,-1.092,-0.517,9.826,-1.28,-1.86,1.57,-0.499,2.219,-9.212,-0.93,-2.79,-3.07,8.207,-2.119,-7.249,-2.984,13.516,-6.95,-11.156,15.579,2.984,0.177,-0.0,-0.049,0.225,0.178,-13.516,-1.433,-0.0,0.016,-1.449,-0.492,0.782,4.432,4.139,3.755
53.7377,-0.723,-0.388,9.579,1.86,0.65,3.01,-0.376,2.091,-9.088,2.46,-2.45,-2.7,7.975,-2.132,-7.147,-2.81,13.56,-6.832,-10.752,15.633,2.81,0.171,0.0,-0.043,0.213,0.177,-13.56,-1.436,0.0,-0.043,-1.393,-0.486,0.831,4.438,4.139,3.755
53.7377,-0.723,-0.388,9.579,1.86,0.65,3.01,-0.376,2.091,-9.088,2.46,-2.45,-2.7,7.975,-2.132,-7.147,-2.81,13.56,-6.832,-10.752,15.633,2.81,0.171,0.0,-0.043,0.213,0.177,-13.56,-1.436,0.0,-0.043,-1.393,-0.486,0.831,4.438,4.139,3.755
53.7672,-0.845,-0.364,10.008,0.85,5.01,2.42,-0.437,2.448,-9.258,2.74,-4.29,-4.03,7.937,-2.099,-7.099,-2.863,13.511,-6.764,-10.769,15.547,2.863,0.172,0.0,-0.075,0.247,0.18,-13.511,-1.435,0.0,-0.048,-1.387,-0.486,0.829,4.428,4.139,3.755
53.8257,0.376,-0.517,10.666,-0.82,21.04,3.98,0.347,2.417,-9.347,-2.79,-19.58,-8.18,7.676,-2.153,-7.0,-3.203,13.642,-6.696,-10.846,15.739,3.203,0.184,0.0,-0.342,0.526,0.208,-13.642,-1.443,-0.0,0.049,-1.491,-0.499,0.819,4.451,4.139,3.755
53.8257,0.376,-0.517,10.666,-0.82,21.04,3.98,0.347,2.417,-9.347,-2.79,-19.58,-8.18,7.676,-2.153,-7.0,-3.203,13.642,-6.696,-10.846,15.739,3.203,0.184,0.0,-0.342,0.526,0.208,-13.642,-1.443,-0.0,0.049,-1.491,-0.499,0.819,4.451,4.139,3.755
53.8866,0.52,-0.4,9.979,0.53,57.54,0.15,0.174,2.354,-8.936,5.34,-32.07,-9.71,8.483,-2.157,-6.998,-4.006,13.632,-6.586,-12.452,15.725,4.006,0.212,0.0,-0.56,0.772,0.233,-13.632,-1.444,0.0,-0.093,-1.351,-0.483,0.623,4.45,4.139,3.755
53.8866,0.52,-0.4,9.979,0.53,57.54,0.15,0.174,2.354,-8.936,5.34,-32.07,-9.71,8.483,-2.157,-6.998,-4.006,13.632,-6.586,-12.452,15.725,4.006,0.212,0.0,-0.56,0.772,0.233,-13.632,-1.444,0.0,-0.093,-1.351,-0.483,0.623,4.45,4.139,3.755
53.9155,0.735,-0.474,9.598,0.5,76.4,-0.02,0.324,2.27,-8.601,2.26,-32.71,-13.85,9.409,-2.174,-7.06,-4.469,13.607,-6.497,-13.841,15.696,4.469,0.229,0.0,-0.571,0.8,0.236,-13.607,-1.444,0.0,-0.04,-1.405,-0.489,0.453,4.446,4.139,3.755
53.9740,-1.168,-0.584,8.564,3.87,117.65,-6.63,-0.718,2.26,-8.384,3.71,-17.93,-16.4,12.771,-2.215,-7.364,-5.326,13.604,-6.077,-18.068,15.577,5.326,0.259,0.0,-0.313,0.571,0.213,-13.604,-1.446,0.0,-0.065,-1.381,-0.487,6.22,4.432,4.139,3.755
53.9740,-1.168,-0.584,8.564,3.87,117.65,-6.63,-0.718,2.26,-8.384,3.71,-17.93,-16.4,12.771,-2.215,-7.364,-5.326,13.604,-6.077,-18.068,15.577,5.326,0.259,0.0,-0.313,0.571,0.213,-13.604,-1.446,0.0,-0.065,-1.381,-0.487,6.22,4.432,4.139,3.755
54.0261,-3.821,-0.294,7.321,6.32,128.9,-8.1,-2.089,1.802,-8.407,2.71,-47.73,-16.77,18.298,-2.208,-7.932,-7.404,13.404,-5.862,-25.659,15.071,7.404,0.331,0.0,-0.833,1.164,0.273,-13.404,-1.439,0.0,-0.047,-1.392,-0.489,5.293,4.37,4.139,3.755
54.0261,-3.821,-0.294,7.321,6.32,128.9,-8.1,-2.089,1.802,-8.407,2.71,-47.73,-16.77,18.298,-2.208,-7.932,-7.404,13.404,-5.862,-25.659,15.071,7.404,0.331,0.0,-0.833,1.164,0.273,-13.404,-1.439,0.0,-0.047,-1.392,-0.489,5.293,4.37,4.139,3.755
54.0862,-5.617,-0.108,7.029,5.77,115.14,-1.6,-2.288,1.769,-9.074,2.42,-25.31,-24.9,24.342,-2.1,-8.329,-9.372,13.102,-5.441,-33.639,14.124,9.372,0.4,0.0,-0.442,0.842,0.241,-13.102,-1.428,0.0,-0.042,-1.386,-0.489,4.784,4.323,4.139,3.755
54.0862,-5.617,-0.108,7.029,5.77,115.14,-1.6,-2.288,1.769,-9.074,2.42,-25.31,-24.9,24.342,-2.1,-8.329,-9.372,13.102,-5.441,-33.639,14.124,9.372,0.4,0.0,-0.442,0.842,0.241,-13.102,-1.428,0.0,-0.042,-1.386,-0.489,4.318,4.254,4.139,3.755
54.1151,-6.306,-0.127,7.02,3.53,109.75,2.11,-2.433,1.816,-8.95,0.82,-11.97,-30.15,27.162,-2.016,-8.371,-9.986,12.939,-5.031,-37.051,13.479,9.986,0.421,0.0,-0.209,0.63,0.22,-12.939,-1.421,0.0,-0.014,-1.407,-0.492,3.901,4.175,4.139,3.755
54.1754,-7.786,-0.366,6.383,2.82,99.88,1.32,-3.004,2.03,-9.649,-7.87,-19.18,-33.56,32.597,-1.933,-8.426,-11.364,12.879,-4.065,-43.797,12.21,11.364,0.47,0.0,-0.335,0.804,0.238,-12.879,-1.421,0.0,0.137,-1.558,-0.51,3.077,4.02,4.139,3.755
54.1754,-7.786,-0.366,6.383,2.82,99.88,1.32,-3.004,2.03,-9.649,-7.87,-19.18,-33.56,32.597,-1.933,-8.426,-11.364,12.879,-4.065,-43.797,12.21,11.364,0.47,0.0,-0.335,0.804,0.238,-12.879,-1.421,0.0,0.137,-1.558,-0.51,3.077,4.02,4.139,3.755
54.2360,-10.769,0.22,6.292,3.98,60.72,2.87,-3.952,1.774,-10.669,2.31,-20.28,-21.59,37.414,-1.7,-8.401,-12.647,12.512,-3.498,-49.787,10.417,12.647,0.514,0.0,-0.354,0.868,0.244,-12.512,-1.406,0.0,-0.04,-1.366,-0.488,2.345,3.801,4.139,3.755
54.2360,-10.769,0.22,6.292,3.98,60.72,2.87,-3.952,1.774,-10.669,2.31,-20.28,-21.59,37.414,-1.7,-8.401,-12.647,12.512,-3.498,-49.787,10.417,12.647,0.514,0.0,-0.354,0.868,0.244,-12.512,-1.406,0.0,-0.04,-1.366,-0.488,2.345,3.801,4.139,3.755
54.2871,-11.028,-0.144,6.076,0.54,-13.36,10.65,-3.973,1.617,-10.816,-2.16,-38.92,-9.65,39.82,-1.374,-8.036,-14.458,12.37,-3.621,-53.923,9.767,14.458,0.578,-0.0,-0.679,1.257,0.284,-12.37,-1.402,0.0,0.038,-1.44,-0.497,1.84,3.722,4.139,3.755
54.2871,-11.028,-0.144,6.076,0.54,-13.36,10.65,-3.973,1.617,-10.816,-2.16,-38.92,-9.65,39.82,-1.374,-8.036,-14.458,12.37,-3.621,-53.923,9.767,14.458,0.578,-0.0,-0.679,1.257,0.284,-12.37,-1.402,0.0,0.038,-1.44,-0.497,1.84,3.722,4.139,3.755
54.3162,-9.867,-0.139,6.16,0.87,-38.38,13.69,-5.137,1.45,-9.895,10.06,-48.61,2.41,39.892,-1.13,-7.678,-15.674,12.186,-3.975,-55.196,9.868,15.674,0.62,-0.0,-0.848,1.469,0.305,-12.186,-1.395,0.0,-0.176,-1.219,-0.471,1.684,3.734,4.139,3.755
54.3745,-9.187,-0.093,6.457,-2.44,-70.86,18.48,-6.264,0.772,-8.294,48.41,-247.92,10.69,38.731,-0.564,-6.747,-24.551,11.497,-6.159,-62.765,11.795,24.551,0.93,-0.0,-4.327,5.257,0.686,-11.497,-1.366,-0.0,-0.845,-0.521,-0.388,0.759,3.969,4.139,3.755
54.3745,-9.187,-0.093,6.457,-2.44,-70.86,18.48,-6.264,0.772,-8.294,48.41,-247.92,10.69,38.731,-0.564,-6.747,-24.551,11.497,-6.159,-62.765,11.795,24.551,0.93,-0.0,-4.327,5.257,0.686,-11.497,-1.366,-0.0,-0.845,-0.521,-0.388,0.759,3.969,4.139,3.755
54.4379,-6.984,-0.153,7.166,-2.56,-109.12,10.1,-5.637,2.043,-6.111,5.74,252.35,-7.83,36.022,-0.247,-6.044,-19.429,9.536,-6.052,-55.1,9.895,19.429,0.752,-0.0,4.404,-3.653,-0.206,-9.536,-1.282,-0.0,-0.1,-1.182,-0.467,1.696,3.737,4.139,3.755
54.4379,-6.984,-0.153,7.166,-2.56,-109.12,10.1,-5.637,2.043,-6.111,5.74,252.35,-7.83,36.022,-0.247,-6.044,-19.429,9.536,-6.052,-55.1,9.895,19.429,0.752,-0.0,4.404,-3.653,-0.206,-9.536,-1.282,-0.0,-0.1,-1.182,-0.467,1.696,3.737,4.139,3.755
54.4925,-5.298,-0.498,7.238,-6.16,-117.61,-5.84,-6.744,0.643,-9.849,-138.55,223.88,-18.33,32.135,-0.246,-5.942,-11.0,13.728,-3.953,-42.919,12.533,11.0,0.457,-0.0,3.908,-3.45,-0.187,-13.728,-1.467,-0.0,2.418,-3.885,-0.793,3.184,4.06,4.139,3.755
54.4925,-5.298,-0.498,7.238,-6.16,-117.61,-5.84,-6.744,0.643,-9.849,-138.55,223.88,-18.33,32.135,-0.246,-5.942,-11.0,13.728,-3.953,-42.919,12.533,11.0,0.457,-0.0,3.908,-3.45,-0.187,-13.728,-1.467,-0.0,2.418,-3.885,-0.793,3.184,4.06,4.139,3.755
54.5478,-4.18,-0.148,8.042,-8.14,-121.7,-8.81,0.34,1.793,-9.743,64.75,-5.06,72.04,27.639,-0.473,-6.115,-9.873,13.27,-5.316,-37.354,13.329,9.873,0.418,-0.0,-0.088,0.506,0.209,-13.27,-1.449,-0.0,-1.13,-0.319,-0.365,3.864,4.157,4.139,3.755
54.5478,-4.18,-0.148,8.042,-8.14,-121.7,-8.81,0.34,1.793,-9.743,64.75,-5.06,72.04,27.639,-0.473,-6.115,-9.873,13.27,-5.316,-37.354,13.329,9.873,0.418,-0.0,-0.088,0.506,0.209,-13.27,-1.449,-0.0,-1.13,-0.319,-0.365,3.864,4.157,4.139,3.755
54.5773,-3.989,-0.192,8.679,-5.17,-118.22,-7.48,-1.925,2.966,-9.105,52.76,14.32,50.45,25.168,-0.723,-6.296,-9.195,12.309,-6.354,-34.217,13.153,9.195,0.395,-0.0,0.25,0.145,0.173,-12.309,-1.408,-0.0,-0.921,-0.487,-0.386,4.247,4.135,4.139,3.755
54.6359,-2.09,-0.426,9.203,0.51,-109.79,-5.41,0.769,2.448,-9.625,-42.95,72.72,20.31,20.034,-0.988,-6.532,-6.582,13.604,-6.963,-26.502,14.814,6.582,0.303,-0.0,1.269,-0.966,0.061,-13.604,-1.466,0.0,0.75,-2.216,-0.594,5.19,4.338,4.139,3.755
54.6359,-2.09,-0.426,9.203,0.51,-109.79,-5.41,0.769,2.448,-9.625,-42.95,72.72,20.31,20.034,-0.988,-6.532,-6.582,13.604,-6.963,-26.502,14.814,6.582,0.303,-0.0,1.269,-0.966,0.061,-13.604,-1.466,0.0,0.75,-2.216,-0.594,5.19,4.338,4.139,3.755
54.6941,0.651,0.196,9.716,1.1,-84.09,-3.58,0.412,2.186,-8.932,10.74,50.94,21.71,14.909,-0.851,-6.606,-3.16,13.643,-7.084,-17.994,14.613,3.16,0.184,-0.0,0.889,-0.705,0.087,-13.643,-1.47,0.0,-0.187,-1.282,-0.482,6.229,4.314,4.139,3.755
54.6941,0.651,0.196,9.716,1.1,-84.09,-3.58,0.412,2.186,-8.932,10.74,50.94,21.71,14.909,-0.851,-6.606,-3.16,13.643,-7.084,-17.994,14.613,3.16,0.184,-0.0,0.889,-0.705,0.087,-13.643,-1.47,0.0,-0.187,-1.282,-0.482,6.229,4.314,4.139,3.755
54.7233,1.087,0.275,10.171,-2.95,-63.78,-6.19,1.073,2.983,-8.655,5.99,25.51,22.47,12.765,-0.818,-6.673,-2.099,13.673,-7.345,-14.8,14.621,2.099,0.147,-0.0,0.445,-0.298,0.128,-13.673,-1.472,-0.0,-0.105,-1.367,-0.493,0.336,4.315,4.139,3.755
54.7825,0.618,-0.318,10.104,-8.55,-29.17,-9.12,1.536,2.16,-9.315,-12.39,-15.7,11.02,9.818,-1.093,-6.985,-1.411,14.243,-7.922,-11.168,15.467,1.411,0.123,-0.0,-0.274,0.397,0.197,-14.243,-1.499,-0.0,0.216,-1.715,-0.535,0.78,4.418,4.139,3.755
54.7825,0.618,-0.318,10.104,-8.55,-29.17,-9.12,1.536,2.16,-9.315,-12.39,-15.7,11.02,9.818,-1.093,-6.985,-1.411,14.243,-7.922,-11.168,15.467,1.411,0.123,-0.0,-0.274,0.397,0.197,-14.243,-1.499,-0.0,0.216,-1.715,-0.535,0.78,4.418,4.139,3.755
54.8433,0.46,-0.591,10.357,-7.44,-18.91,-2.99,1.264,2.435,-9.331,8.6,-22.59,8.11,8.052,-1.551,-7.236,-1.434,14.018,-8.491,-9.414,15.714,1.37,0.122,-0.0,-0.364,0.486,0.206,-14.187,-1.497,-0.0,-0.123,-1.374,-0.495,0.9,4.44,4.139,3.755
54.8706,1.877,-0.745,10.635,-5.41,-9.22,3.32,1.571,2.605,-9.155,1.08,-26.15,-2.47,7.172,-1.751,-7.202,-1.548,14.021,-8.551,-8.642,15.909,1.548,0.128,-0.0,-0.456,0.584,0.216,-14.021,-1.492,-0.0,-0.019,-1.473,-0.507,1.089,4.472,4.139,3.755
54.8954,3.232,-0.634,10.879,-3.12,13.54,6.18,1.925,2.768,-9.239,1.09,-31.02,-8.65,6.456,-1.879,-7.099,-1.647,14.114,-8.476,-8.024,16.114,1.548,0.128,-0.0,-0.456,0.584,0.216,-14.021,-1.492,-0.0,-0.019,-1.473,-0.507,1.089,4.472,4.139,3.755
54.9271,3.089,-0.297,10.676,-1.38,44.94,6.74,1.701,2.355,-8.969,3.45,-42.67,-13.51,6.319,-1.911,-6.991,-2.021,14.09,-8.374,-8.259,16.12,2.021,0.144,0.0,-0.745,0.889,0.247,-14.09,-1.497,-0.0,-0.06,-1.437,-0.503,1.135,4.498,4.139,3.755
54.9271,3.089,-0.297,10.676,-1.38,44.94,6.74,1.701,2.355,-8.969,3.45,-42.67,-13.51,6.319,-1.911,-6.991,-2.021,14.09,-8.374,-8.259,16.12,2.021,0.144,0.0,-0.745,0.889,0.247,-14.09,-1.497,-0.0,-0.06,-1.437,-0.503,1.135,4.498,4.139,3.755
54.9825,1.645,-0.63,9.287,-2.56,98.84,4.14,0.812,2.534,-8.339,5.27,-47.12,-23.37,7.985,-2.011,-6.879,-3.375,14.022,-7.904,-11.276,16.163,3.375,0.192,0.0,-0.822,1.014,0.26,-14.022,-1.496,-0.0,-0.092,-1.404,-0.5,0.767,4.503,4.139,3.755
54.9825,1.645,-0.63,9.287,-2.56,98.84,4.14,0.812,2.534,-8.339,5.27,-47.12,-23.37,7.985,-2.011,-6.879,-3.375,14.022,-7.904,-11.276,16.163,3.375,0.192,0.0,-0.822,1.014,0.26,-14.022,-1.496,-0.0,-0.092,-1.404,-0.5,0.767,4.503,4.139,3.755
55.0417,-1.31,-0.335,7.987,5.27,134.45,3.33,-0.338,2.132,-8.532,7.05,-27.75,-31.27,12.225,-2.097,-6.926,-4.901,13.796,-7.119,-17.047,15.975,4.901,0.245,0.0,-0.484,0.729,0.232,-13.796,-1.488,0.0,-0.123,-1.365,-0.496,0.062,4.48,4.139,3.755
55.0417,-1.31,-0.335,7.987,5.27,134.45,3.33,-0.338,2.132,-8.532,7.05,-27.75,-31.27,12.225,-2.097,-6.926,-4.901,13.796,-7.119,-17.047,15.975,4.901,0.245,0.0,-0.484,0.729,0.232,-13.796,-1.488,0.0,-0.123,-1.365,-0.496,0.062,4.48,4.139,3.755
55.1046,-3.915,-0.117,7.618,8.01,133.7,2.02,-2.354,1.847,-8.722,1.32,-57.62,-31.42,18.26,-1.859,-7.044,-7.043,13.414,-6.298,-25.218,15.151,7.043,0.32,0.0,-1.006,1.325,0.292,-13.414,-1.473,0.0,-0.023,-1.45,-0.507,5.9,4.432,4.139,3.755
55.1046,-3.915,-0.117,7.618,8.01,133.7,2.02,-2.354,1.847,-8.722,1.32,-57.62,-31.42,18.26,-1.859,-7.044,-7.043,13.414,-6.298,-25.218,15.151,7.043,0.32,0.0,-1.006,1.325,0.292,-13.414,-1.473,0.0,-0.023,-1.45,-0.507,5.347,4.38,4.139,3.755
55.1343,-4.939,-0.127,7.412,7.46,128.2,-1.57,-1.172,2.274,-9.493,4.39,-44.85,-24.91,21.351,-1.698,-7.125,-8.217,13.304,-5.987,-29.472,14.716,8.217,0.361,0.0,-0.783,1.143,0.274,-13.304,-1.469,0.0,-0.077,-1.393,-0.5,4.827,4.326,4.139,3.755
55.1927,-7.4,-0.177,7.8,8.86,100.14,-10.97,-2.778,1.997,-9.918,1.71,-19.6,-13.12,27.202,-1.596,-7.621,-9.686,12.922,-5.632,-36.762,13.709,9.686,0.412,0.0,-0.342,0.754,0.235,-12.922,-1.455,0.0,-0.03,-1.425,-0.504,3.936,4.203,4.139,3.755
55.1927,-7.4,-0.177,7.8,8.86,100.14,-10.97,-2.778,1.997,-9.918,1.71,-19.6,-13.12,27.202,-1.596,-7.621,-9.686,12.922,-5.632,-36.762,13.709,9.686,0.412,0.0,-0.342,0.754,0.235,-12.922,-1.455,0.0,-0.03,-1.425,-0.504,3.936,4.203,4.139,3.755
55.2434,-10.168,0.146,7.463,4.59,53.53,-13.23,-3.268,1.58,-10.842,-4.74,-11.26,0.38,31.712,-1.569,-8.294,-10.736,12.938,-5.73,-42.284,13.154,10.736,0.449,0.0,-0.197,0.645,0.225,-12.938,-1.457,0.0,0.083,-1.54,-0.519,3.262,4.136,4.139,3.755
55.2434,-10.168,0.146,7.463,4.59,53.53,-13.23,-3.268,1.58,-10.842,-4.74,-11.26,0.38,31.712,-1.569,-8.294,-10.736,12.938,-5.73,-42.284,13.154,10.736,0.449,0.0,-0.197,0.645,0.225,-12.938,-1.457,0.0,0.083,-1.54,-0.519,3.262,4.136,4.139,3.755
55.3032,-10.803,-0.658,6.941,-0.22,-39.01,6.16,-2.577,1.633,-11.252,0.55,-6.33,7.8,33.454,-1.575,-8.437,-11.538,12.79,-6.084,-44.803,13.095,11.538,0.477,-0.0,-0.11,0.587,0.219,-12.79,-1.452,-0.0,-0.01,-1.443,-0.508,2.954,4.128,4.139,3.755
55.3032,-10.803,-0.658,6.941,-0.22,-39.01,6.16,-2.577,1.633,-11.252,0.55,-6.33,7.8,33.454,-1.575,-8.437,-11.538,12.79,-6.084,-44.803,13.095,11.538,0.477,-0.0,-0.11,0.587,0.219,-12.79,-1.452,-0.0,-0.01,-1.443,-0.508,2.954,4.128,4.139,3.755
55.3332,-8.818,-0.488,6.677,2.03,-75.49,18.71,-3.577,1.439,-10.074,7.84,30.02,2.89,32.896,-1.382,-8.053,-11.299,12.466,-6.066,-44.006,12.806,11.299,0.468,-0.0,0.524,-0.055,0.155,-12.466,-1.439,0.0,-0.137,-1.302,-0.491,3.051,4.093,4.139,3.755
55.3919,-7.281,-0.225,6.814,2.6,-117.51,25.29,-2.963,2.058,-9.137,-4.9,53.35,2.78,30.103,-0.729,-6.86,-10.026,12.391,-5.789,-39.956,12.571,10.026,0.424,-0.0,0.931,-0.507,0.11,-12.391,-1.438,0.0,0.085,-1.523,-0.518,3.546,4.064,4.139,3.755
55.3919,-7.281,-0.225,6.814,2.6,-117.51,25.29,-2.963,2.058,-9.137,-4.9,53.35,2.78,30.103,-0.729,-6.86,-10.026,12.391,-5.789,-39.956,12.571,10.026,0.424,-0.0,0.931,-0.507,0.11,-12.391,-1.438,0.0,0.085,-1.523,-0.518,3.546,4.064,4.139,3.755
55.4564,-4.405,-0.318,6.895,0.04,-149.39,19.56,-1.701,2.116,-8.82,-3.06,72.34,17.12,25.356,-0.257,-5.848,-7.828,12.579,-5.761,-33.049,12.781,7.828,0.347,-0.0,1.263,-0.915,0.069,-12.579,-1.448,0.0,0.053,-1.501,-0.516,4.39,4.09,4.139,3.755
55.4564,-4.405,-0.318,6.895,0.04,-149.39,19.56,-1.701,2.116,-8.82,-3.06,72.34,17.12,25.356,-0.257,-5.848,-7.828,12.579,-5.761,-33.049,12.781,7.828,0.347,-0.0,1.263,-0.915,0.069,-12.579,-1.448,0.0,0.053,-1.501,-0.516,4.39,4.09,4.139,3.755
55.5109,-1.197,0.414,8.722,-2.5,-144.65,9.25,-0.609,2.093,-8.438,-15.52,94.91,22.25,18.887,0.017,-5.21,-3.96,13.12,-5.739,-22.763,13.235,3.96,0.212,-0.0,1.656,-1.444,0.015,-13.12,-1.473,-0.0,0.271,-1.744,-0.546,5.647,4.145,4.139,3.755
55.5109,-1.197,0.414,8.722,-2.5,-144.65,9.25,-0.609,2.093,-8.438,-15.52,94.91,22.25,18.887,0.017,-5.21,-3.96,13.12,-5.739,-22.763,13.235,3.96,0.212,-0.0,1.656,-1.444,0.015,-13.12,-1.473,-0.0,0.271,-1.744,-0.546,5.647,4.145,4.139,3.755
55.5409,0.385,1.037,9.754,-5.84,-124.31,3.71,0.496,1.714,-8.764,-24.04,80.56,21.93,15.569,0.163,-5.044,-2.128,13.499,-5.759,-17.635,13.48,2.128,0.149,-0.0,1.406,-1.258,0.034,-13.499,-1.49,-0.0,0.42,-1.91,-0.566,6.273,4.175,4.139,3.755
55.5997,3.0,0.783,10.819,-22.46,-61.73,-6.58,0.843,2.357,-9.207,-10.94,9.98,18.72,9.938,-0.073,-5.081,0.113,14.098,-6.064,-9.789,14.296,-0.113,0.07,-0.0,0.174,-0.104,0.149,-14.098,-1.519,-0.0,0.191,-1.709,-0.543,0.948,4.275,4.139,3.755
55.5997,3.0,0.783,10.819,-22.46,-61.73,-6.58,0.843,2.357,-9.207,-10.94,9.98,18.72,9.938,-0.073,-5.081,0.113,14.098,-6.064,-9.789,14.296,-0.113,0.07,-0.0,0.174,-0.104,0.149,-14.098,-1.519,-0.0,0.191,-1.709,-0.543,0.948,4.275,4.139,3.755
55.6500,1.286,0.488,10.53,-40.56,-6.19,-11.82,1.816,2.33,-9.444,-13.92,-62.18,9.05,7.53,-1.159,-5.466,-1.068,14.593,-6.976,-8.533,15.912,1.068,0.112,-0.0,-1.085,1.197,0.279,-14.593,-1.542,-0.0,0.243,-1.785,-0.553,1.102,4.472,4.139,3.755
55.6500,1.286,0.488,10.53,-40.56,-6.19,-11.82,1.816,2.33,-9.444,-13.92,-62.18,9.05,7.53,-1.159,-5.466,-1.068,14.593,-6.976,-8.533,15.912,1.068,0.112,-0.0,-1.085,1.197,0.279,-14.593,-1.542,-0.0,0.243,-1.785,-0.553,1.102,4.472,4.139,3.755
55.7101,0.256,-0.433,9.797,-54.18,13.75,-8.17,0.29,2.265,-9.018,-13.65,-11.64,3.0,7.087,-2.07,-5.698,-1.296,14.788,-7.269,-8.29,17.019,1.296,0.12,0.0,-0.548,0.668,0.226,-14.788,-1.552,-0.0,0.137,-1.688,-0.541,1.132,4.608,4.139,3.755
55.7369,-0.084,-0.12,9.191,-61.18,21.72,-7.56,-0.156,2.431,-8.546,-22.58,-13.29,-2.14,7.104,-4.228,-6.049,-1.547,15.437,-7.329,-8.501,19.806,1.547,0.128,0.0,-0.232,0.36,0.196,-15.437,-1.582,-0.0,0.394,-1.976,-0.577,1.106,4.948,4.139,3.755
55.7369,-0.084,-0.12,9.191,-61.18,21.72,-7.56,-0.156,2.431,-8.546,-22.58,-13.29,-2.14,7.104,-4.228,-6.049,-1.547,15.437,-7.329,-8.501,19.806,1.547,0.128,0.0,-0.232,0.36,0.196,-15.437,-1.582,-0.0,0.394,-1.976,-0.577,1.106,4.948,4.139,3.755
55.7949,-0.704,-1.214,8.396,-83.44,34.21,-14.83,-0.071,2.453,-8.424,-11.31,-40.96,9.93,7.927,-7.276,-6.675,-2.652,16.098,-7.746,-10.317,23.568,2.652,0.167,0.0,-0.715,0.882,0.248,-16.098,-1.613,-0.0,0.197,-1.811,-0.558,0.884,5.408,4.139,3.755
55.7949,-0.704,-1.214,8.396,-83.44,34.21,-14.83,-0.071,2.453,-8.424,-11.31,-40.96,9.93,7.927,-7.276,-6.675,-2.652,16.098,-7.746,-10.317,23.568,2.652,0.167,0.0,-0.715,0.882,0.248,-16.098,-1.613,-0.0,0.197,-1.811,-0.558,0.884,5.408,4.139,3.755
55.8563,-0.366,-3.033,8.428,-88.62,35.68,-10.55,-0.141,3.023,-8.143,-12.78,-24.97,-0.25,8.842,-11.347,-7.448,-3.503,16.837,-8.039,-11.938,28.441,3.503,0.197,0.0,-0.436,0.632,0.224,-16.837,-1.648,-0.0,0.223,-1.871,-0.566,0.686,6.003,4.139,3.755
55.8563,-0.366,-3.033,8.428,-88.62,35.68,-10.55,-0.141,3.023,-8.143,-12.78,-24.97,-0.25,8.842,-11.347,-7.448,-3.503,16.837,-8.039,-11.938,28.441,3.503,0.197,0.0,-0.436,0.632,0.224,-16.837,-1.648,-0.0,0.223,-1.871,-0.566,0.686,6.003,4.139,3.755
55.9113,-1.396,-6.302,9.419,-64.5,34.72,-9.01,-0.011,3.627,-9.822,16.67,-36.12,10.1,9.94,-15.857,-8.409,-4.803,16.922,-8.612,-14.059,33.218,4.803,0.242,0.0,-0.63,0.872,0.248,-16.922,-1.654,-0.0,-0.291,-1.363,-0.505,0.427,0.304,4.139,3.755
55.9113,-1.396,-6.302,9.419,-64.5,34.72,-9.01,-0.011,3.627,-9.822,16.67,-36.12,10.1,9.94,-15.857,-8.409,-4.803,16.922,-8.612,-14.059,33.218,4.803,0.242,0.0,-0.63,0.872,0.248,-16.922,-1.654,-0.0,-0.291,-1.363,-0.505,0.427,0.304,4.139,3.755
55.9738,-2.38,-7.748,10.034,5.43,16.01,3.11,-0.432,3.577,-11.149,11.36,-20.2,3.14,10.827,-18.315,-9.097,-5.735,16.727,-8.849,-15.72,35.627,5.735,0.275,0.0,-0.353,0.627,0.224,-16.727,-1.648,0.0,-0.198,-1.449,-0.516,0.224,0.598,4.139,3.755
55.9738,-2.38,-7.748,10.034,5.43,16.01,3.11,-0.432,3.577,-11.149,11.36,-20.2,3.14,10.827,-18.315,-9.097,-5.735,16.727,-8.849,-15.72,35.627,5.735,0.275,0.0,-0.353,0.627,0.224,-16.727,-1.648,0.0,-0.198,-1.449,-0.516,0.224,0.598,4.139,3.755
56.0042,-2.504,-7.005,9.546,46.09,6.43,15.74,-0.755,2.757,-10.597,31.68,10.72,-11.99,11.129,-18.259,-9.039,-5.667,16.123,-8.477,-16.047,34.934,5.667,0.272,0.0,0.187,0.085,0.17,-16.123,-1.622,0.0,-0.553,-1.07,-0.471,0.184,0.513,4.139,3.755
56.0557,-2.701,-4.187,8.643,99.08,-2.41,22.27,-1.688,2.935,-9.152,70.77,11.94,-8.36,11.716,-15.78,-8.38,-5.744,13.669,-7.495,-16.967,29.906,5.744,0.275,-0.0,0.208,0.067,0.168,-13.669,-1.517,0.0,-1.235,-0.282,-0.377,0.072,6.182,4.139,3.755
56.0557,-2.701,-4.187,8.643,99.08,-2.41,22.27,-1.688,2.935,-9.152,70.77,11.94,-8.36,11.716,-15.78,-8.38,-5.744,13.669,-7.495,-16.967,29.906,5.744,0.275,-0.0,0.208,0.067,0.168,-13.669,-1.517,0.0,-1.235,-0.282,-0.377,0.072,6.182,4.139,3.755
56.1158,-3.033,-1.899,8.71,122.75,-0.2,25.34,-1.766,2.146,-9.12,20.87,17.65,-20.48,12.208,-11.27,-7.507,-5.554,11.927,-6.54,-17.54,23.463,5.554,0.268,-0.0,0.308,-0.04,0.157,-11.927,-1.443,0.0,-0.364,-1.079,-0.472,0.002,5.395,4.139,3.755
56.1158,-3.033,-1.899,8.71,122.75,-0.2,25.34,-1.766,2.146,-9.12,20.87,17.65,-20.48,12.208,-11.27,-7.507,-5.554,11.927,-6.54,-17.54,23.463,5.554,0.268,-0.0,0.308,-0.04,0.157,-11.927,-1.443,0.0,-0.364,-1.079,-0.472,0.002,5.395,4.139,3.755
56.1769,-2.863,-0.682,9.304,118.56,-18.07,23.44,-0.952,1.529,-9.895,-4.36,45.17,-18.99,12.465,-5.924,-6.393,-4.421,11.939,-5.304,-16.848,17.822,4.421,0.229,-0.0,0.788,-0.56,0.105,-11.939,-1.445,0.0,0.076,-1.521,-0.526,0.086,4.706,4.139,3.755
56.1769,-2.863,-0.682,9.304,118.56,-18.07,23.44,-0.952,1.529,-9.895,-4.36,45.17,-18.99,12.465,-5.924,-6.393,-4.421,11.939,-5.304,-16.848,17.822,4.421,0.229,-0.0,0.788,-0.56,0.105,-11.939,-1.445,0.0,0.076,-1.521,-0.526,0.086,4.706,4.139,3.755
56.2304,-2.365,1.678,8.758,105.49,-37.44,13.21,-0.958,1.273,-10.106,22.57,43.52,4.62,11.792,-0.446,-5.39,-3.034,11.044,-4.717,-14.779,11.322,3.034,0.18,-0.0,0.76,-0.579,0.103,-11.044,-1.408,0.0,-0.394,-1.014,-0.466,0.339,3.912,4.139,3.755
56.2304,-2.365,1.678,8.758,105.49,-37.44,13.21,-0.958,1.273,-10.106,22.57,43.52,4.62,11.792,-0.446,-5.39,-3.034,11.044,-4.717,-14.779,11.322,3.034,0.18,-0.0,0.76,-0.579,0.103,-11.044,-1.408,0.0,-0.394,-1.014,-0.466,0.339,3.912,4.139,3.755
56.2599,-2.389,1.8,9.172,95.74,-42.68,3.35,-0.597,1.658,-9.673,25.14,40.53,11.7,11.127,1.936,-5.202,-2.231,10.479,-4.765,-13.289,8.372,2.231,0.152,-0.0,0.707,-0.555,0.105,-10.479,-1.384,0.0,-0.439,-0.945,-0.458,0.521,3.551,4.139,3.755
56.3206,-1.446,3.369,9.163,76.18,-40.32,-12.66,-0.692,0.809,-8.993,16.81,25.74,32.22,9.465,6.262,-5.464,-0.744,9.404,-5.719,-10.141,3.073,0.744,0.101,-0.0,0.449,-0.349,0.125,-9.404,-1.338,0.0,-0.293,-1.045,-0.47,0.906,2.904,4.139,3.755
56.3206,-1.446,3.369,9.163,76.18,-40.32,-12.66,-0.692,0.809,-8.993,16.81,25.74,32.22,9.465,6.262,-5.464,-0.744,9.404,-5.719,-10.141,3.073,0.744,0.101,-0.0,0.449,-0.349,0.125,-9.404,-1.338,0.0,-0.293,-1.045,-0.47,0.906,2.904,4.139,3.755
56.3831,-0.496,5.689,10.53,21.53,-34.62,-1.1,0.771,1.391,-10.354,-42.05,-25.19,9.02,7.694,9.414,-5.695,-0.947,9.915,-6.522,-8.63,0.502,0.709,0.099,-0.0,-0.099,0.199,0.18,-9.302,-1.335,0.0,0.158,-1.493,-0.524,1.015,2.673,4.139,3.755
56.4105,0.218,6.16,10.214,-18.68,-31.08,1.65,1.583,0.687,-10.73,-59.25,-12.06,7.67,6.759,10.054,-5.677,-0.934,10.848,-6.762,-7.737,0.827,0.934,0.107,-0.0,-0.211,0.318,0.192,-10.848,-1.403,-0.0,1.034,-2.437,-0.638,1.199,2.63,4.139,3.755
56.4337,0.699,5.449,9.9,-58.35,-22.41,4.9,1.009,0.183,-10.268,-47.3,13.7,-1.87,5.895,9.833,-5.595,-0.449,11.482,-6.739,-6.423,1.7,0.449,0.09,-0.0,0.239,-0.149,0.146,-11.482,-1.432,-0.0,0.826,-2.257,-0.617,1.36,2.736,4.139,3.755
56.4337,0.699,5.449,9.9,-58.35,-22.41,4.9,1.009,0.183,-10.268,-47.3,13.7,-1.87,5.895,9.833,-5.595,-0.449,11.482,-6.739,-6.423,1.7,0.449,0.09,-0.0,0.239,-0.149,0.146,-11.482,-1.432,-0.0,0.826,-2.257,-0.617,1.36,2.736,4.139,3.755
56.4628,0.733,4.017,9.618,-89.42,-10.21,8.01,0.257,1.012,-9.301,-40.4,5.01,-13.21,5.241,8.778,-5.433,-0.201,12.019,-6.49,-5.52,3.287,0.201,0.082,-0.0,0.087,-0.006,0.16,-12.019,-1.456,-0.0,0.705,-2.161,-0.606,1.47,2.93,4.139,3.755
56.5227,0.146,1.611,8.61,-119.97,8.97,10.11,0.22,1.543,-8.43,-40.72,-20.73,-19.02,4.805,5.007,-4.99,-0.703,13.466,-5.927,-5.549,8.486,0.703,0.099,0.0,-0.362,0.461,0.207,-13.466,-1.521,-0.0,0.711,-2.232,-0.615,1.466,3.565,4.139,3.755
56.5227,0.146,1.611,8.61,-119.97,8.97,10.11,0.22,1.543,-8.43,-40.72,-20.73,-19.02,4.805,5.007,-4.99,-0.703,13.466,-5.927,-5.549,8.486,0.703,0.099,0.0,-0.362,0.461,0.207,-13.466,-1.521,-0.0,0.711,-2.232,-0.615,1.466,3.565,4.139,3.755
56.5863,0.668,-1.075,8.432,-128.31,23.24,13.66,0.543,3.179,-7.946,-29.73,-16.3,-27.45,4.767,2.467,-4.725,-1.169,14.265,-5.541,-5.945,11.814,1.169,0.115,0.0,-0.439,0.554,0.216,-14.265,-1.557,-0.0,0.706,-2.263,-0.62,1.418,3.972,4.139,3.755
56.5863,0.668,-1.075,8.432,-128.31,23.24,13.66,0.543,3.179,-7.946,-29.73,-16.3,-27.45,4.822,-0.362,-4.461,-1.443,15.135,-5.083,-6.24,15.499,1.443,0.125,0.0,-0.284,0.409,0.202,-15.135,-1.596,-0.0,0.519,-2.115,-0.602,1.382,4.422,4.139,3.755
56.6386,-0.35,-2.576,8.162,-124.24,32.06,7.35,0.016,2.844,-8.305,-13.48,-33.77,-15.72,5.641,-6.122,-4.218,-2.576,16.248,-4.649,-8.096,22.401,2.576,0.165,0.0,-0.589,0.754,0.236,-16.248,-1.647,-0.0,0.235,-1.882,-0.575,1.293,4.853,4.139,3.755
56.6386,-0.35,-2.576,8.162,-124.24,32.06,7.35,0.016,2.844,-8.305,-13.48,-33.77,-15.72,5.641,-6.122,-4.218,-2.576,16.248,-4.649,-8.096,22.401,2.576,0.165,0.0,-0.589,0.754,0.236,-16.248,-1.647,-0.0,0.235,-1.882,-0.575,1.155,5.265,4.139,3.755
56.6940,-0.826,-5.04,9.146,-94.55,22.9,5.77,-0.223,4.259,-9.389,11.36,-18.5,-7.05,6.638,-11.754,-4.249,-3.446,16.629,-4.307,-9.823,28.477,3.446,0.195,0.0,-0.323,0.518,0.213,-16.629,-1.666,-0.0,-0.198,-1.467,-0.526,0.944,6.008,4.139,3.755
56.6940,-0.826,-5.04,9.146,-94.55,22.9,5.77,-0.223,4.259,-9.389,11.36,-18.5,-7.05,6.638,-11.754,-4.249,-3.446,16.629,-4.307,-9.823,28.477,3.446,0.195,0.0,-0.323,0.518,0.213,-16.629,-1.666,-0.0,-0.198,-1.467,-0.526,0.944,6.008,4.139,3.755
56.7269,-0.931,-6.354,10.017,-67.86,20.36,1.0,-0.516,3.791,-9.746,12.58,-24.38,-2.4,6.992,-14.006,-4.388,-3.909,16.584,-4.33,-10.549,30.734,3.909,0.211,0.0,-0.426,0.637,0.225,-16.584,-1.665,-0.0,-0.22,-1.445,-0.524,0.856,0.0,4.139,3.755
56.7875,-1.628,-7.602,10.439,11.95,16.62,-8.49,-0.615,4.276,-10.969,27.78,-9.65,15.31,7.543,-16.418,-4.991,-4.462,16.236,-4.609,-11.575,32.854,4.462,0.23,0.0,-0.168,0.399,0.202,-16.236,-1.652,0.0,-0.485,-1.167,-0.491,0.73,0.259,4.139,3.755
56.7875,-1.628,-7.602,10.439,11.95,16.62,-8.49,-0.615,4.276,-10.969,27.78,-9.65,15.31,7.543,-16.418,-4.991,-4.462,16.236,-4.609,-11.575,32.854,4.462,0.23,0.0,-0.168,0.399,0.202,-16.236,-1.652,0.0,-0.485,-1.167,-0.491,0.73,0.259,4.139,3.755
56.8402,-2.904,-4.899,8.993,93.86,5.04,-3.48,-1.401,2.315,-10.071,60.17,13.99,11.04,8.278,-15.07,-5.534,-4.432,14.453,-4.874,-12.394,29.701,4.432,0.229,0.0,0.244,-0.015,0.16,-14.453,-1.576,0.0,-1.05,-0.526,-0.414,0.63,6.157,4.139,3.755
56.8402,-2.904,-4.899,8.993,93.86,5.04,-3.48,-1.401,2.315,-10.071,60.17,13.99,11.04,8.278,-15.07,-5.534,-4.432,14.453,-4.874,-12.394,29.701,4.432,0.229,0.0,0.244,-0.015,0.16,-14.453,-1.576,0.0,-1.05,-0.526,-0.414,0.63,6.157,4.139,3.755
56.9018,-3.002,-1.712,8.95,127.4,-12.53,7.21,-1.414,1.788,-8.614,41.93,19.59,0.07,8.58,-13.122,-5.534,-4.239,12.971,-4.872,-12.586,26.236,4.239,0.223,-0.0,0.33,-0.107,0.151,-12.971,-1.513,0.0,-1.258,-0.255,-0.382,0.607,5.734,4.139,3.755
56.9289,-2.097,-0.663,8.459,133.47,-17.38,8.55,-1.015,1.86,-8.563,2.9,29.67,-3.88,8.662,-7.81,-5.113,-3.734,11.671,-4.499,-12.32,19.507,3.734,0.205,-0.0,0.518,-0.313,0.13,-11.671,-1.458,0.0,-0.051,-1.407,-0.52,0.639,4.912,4.139,3.755
56.9289,-2.097,-0.663,8.459,133.47,-17.38,8.55,-1.015,1.86,-8.563,2.9,29.67,-3.88,8.662,-7.81,-5.113,-3.734,11.671,-4.499,-12.32,19.507,3.734,0.205,-0.0,0.518,-0.313,0.13,-11.671,-1.458,0.0,-0.051,-1.407,-0.52,0.639,4.912,4.139,3.755
56.9921,-1.705,1.326,9.041,125.62,-14.59,10.71,-0.624,0.453,-9.142,-1.24,29.6,-2.96,8.119,-1.773,-4.563,-2.776,11.526,-4.111,-10.866,13.221,2.776,0.172,-0.0,0.517,-0.345,0.127,-11.526,-1.453,0.0,0.022,-1.474,-0.529,0.817,4.144,4.139,3.755
56.9921,-1.705,1.326,9.041,125.62,-14.59,10.71,-0.624,0.453,-9.142,-1.24,29.6,-2.96,8.119,-1.773,-4.563,-2.776,11.526,-4.111,-10.866,13.221,2.776,0.172,-0.0,0.517,-0.345,0.127,-11.526,-1.453,0.0,0.022,-1.474,-0.529,0.817,4.144,4.139,3.755
57.0460,-1.432,3.06,9.369,95.52,-24.35,10.48,-0.335,1.476,-9.319,50.37,29.38,1.83,7.477,3.796,-3.958,-1.789,9.83,-3.853,-9.207,5.949,1.789,0.137,-0.0,0.513,-0.376,0.124,-9.83,-1.38,0.0,-0.879,-0.501,-0.413,1.02,3.255,4.139,3.755
57.0460,-1.432,3.06,9.369,95.52,-24.35,10.48,-0.335,1.476,-9.319,50.37,29.38,1.83,7.477,3.796,-3.958,-1.789,9.83,-3.853,-9.207,5.949,1.789,0.137,-0.0,0.513,-0.376,0.124,-9.83,-1.38,0.0,-0.879,-0.501,-0.413,1.02,3.255,4.139,3.755
57.1004,0.005,5.748,10.769,18.36,-20.75,12.85,0.237,1.856,-10.059,-17.77,-6.45,-1.85,6.192,7.394,-3.424,-1.652,9.107,-3.986,-7.824,1.698,1.652,0.132,-0.0,-0.113,0.245,0.186,-9.107,-1.35,0.0,0.31,-1.66,-0.552,1.189,2.736,4.139,3.755
57.1004,0.005,5.748,10.769,18.36,-20.75,12.85,0.237,1.856,-10.059,-17.77,-6.45,-1.85,6.192,7.394,-3.424,-1.652,9.107,-3.986,-7.824,1.698,1.652,0.132,-0.0,-0.113,0.245,0.186,-9.107,-1.35,0.0,0.31,-1.66,-0.552,1.189,2.736,4.139,3.755
57.1626,0.831,4.243,9.972,-78.37,-1.05,18.43,1.082,1.063,-10.287,-104.04,15.78,-25.78,5.176,7.097,-2.644,-0.998,12.831,-3.088,-6.16,5.713,0.998,0.11,-0.0,0.275,-0.166,0.145,-12.831,-1.514,-0.0,1.816,-3.33,-0.754,1.392,3.226,4.139,3.755
57.1626,0.831,4.243,9.972,-78.37,-1.05,18.43,1.082,1.063,-10.287,-104.04,15.78,-25.78,5.176,7.097,-2.644,-0.998,12.831,-3.088,-6.16,5.713,0.998,0.11,-0.0,0.275,-0.166,0.145,-12.831,-1.514,-0.0,1.816,-3.33,-0.754,1.392,3.226,4.139,3.755
57.1924,0.634,2.629,9.141,-109.22,13.76,15.87,-0.363,0.497,-9.257,-31.67,1.82,-27.08,4.97,5.52,-2.25,-0.902,13.383,-2.551,-5.854,7.833,0.902,0.106,0.0,0.032,0.074,0.169,-13.383,-1.539,-0.0,0.553,-2.092,-0.606,1.429,3.485,4.139,3.755
57.2524,-1.683,0.038,8.787,-126.87,34.64,0.25,-0.11,3.604,-7.541,-26.63,-28.89,-11.36,5.942,0.735,-1.896,-2.178,14.154,-2.031,-8.094,13.38,2.178,0.151,0.0,-0.504,0.655,0.227,-14.154,-1.575,-0.0,0.465,-2.039,-0.6,1.156,4.163,4.139,3.755
57.2524,-1.683,0.038,8.787,-126.87,34.64,0.25,-0.11,3.604,-7.541,-26.63,-28.89,-11.36,5.942,0.735,-1.896,-2.178,14.154,-2.031,-8.094,13.38,2.178,0.151,0.0,-0.504,0.655,0.227,-14.154,-1.575,-0.0,0.465,-2.039,-0.6,1.156,4.163,4.139,3.755
57.3059,-0.745,-1.97,9.014,-115.67,31.74,-19.41,0.279,2.602,-9.47,-41.8,-27.15,5.53,7.299,-4.731,-2.475,-3.152,16.698,-2.218,-10.401,21.404,3.152,0.185,0.0,-0.474,0.659,0.228,-16.698,-1.688,-0.0,0.73,-2.417,-0.646,0.874,5.143,4.139,3.755
57.3059,-0.745,-1.97,9.014,-115.67,31.74,-19.41,0.279,2.602,-9.47,-41.8,-27.15,5.53,7.299,-4.731,-2.475,-3.152,16.698,-2.218,-10.401,21.404,3.152,0.185,0.0,-0.474,0.659,0.228,-16.698,-1.688,-0.0,0.73,-2.417,-0.646,0.874,5.143,4.139,3.755
57.3615,-0.134,-4.307,9.694,-78.6,27.02,-23.04,-0.043,3.065,-9.173,26.83,-32.51,18.03,7.923,-9.748,-3.746,-3.973,16.072,-3.336,-11.751,25.889,3.973,0.214,0.0,-0.567,0.781,0.24,-16.072,-1.663,-0.0,-0.468,-1.195,-0.5,0.709,5.691,4.139,3.755
57.3615,-0.134,-4.307,9.694,-78.6,27.02,-23.04,-0.043,3.065,-9.173,26.83,-32.51,18.03,7.923,-9.748,-3.746,-3.973,16.072,-3.336,-11.751,25.889,3.973,0.214,0.0,-0.567,0.781,0.24,-16.072,-1.663,-0.0,-0.468,-1.195,-0.5,0.709,5.691,4.139,3.755
57.4232,-1.149,-5.794,10.171,-16.38,34.91,-17.7,-0.242,3.88,-10.179,11.33,-26.73,21.32,8.712,-12.852,-4.931,-4.728,16.087,-4.194,-13.217,29.087,4.728,0.24,0.0,-0.466,0.706,0.233,-16.087,-1.666,-0.0,-0.198,-1.468,-0.534,0.53,6.082,4.139,3.755
57.4232,-1.149,-5.794,10.171,-16.38,34.91,-17.7,-0.242,3.88,-10.179,11.33,-26.73,21.32,8.712,-12.852,-4.931,-4.728,16.087,-4.194,-13.217,29.087,4.728,0.24,0.0,-0.466,0.706,0.233,-16.087,-1.666,-0.0,-0.198,-1.468,-0.534,0.53,6.082,4.139,3.755
57.4539,-1.709,-5.485,9.742,17.22,36.15,-15.84,-1.03,2.901,-9.821,20.42,-17.1,19.39,9.312,-13.388,-5.52,-4.977,15.813,-4.604,-14.058,29.376,4.977,0.249,0.0,-0.298,0.547,0.217,-15.813,-1.655,0.0,-0.356,-1.299,-0.514,0.427,6.117,4.139,3.755
57.5138,-3.57,-3.833,8.909,75.73,29.82,0.06,-1.839,2.28,-9.528,51.38,2.68,9.78,11.087,-12.309,-6.29,-5.346,14.179,-4.979,-16.272,26.66,5.346,0.262,0.0,0.047,0.215,0.184,-14.179,-1.586,0.0,-0.897,-0.689,-0.441,0.156,5.786,4.139,3.755
57.5138,-3.57,-3.833,8.909,75.73,29.82,0.06,-1.839,2.28,-9.528,51.38,2.68,9.78,11.087,-12.309,-6.29,-5.346,14.179,-4.979,-16.272,26.66,5.346,0.262,0.0,0.047,0.215,0.184,-14.179,-1.586,0.0,-0.897,-0.689,-0.441,0.156,5.786,4.139,3.755
57.5644,-2.796,-1.899,8.478,104.27,17.33,23.29,-1.551,1.809,-8.712,30.97,19.15,-16.64,12.597,-8.797,-5.945,-5.354,12.284,-4.471,-17.9,21.121,5.354,0.262,0.0,0.334,-0.072,0.156,-12.284,-1.505,0.0,-0.541,-0.964,-0.474,6.241,5.109,4.139,3.755
57.5644,-2.796,-1.899,8.478,104.27,17.33,23.29,-1.551,1.809,-8.712,30.97,19.15,-16.64,12.597,-8.797,-5.945,-5.354,12.284,-4.471,-17.9,21.121,5.354,0.262,0.0,0.334,-0.072,0.156,-12.284,-1.505,0.0,-0.541,-0.964,-0.474,6.241,5.109,4.139,3.755
57.6244,-3.745,0.644,8.399,112.73,8.54,43.06,-1.168,0.907,-9.517,-5.05,30.69,-42.04,13.948,-3.535,-4.387,-4.899,11.501,-2.861,-18.835,14.794,4.899,0.246,0.0,0.536,-0.29,0.134,-11.501,-1.472,0.0,0.088,-1.56,-0.546,6.126,4.336,4.139,3.755
57.6244,-3.745,0.644,8.399,112.73,8.54,43.06,-1.168,0.907,-9.517,-5.05,30.69,-42.04,13.948,-3.535,-4.387,-4.899,11.501,-2.861,-18.835,14.794,4.899,0.246,0.0,0.536,-0.29,0.134,-11.501,-1.472,0.0,0.088,-1.56,-0.546,6.126,4.336,4.139,3.755
57.6806,-4.101,1.47,8.674,99.58,-20.99,49.34,-0.674,1.434,-10.193,32.56,44.71,-32.57,14.379,1.797,-2.227,-3.503,10.616,-0.923,-17.763,8.355,3.503,0.197,-0.0,0.78,-0.583,0.104,-10.616,-1.435,0.0,-0.568,-0.867,-0.463,6.257,3.549,4.139,3.755
57.6806,-4.101,1.47,8.674,99.58,-20.99,49.34,-0.674,1.434,-10.193,32.56,44.71,-32.57,14.379,1.797,-2.227,-3.503,10.616,-0.923,-17.763,8.355,3.503,0.197,-0.0,0.78,-0.583,0.104,-10.616,-1.435,0.0,-0.568,-0.867,-0.463,6.257,3.549,4.139,3.755
57.7433,-2.157,3.584,9.972,62.02,-41.71,32.67,-1.25,2.544,-9.962,39.11,34.49,-9.13,13.362,6.145,-0.499,-2.043,8.763,-0.189,-15.226,2.308,2.043,0.146,-0.0,0.602,-0.456,0.117,-8.763,-1.356,0.0,-0.683,-0.673,-0.44,0.284,2.81,4.139,3.755
57.7433,-2.157,3.584,9.972,62.02,-41.71,32.67,-1.25,2.544,-9.962,39.11,34.49,-9.13,13.362,6.145,-0.499,-2.043,8.763,-0.189,-15.226,2.308,2.043,0.146,-0.0,0.602,-0.456,0.117,-8.763,-1.356,0.0,-0.683,-0.673,-0.44,0.284,2.81,4.139,3.755
57.7736,-1.523,5.301,11.064,28.24,-35.58,21.42,-0.445,2.551,-9.985,-16.64,24.85,-7.41,12.349,7.695,0.057,-1.628,9.01,-0.07,-13.817,1.105,1.628,0.132,-0.0,0.434,-0.302,0.132,-9.01,-1.367,0.0,0.29,-1.657,-0.559,0.456,2.663,4.139,3.755
57.8257,-0.769,4.954,10.925,-57.48,-5.51,-2.84,0.937,1.24,-11.508,-99.25,4.97,-14.03,11.076,8.092,0.49,-1.479,12.621,0.441,-12.391,4.325,1.479,0.127,-0.0,0.087,0.04,0.166,-12.621,-1.526,-0.0,1.732,-3.258,-0.752,0.631,3.057,4.139,3.755
57.8257,-0.769,4.954,10.925,-57.48,-5.51,-2.84,0.937,1.24,-11.508,-99.25,4.97,-14.03,11.076,8.092,0.49,-1.479,12.621,0.441,-12.391,4.325,1.479,0.127,-0.0,0.087,0.04,0.166,-12.621,-1.526,-0.0,1.732,-3.258,-0.752,0.631,3.057,4.139,3.755
57.8903,-1.762,2.804,9.316,-112.21,12.14,-24.68,-0.364,2.118,-9.255,2.23,-23.92,13.18,11.168,5.13,0.023,-1.799,12.956,-0.017,-12.873,7.672,1.799,0.138,0.0,-0.417,0.555,0.218,-12.956,-1.543,-0.0,-0.039,-1.504,-0.542,0.572,3.466,4.139,3.755
57.8903,-1.762,2.804,9.316,-112.21,12.14,-24.68,-0.364,2.118,-9.255,2.23,-23.92,13.18,11.168,5.13,0.023,-1.799,12.956,-0.017,-12.873,7.672,1.799,0.138,0.0,-0.417,0.555,0.218,-12.956,-1.543,-0.0,-0.039,-1.504,-0.542,0.572,3.466,4.139,3.755
57.9432,-2.368,-0.053,8.289,-131.39,9.34,-41.05,-0.474,2.38,-8.85,-87.56,-22.89,17.98,11.932,0.002,-1.374,-2.474,15.343,-1.107,-14.356,15.23,2.474,0.161,0.0,-0.4,0.561,0.219,-15.343,-1.649,-0.0,1.528,-3.177,-0.744,0.391,4.389,4.139,3.755
57.9432,-2.368,-0.053,8.289,-131.39,9.34,-41.05,-0.474,2.38,-8.85,-87.56,-22.89,17.98,11.932,0.002,-1.374,-2.474,15.343,-1.107,-14.356,15.23,2.474,0.161,0.0,-0.4,0.561,0.219,-15.343,-1.649,-0.0,1.528,-3.177,-0.744,0.391,4.389,4.139,3.755
58.0080,-2.442,-2.093,8.145,-118.11,-6.44,-48.03,-0.875,1.72,-9.096,0.87,-9.19,47.51,12.11,-5.856,-3.39,-2.364,16.766,-2.489,-14.439,22.542,2.364,0.158,-0.0,-0.16,0.318,0.195,-16.766,-1.713,-0.0,-0.015,-1.698,-0.568,0.362,4.912,4.139,3.755
58.0080,-2.442,-2.093,8.145,-118.11,-6.44,-48.03,-0.875,1.72,-9.096,0.87,-9.19,47.51,12.11,-5.856,-3.39,-2.364,16.766,-2.489,-14.439,22.542,2.364,0.158,-0.0,-0.16,0.318,0.195,-16.766,-1.713,-0.0,-0.015,-1.698,-0.568,0.38,5.283,4.139,3.755
58.0623,-1.053,-4.781,8.94,-83.36,-12.25,-30.72,0.019,3.761,-8.691,7.41,-25.54,24.63,11.258,-11.302,-5.077,-2.82,16.306,-4.01,-13.962,27.652,2.82,0.174,-0.0,-0.446,0.619,0.225,-16.306,-1.695,-0.0,-0.129,-1.566,-0.552,0.439,5.907,4.139,3.755
58.0623,-1.053,-4.781,8.94,-83.36,-12.25,-30.72,0.019,3.761,-8.691,7.41,-25.54,24.63,11.258,-11.302,-5.077,-2.82,16.306,-4.01,-13.962,27.652,2.82,0.174,-0.0,-0.446,0.619,0.225,-16.306,-1.695,-0.0,-0.129,-1.566,-0.552,0.439,5.907,4.139,3.755
58.0934,-0.821,-6.211,9.562,-54.29,-9.61,-23.27,0.284,3.797,-9.133,1.55,-30.08,21.74,10.697,-13.413,-5.678,-3.162,16.57,-4.566,-13.688,30.073,3.162,0.186,-0.0,-0.525,0.71,0.234,-16.57,-1.708,-0.0,-0.027,-1.681,-0.566,0.472,6.203,4.139,3.755
58.1456,-0.33,-7.101,9.433,27.4,-10.88,-5.22,0.779,3.418,-9.843,45.23,-19.51,11.21,9.611,-15.376,-6.38,-3.508,15.794,-5.295,-12.887,31.293,3.508,0.198,-0.0,-0.34,0.538,0.217,-15.794,-1.676,0.0,-0.789,-0.887,-0.472,0.57,0.068,4.139,3.755
58.1456,-0.33,-7.101,9.433,27.4,-10.88,-5.22,0.779,3.418,-9.843,45.23,-19.51,11.21,9.611,-15.376,-6.38,-3.508,15.794,-5.295,-12.887,31.293,3.508,0.198,-0.0,-0.34,0.538,0.217,-15.794,-1.676,0.0,-0.789,-0.887,-0.472,0.57,0.068,4.139,3.755
58.2103,-0.227,-4.851,8.691,99.65,-4.84,14.44,0.23,2.907,-8.672,67.25,11.6,-5.75,8.742,-13.665,-6.233,-2.929,13.661,-5.139,-11.556,27.356,2.929,0.177,-0.0,0.202,-0.025,0.161,-13.661,-1.585,0.0,-1.174,-0.412,-0.415,0.733,5.871,4.139,3.755
58.2103,-0.227,-4.851,8.691,99.65,-4.84,14.44,0.23,2.907,-8.672,67.25,11.6,-5.75,8.742,-13.665,-6.233,-2.929,13.661,-5.139,-11.556,27.356,2.929,0.177,-0.0,0.202,-0.025,0.161,-13.661,-1.585,0.0,-1.174,-0.412,-0.415,0.733,5.871,4.139,3.755
58.2611,-0.788,-2.054,8.624,126.33,15.91,28.62,-0.789,2.33,-8.035,39.32,3.05,-18.78,8.777,-9.313,-5.445,-2.79,11.847,-4.421,-11.539,21.124,2.79,0.173,0.0,0.053,0.119,0.175,-11.847,-1.508,0.0,-0.686,-0.822,-0.464,0.735,5.109,4.139,3.755
58.2611,-0.788,-2.054,8.624,126.33,15.91,28.62,-0.789,2.33,-8.035,39.32,3.05,-18.78,8.777,-9.313,-5.445,-2.79,11.847,-4.421,-11.539,21.124,2.79,0.173,0.0,0.053,0.119,0.175,-11.847,-1.508,0.0,-0.686,-0.822,-0.464,0.735,5.109,4.139,3.755
58.3190,-1.856,-0.251,9.464,127.39,23.99,36.48,-0.439,1.826,-9.511,0.92,4.81,-36.24,9.776,-3.79,-4.166,-3.053,11.438,-3.153,-12.823,15.097,3.053,0.182,0.0,0.084,0.098,0.173,-11.438,-1.492,0.0,-0.016,-1.476,-0.543,0.578,4.373,4.139,3.755
58.3190,-1.856,-0.251,9.464,127.39,23.99,36.48,-0.439,1.826,-9.511,0.92,4.81,-36.24,9.776,-3.79,-4.166,-3.053,11.438,-3.153,-12.823,15.097,3.053,0.182,0.0,0.084,0.098,0.173,-11.438,-1.492,0.0,-0.016,-1.476,-0.543,0.578,4.373,4.139,3.755
58.3831,-2.701,3.139,9.366,108.27,17.01,34.05,-0.821,0.711,-10.24,31.04,33.62,-27.2,10.965,2.159,-2.512,-2.421,10.35,-1.73,-13.299,7.949,2.421,0.16,0.0,0.587,-0.427,0.121,-10.35,-1.446,0.0,-0.542,-0.904,-0.475,0.523,3.97,4.139,3.755
58.3831,-2.701,3.139,9.366,108.27,17.01,34.05,-0.821,0.711,-10.24,31.04,33.62,-27.2,10.965,2.159,-2.512,-2.421,10.35,-1.73,-13.299,7.949,2.421,0.16,0.0,0.587,-0.427,0.121,-10.35,-1.446,0.0,-0.542,-0.904,-0.475,0.52,3.5,4.139,3.755
58.4131,-2.71,5.03,9.464,83.57,8.12,24.6,-1.053,0.962,-10.366,24.64,13.53,-20.25,11.312,4.927,-1.782,-2.249,9.551,-1.281,-13.419,4.365,2.249,0.154,0.0,0.236,-0.082,0.155,-9.551,-1.412,0.0,-0.43,-0.982,-0.485,0.505,3.062,4.139,3.755
58.4717,-2.09,6.723,10.817,1.73,-1.93,-11.12,-0.114,1.696,-10.716,-53.09,-5.12,6.21,11.433,8.2,-1.296,-2.301,10.298,-1.288,-13.542,1.849,2.301,0.156,-0.0,-0.089,0.245,0.188,-10.298,-1.446,0.0,0.927,-2.372,-0.652,0.49,2.754,4.139,3.755
58.4717,-2.09,6.723,10.817,1.73,-1.93,-11.12,-0.114,1.696,-10.716,-53.09,-5.12,6.21,11.433,8.2,-1.296,-2.301,10.298,-1.288,-13.542,1.849,2.301,0.156,-0.0,-0.089,0.245,0.188,-10.298,-1.446,0.0,0.927,-2.372,-0.652,0.49,2.754,4.139,3.755
58.5225,-1.599,4.286,9.524,-82.68,13.8,-27.92,-0.411,0.608,-10.167,-55.42,1.17,6.45,11.611,7.419,-1.909,-2.176,12.544,-1.688,-13.592,4.844,2.176,0.151,0.0,0.02,0.131,0.177,-12.544,-1.545,-0.0,0.967,-2.513,-0.67,0.484,3.12,4.139,3.755
58.5225,-1.599,4.286,9.524,-82.68,13.8,-27.92,-0.411,0.608,-10.167,-55.42,1.17,6.45,11.611,7.419,-1.909,-2.176,12.544,-1.688,-13.592,4.844,2.176,0.151,0.0,0.02,0.131,0.177,-12.544,-1.545,-0.0,0.967,-2.513,-0.67,0.484,3.12,4.139,3.755
58.5836,-2.466,1.472,7.949,-129.26,16.27,-35.52,-0.758,2.452,-8.498,-29.55,-25.26,21.51,12.667,3.372,-3.015,-2.745,13.699,-2.54,-15.302,10.056,2.745,0.171,0.0,-0.441,0.612,0.225,-13.699,-1.597,-0.0,0.516,-2.113,-0.623,0.275,3.757,4.139,3.755
58.5836,-2.466,1.472,7.949,-129.26,16.27,-35.52,-0.758,2.452,-8.498,-29.55,-25.26,21.51,12.667,3.372,-3.015,-2.745,13.699,-2.54,-15.302,10.056,2.745,0.171,0.0,-0.441,0.612,0.225,-13.699,-1.597,-0.0,0.516,-2.113,-0.623,0.275,3.757,4.139,3.755
58.6138,-2.425,-0.096,7.879,-136.15,7.98,-33.15,-0.255,2.381,-8.346,-57.45,-19.73,14.22,13.096,0.461,-3.722,-3.107,14.818,-3.042,-16.138,14.125,3.107,0.184,0.0,-0.344,0.528,0.217,-14.818,-1.647,-0.0,1.003,-2.65,-0.688,0.173,4.254,4.139,3.755
58.6752,-1.657,-2.215,8.09,-123.64,0.65,-18.65,-0.885,1.586,-8.963,-24.16,-13.64,9.56,13.244,-5.621,-4.903,-3.377,16.51,-3.561,-16.613,21.978,3.377,0.193,0.0,-0.238,0.431,0.207,-16.51,-1.723,-0.0,0.422,-2.145,-0.628,0.115,5.214,4.139,3.755
58.6752,-1.657,-2.215,8.09,-123.64,0.65,-18.65,-0.885,1.586,-8.963,-24.16,-13.64,9.56,13.244,-5.621,-4.903,-3.377,16.51,-3.561,-16.613,21.978,3.377,0.193,0.0,-0.238,0.431,0.207,-16.51,-1.723,-0.0,0.422,-2.145,-0.628,0.115,5.214,4.139,3.755
58.7279,-1.496,-5.622,9.507,-82.03,1.52,3.13,0.107,4.143,-9.225,20.17,-14.83,-9.46,12.979,-11.045,-5.388,-3.83,16.111,-3.637,-16.771,27.149,3.83,0.209,0.0,-0.259,0.468,0.211,-16.111,-1.708,-0.0,-0.352,-1.356,-0.534,0.095,5.845,4.139,3.755
58.7279,-1.496,-5.622,9.507,-82.03,1.52,3.13,0.107,4.143,-9.225,20.17,-14.83,-9.46,12.979,-11.045,-5.388,-3.83,16.111,-3.637,-16.771,27.149,3.83,0.209,0.0,-0.259,0.468,0.211,-16.111,-1.708,-0.0,-0.352,-1.356,-0.534,0.095,5.845,4.139,3.755
58.7830,-2.121,-7.314,10.364,7.59,12.77,6.26,-0.195,4.247,-10.725,26.19,-23.58,-0.9,13.024,-13.88,-5.598,-4.484,15.789,-3.58,-17.414,29.77,4.484,0.232,0.0,-0.412,0.644,0.229,-15.789,-1.696,0.0,-0.457,-1.239,-0.521,0.017,6.166,4.139,3.755
58.7830,-2.121,-7.314,10.364,7.59,12.77,6.26,-0.195,4.247,-10.725,26.19,-23.58,-0.9,13.024,-13.88,-5.598,-4.484,15.789,-3.58,-17.414,29.77,4.484,0.232,0.0,-0.412,0.644,0.229,-15.789,-1.696,0.0,-0.457,-1.239,-0.521,0.017,6.166,4.139,3.755
58.8487,-3.555,-4.87,8.569,94.22,5.26,13.9,-1.459,2.774,-9.597,65.94,8.88,2.16,13.698,-12.682,-5.669,-4.34,13.99,-3.527,-18.001,26.709,4.34,0.227,0.0,0.155,0.072,0.172,-13.99,-1.62,0.0,-1.151,-0.469,-0.429,6.275,6.072,4.139,3.755
58.8487,-3.555,-4.87,8.569,94.22,5.26,13.9,-1.459,2.774,-9.597,65.94,8.88,2.16,13.698,-12.682,-5.669,-4.34,13.99,-3.527,-18.001,26.709,4.34,0.227,0.0,0.155,0.072,0.172,-13.99,-1.62,0.0,-1.151,-0.469,-0.429,6.228,5.792,4.139,3.755
58.9029,-3.802,-1.836,7.872,125.66,-24.59,36.01,-1.281,2.042,-8.851,43.23,27.66,-24.55,14.265,-8.258,-4.571,-3.939,11.575,-2.764,-18.209,19.732,3.939,0.213,-0.0,0.483,-0.27,0.137,-11.575,-1.516,0.0,-0.755,-0.762,-0.464,6.194,5.379,4.139,3.755
58.9029,-3.802,-1.836,7.872,125.66,-24.59,36.01,-1.281,2.042,-8.851,43.23,27.66,-24.55,14.265,-8.258,-4.571,-3.939,11.575,-2.764,-18.209,19.732,3.939,0.213,-0.0,0.483,-0.27,0.137,-11.575,-1.516,0.0,-0.755,-0.762,-0.464,6.203,4.939,4.139,3.755
58.9578,-3.637,0.67,8.265,123.33,-46.01,28.87,-1.243,1.938,-8.589,-6.91,55.81,-16.59,13.653,-2.381,-2.928,-2.396,11.427,-1.435,-16.038,13.489,3.243,0.189,-0.0,0.954,-0.766,0.088,-11.286,-1.504,0.0,-0.225,-1.28,-0.526,0.023,4.53,4.139,3.755
58.9881,-2.133,2.598,8.691,109.91,-54.91,21.38,-0.268,1.369,-9.365,-1.68,49.16,-4.49,12.701,0.587,-2.284,-1.508,11.433,-1.117,-14.143,10.525,1.508,0.128,-0.0,0.858,-0.73,0.091,-11.433,-1.513,0.0,0.029,-1.542,-0.559,0.416,3.814,4.139,3.755
58.9881,-2.133,2.598,8.691,109.91,-54.91,21.38,-0.268,1.369,-9.365,-1.68,49.16,-4.49,12.701,0.587,-2.284,-1.508,11.433,-1.117,-14.143,10.525,1.508,0.128,-0.0,0.858,-0.73,0.091,-11.433,-1.513,0.0,0.029,-1.542,-0.559,0.416,3.814,4.139,3.755
59.0506,0.867,5.763,10.91,42.38,-37.88,5.4,0.107,0.764,-9.48,8.65,6.07,10.88,9.848,5.326,-1.606,-0.225,10.388,-1.468,-9.981,4.937,0.225,0.083,-0.0,0.106,-0.023,0.161,-10.388,-1.468,0.0,-0.151,-1.317,-0.532,0.925,3.132,4.139,3.755
59.0506,0.867,5.763,10.91,42.38,-37.88,5.4,0.107,0.764,-9.48,8.65,6.07,10.88,9.848,5.326,-1.606,-0.225,10.388,-1.468,-9.981,4.937,0.225,0.083,-0.0,0.106,-0.023,0.161,-10.388,-1.468,0.0,-0.151,-1.317,-0.532,0.925,3.132,4.139,3.755
59.1036,0.998,4.913,10.721,-56.84,21.78,-5.18,1.19,1.912,-9.896,-60.45,-34.31,-9.1,8.695,6.093,-1.403,-1.425,11.929,-1.607,-10.049,5.75,1.425,0.125,0.0,-0.599,0.724,0.236,-11.929,-1.537,-0.0,1.055,-2.592,-0.686,0.917,3.231,4.139,3.755
59.1036,0.998,4.913,10.721,-56.84,21.78,-5.18,1.19,1.912,-9.896,-60.45,-34.31,-9.1,8.695,6.093,-1.403,-1.425,11.929,-1.607,-10.049,5.75,1.425,0.125,0.0,-0.599,0.724,0.236,-11.929,-1.537,-0.0,1.055,-2.592,-0.686,0.917,3.231,4.139,3.755
59.1657,-1.743,2.133,8.82,-120.81,54.1,-19.29,-0.453,2.004,-9.282,-54.31,-24.51,-11.75,9.092,4.97,-1.425,-1.852,13.099,-1.486,-10.87,8.018,1.852,0.14,0.0,-0.529,0.669,0.231,-13.099,-1.589,-0.0,1.183,-2.772,-0.708,0.816,3.508,4.139,3.755
59.1931,-3.22,0.342,8.526,-132.11,48.03,-24.65,-1.062,2.314,-9.665,-37.57,-25.48,3.44,11.48,0.478,-2.066,-3.003,14.942,-1.525,-14.427,14.286,3.003,0.18,0.0,-0.445,0.625,0.227,-14.942,-1.672,-0.0,0.656,-2.327,-0.656,0.382,4.274,4.139,3.755
59.1931,-3.22,0.342,8.526,-132.11,48.03,-24.65,-1.062,2.314,-9.665,-37.57,-25.48,3.44,11.48,0.478,-2.066,-3.003,14.942,-1.525,-14.427,14.286,3.003,0.18,0.0,-0.445,0.625,0.227,-14.942,-1.672,-0.0,0.656,-2.327,-0.656,0.382,4.274,4.139,3.755
59.2475,-3.187,-2.097,8.447,-130.57,19.97,-21.94,-0.733,2.928,-9.51,-30.12,-17.18,9.36,13.329,-5.485,-3.171,-3.895,16.441,-1.976,-17.197,21.819,3.895,0.212,0.0,-0.3,0.511,0.216,-16.441,-1.739,-0.0,0.526,-2.265,-0.649,0.043,5.194,4.139,3.755
59.2475,-3.187,-2.097,8.447,-130.57,19.97,-21.94,-0.733,2.928,-9.51,-30.12,-17.18,9.36,13.329,-5.485,-3.171,-3.895,16.441,-1.976,-17.197,21.819,3.895,0.212,0.0,-0.3,0.511,0.216,-16.441,-1.739,-0.0,0.526,-2.265,-0.649,0.043,5.194,4.139,3.755
59.3089,-2.375,-3.972,8.155,-107.0,5.06,-18.0,-0.834,3.079,-8.465,4.49,-13.29,13.37,13.842,-11.41,-4.277,-4.324,16.664,-2.588,-18.072,28.154,4.324,0.226,0.0,-0.232,0.458,0.211,-16.664,-1.751,-0.0,-0.078,-1.673,-0.579,6.22,5.968,4.139,3.755
59.3089,-2.375,-3.972,8.155,-107.0,5.06,-18.0,-0.834,3.079,-8.465,4.49,-13.29,13.37,13.842,-11.41,-4.277,-4.324,16.664,-2.588,-18.072,28.154,4.324,0.226,0.0,-0.232,0.458,0.211,-16.664,-1.751,-0.0,-0.078,-1.673,-0.579,6.22,5.968,4.139,3.755
59.3637,-2.421,-7.168,9.495,-54.47,-2.31,-4.37,-0.936,3.664,-9.784,16.0,-17.8,3.15,13.81,-16.196,-5.091,-4.886,16.635,-2.898,-18.491,33.072,4.886,0.246,-0.0,-0.311,0.557,0.221,-16.635,-1.752,-0.0,-0.279,-1.473,-0.556,6.169,0.286,4.139,3.755
59.3637,-2.421,-7.168,9.495,-54.47,-2.31,-4.37,-0.936,3.664,-9.784,16.0,-17.8,3.15,13.81,-16.196,-5.091,-4.886,16.635,-2.898,-18.491,33.072,4.886,0.246,-0.0,-0.311,0.557,0.221,-16.635,-1.752,-0.0,-0.279,-1.473,-0.556,6.169,0.286,4.139,3.755
59.4253,-1.748,-7.573,9.572,35.82,-12.2,6.6,0.375,3.757,-10.427,34.03,-2.54,0.16,13.225,-17.723,-5.242,-5.205,15.945,-2.856,-18.205,33.941,5.205,0.257,-0.0,-0.044,0.302,0.195,-15.945,-1.724,0.0,-0.594,-1.131,-0.515,6.203,0.392,4.139,3.755
59.4253,-1.748,-7.573,9.572,35.82,-12.2,6.6,0.375,3.757,-10.427,34.03,-2.54,0.16,13.225,-17.723,-5.242,-5.205,15.945,-2.856,-18.205,33.941,5.205,0.257,-0.0,-0.044,0.302,0.195,-15.945,-1.724,0.0,-0.594,-1.131,-0.515,6.203,0.392,4.139,3.755
59.4568,-2.011,-6.797,9.232,79.33,-14.06,9.83,-0.33,3.344,-10.098,57.95,18.09,-1.17,12.898,-17.054,-5.16,-4.748,14.995,-2.643,-17.538,32.202,4.748,0.241,-0.0,0.316,-0.074,0.158,-14.995,-1.684,0.0,-1.011,-0.673,-0.46,0.002,0.18,4.139,3.755
59.4823,-2.248,-4.827,8.377,113.15,-15.64,13.38,-0.858,2.96,-9.136,77.49,27.43,3.9,12.663,-15.451,-4.961,-4.282,13.648,-2.473,-16.931,29.141,4.282,0.225,-0.0,0.479,-0.254,0.14,-13.648,-1.626,0.0,-1.353,-0.274,-0.412,0.076,6.089,4.139,3.755
59.5127,-1.743,-3.342,7.863,133.95,-17.68,18.9,-0.725,2.228,-8.119,69.08,26.22,-3.05,12.405,-13.155,-4.611,-3.826,12.273,-2.28,-16.275,25.373,3.826,0.209,-0.0,0.458,-0.248,0.14,-12.273,-1.567,0.0,-1.206,-0.362,-0.423,0.156,5.628,4.139,3.755
59.5669,-1.381,0.393,7.262,152.01,-9.59,18.42,-1.053,1.847,-7.909,1.27,41.12,-9.98,12.119,-6.811,-3.625,-2.862,11.515,-1.47,-15.076,18.035,2.862,0.176,-0.0,0.718,-0.542,0.111,-11.515,-1.536,0.0,-0.022,-1.514,-0.562,0.303,4.732,4.139,3.755
59.5669,-1.381,0.393,7.262,152.01,-9.59,18.42,-1.053,1.847,-7.909,1.27,41.12,-9.98,12.119,-6.811,-3.625,-2.862,11.515,-1.47,-15.076,18.035,2.862,0.176,-0.0,0.718,-0.542,0.111,-11.515,-1.536,0.0,-0.022,-1.514,-0.562,0.303,4.732,4.139,3.755
59.6320,-2.528,3.994,8.842,119.5,-6.2,5.91,-0.265,0.639,-9.358,-9.47,12.25,-2.95,12.256,0.243,-2.845,-2.194,11.473,-1.093,-14.386,10.798,2.194,0.152,-0.0,0.214,-0.061,0.159,-11.473,-1.536,0.0,0.165,-1.701,-0.585,0.387,3.848,4.139,3.755
59.6320,-2.528,3.994,8.842,119.5,-6.2,5.91,-0.265,0.639,-9.358,-9.47,12.25,-2.95,12.256,0.243,-2.845,-2.194,11.473,-1.093,-14.386,10.798,2.194,0.152,-0.0,0.214,-0.061,0.159,-11.473,-1.536,0.0,0.165,-1.701,-0.585,0.387,3.848,4.139,3.755
59.6851,-1.697,5.162,10.87,34.39,-6.22,-9.24,-0.412,2.109,-10.508,17.18,-11.44,13.36,11.893,4.68,-2.652,-2.068,10.533,-1.638,-13.778,5.477,2.068,0.148,-0.0,-0.2,0.348,0.2,-10.533,-1.496,0.0,-0.3,-1.196,-0.525,0.461,3.198,4.139,3.755
59.6851,-1.697,5.162,10.87,34.39,-6.22,-9.24,-0.412,2.109,-10.508,17.18,-11.44,13.36,11.893,4.68,-2.652,-2.068,10.533,-1.638,-13.778,5.477,2.068,0.148,-0.0,-0.2,0.348,0.2,-10.533,-1.496,0.0,-0.3,-1.196,-0.525,0.461,3.198,4.139,3.755
59.7408,-1.063,4.082,10.357,-64.24,10.91,-18.16,0.004,2.13,-9.777,-76.99,-8.44,-1.81,11.642,4.882,-2.971,-2.215,12.27,-2.207,-13.689,7.059,2.215,0.153,0.0,-0.147,0.3,0.195,-12.27,-1.573,-0.0,1.344,-2.917,-0.732,0.472,3.391,4.139,3.755
59.7408,-1.063,4.082,10.357,-64.24,10.91,-18.16,0.004,2.13,-9.777,-76.99,-8.44,-1.81,11.642,4.882,-2.971,-2.215,12.27,-2.207,-13.689,7.059,2.215,0.153,0.0,-0.147,0.3,0.195,-12.27,-1.573,-0.0,1.344,-2.917,-0.732,0.472,3.391,4.139,3.755
59.8046,-2.796,0.86,8.741,-110.41,26.72,-27.5,-1.146,1.188,-9.728,-41.58,-22.09,6.83,12.614,1.433,-3.72,-2.81,14.597,-2.458,-15.33,12.777,2.81,0.174,0.0,-0.385,0.559,0.221,-14.597,-1.677,-0.0,0.726,-2.402,-0.672,0.272,4.089,4.139,3.755
59.8046,-2.796,0.86,8.741,-110.41,26.72,-27.5,-1.146,1.188,-9.728,-41.58,-22.09,6.83,12.614,1.433,-3.72,-2.81,14.597,-2.458,-15.33,12.777,2.81,0.174,0.0,-0.385,0.559,0.221,-14.597,-1.677,-0.0,0.726,-2.402,-0.672,0.272,4.089,4.139,3.755
59.8605,-3.989,-3.563,9.61,-77.24,6.48,-23.05,-1.109,3.244,-10.253,-7.78,-20.96,14.6,13.947,-3.587,-5.063,-3.747,15.177,-3.316,-17.703,18.432,3.747,0.207,0.0,-0.366,0.572,0.223,-15.177,-1.704,-0.0,0.136,-1.84,-0.605,6.265,4.78,4.139,3.755
59.8605,-3.989,-3.563,9.61,-77.24,6.48,-23.05,-1.109,3.244,-10.253,-7.78,-20.96,14.6,13.947,-3.587,-5.063,-3.747,15.177,-3.316,-17.703,18.432,3.747,0.207,0.0,-0.366,0.572,0.223,-15.177,-1.704,-0.0,0.136,-1.84,-0.605,6.265,4.78,4.139,3.755
59.9161,0.096,-3.91,10.446,-11.57,-1.44,-0.58,0.536,3.445,-9.576,30.51,-8.29,1.65,13.376,-6.42,-5.763,-3.804,14.802,-3.882,-17.22,20.993,3.804,0.209,-0.0,-0.145,0.353,0.201,-14.802,-1.69,-0.0,-0.532,-1.158,-0.523,0.041,5.093,4.139,3.755
59.9161,0.096,-3.91,10.446,-11.57,-1.44,-0.58,0.536,3.445,-9.576,30.51,-8.29,1.65,13.376,-6.42,-5.763,-3.804,14.802,-3.882,-17.22,20.993,3.804,0.209,-0.0,-0.145,0.353,0.201,-14.802,-1.69,-0.0,-0.532,-1.158,-0.523,0.041,5.093,4.139,3.755
59.9465,1.788,-2.672,10.726,9.02,25.14,4.61,0.212,3.395,-8.606,38.2,-21.87,4.68,12.907,-6.663,-5.796,-3.865,14.337,-4.041,-16.802,20.814,3.865,0.211,0.0,-0.382,0.593,0.225,-14.337,-1.671,0.0,-0.667,-1.004,-0.505,0.092,5.071,4.139,3.755
60.0083,1.314,-1.051,8.887,17.88,92.59,6.51,0.977,2.579,-7.999,9.9,-46.49,-13.96,13.938,-6.136,-5.938,-5.095,13.998,-4.166,-19.044,19.967,5.095,0.254,0.0,-0.811,1.065,0.273,-13.998,-1.658,0.0,-0.173,-1.485,-0.564,6.101,4.968,4.139,3.755
60.0083,1.314,-1.051,8.887,17.88,92.59,6.51,0.977,2.579,-7.999,9.9,-46.49,-13.96,13.938,-6.136,-5.938,-5.095,13.998,-4.166,-19.044,19.967,5.095,0.254,0.0,-0.811,1.065,0.273,-13.998,-1.658,0.0,-0.173,-1.485,-0.564,6.101,4.968,4.139,3.755
60.0653,-1.547,-0.69,7.626,14.58,138.11,13.57,-0.606,1.895,-7.671,7.36,-49.8,-33.14,17.948,-5.522,-5.961,-6.895,13.604,-3.56,-24.862,18.802,6.895,0.317,0.0,-0.869,1.186,0.285,-13.604,-1.643,0.0,-0.128,-1.514,-0.568,5.39,4.826,4.139,3.755
60.0653,-1.547,-0.69,7.626,14.58,138.11,13.57,-0.606,1.895,-7.671,7.36,-49.8,-33.14,17.948,-5.522,-5.961,-6.895,13.604,-3.56,-24.862,18.802,6.895,0.317,0.0,-0.869,1.186,0.285,-13.604,-1.643,0.0,-0.128,-1.514,-0.568,5.39,4.826,4.139,3.755
60.1214,-3.97,-0.053,6.184,23.41,152.72,13.77,-1.596,1.793,-8.223,11.59,-38.55,-35.65,24.258,-4.827,-5.929,-9.142,13.016,-2.607,-33.413,17.086,9.142,0.395,0.0,-0.673,1.068,0.274,-13.016,-1.619,0.0,-0.202,-1.417,-0.556,4.345,4.616,4.139,3.755
60.1214,-3.97,-0.053,6.184,23.41,152.72,13.77,-1.596,1.793,-8.223,11.59,-38.55,-35.65,24.258,-4.827,-5.929,-9.142,13.016,-2.607,-33.413,17.086,9.142,0.395,0.0,-0.673,1.068,0.274,-13.016,-1.619,0.0,-0.202,-1.417,-0.556,4.345,4.616,4.139,3.755
60.1762,-7.317,0.148,5.483,24.75,146.83,5.72,-3.176,1.387,-8.267,-5.74,-6.88,-41.36,31.791,-3.708,-5.991,-10.65,12.582,-1.281,-42.403,14.152,10.65,0.448,0.0,-0.12,0.568,0.224,-12.582,-1.602,0.0,0.1,-1.702,-0.591,3.247,4.257,4.139,3.755
60.1762,-7.317,0.148,5.483,24.75,146.83,5.72,-3.176,1.387,-8.267,-5.74,-6.88,-41.36,31.791,-3.708,-5.991,-10.65,12.582,-1.281,-42.403,14.152,10.65,0.448,0.0,-0.12,0.568,0.224,-12.582,-1.602,0.0,0.1,-1.702,-0.591,3.247,4.257,4.139,3.755
60.2403,-10.434,0.467,4.652,13.04,117.73,3.77,-3.698,1.134,-9.369,-11.02,7.06,-48.74,39.114,-2.715,-5.937,-11.807,12.271,0.348,-50.687,10.173,11.807,0.488,0.0,0.123,0.365,0.204,-12.271,-1.59,0.0,0.192,-1.782,-0.602,2.235,3.771,4.139,3.755
60.2403,-10.434,0.467,4.652,13.04,117.73,3.77,-3.698,1.134,-9.369,-11.02,7.06,-48.74,39.114,-2.715,-5.937,-11.807,12.271,0.348,-50.687,10.173,11.807,0.488,0.0,0.123,0.365,0.204,-12.271,-1.59,0.0,0.192,-1.782,-0.602,2.235,3.771,4.139,3.755
60.2952,-12.505,0.419,5.04,2.53,46.08,12.36,-3.397,1.759,-11.606,-24.31,-15.94,-53.78,42.031,-2.333,-5.775,-12.344,12.264,1.135,-53.989,8.209,12.344,0.507,0.0,-0.134,0.642,0.232,-12.264,-1.59,0.0,0.328,-1.919,-0.618,1.832,3.531,4.139,3.755
60.3252,-12.752,0.041,5.224,-0.55,1.43,18.59,-2.981,1.881,-11.536,-20.43,-5.33,-39.56,45.284,-1.575,-4.935,-13.266,12.602,2.335,-57.888,5.624,13.266,0.539,0.0,-0.093,0.632,0.231,-12.602,-1.607,-0.0,0.357,-1.963,-0.625,1.355,3.216,4.139,3.755
60.3502,-11.775,0.151,4.963,-0.26,-41.86,21.61,-2.713,1.703,-11.156,-10.37,23.39,-13.65,45.502,-1.084,-4.277,-12.965,12.707,2.408,-57.782,5.576,12.965,0.529,-0.0,0.408,0.121,0.18,-12.707,-1.612,-0.0,0.181,-1.793,-0.605,1.368,3.21,4.139,3.755
60.3502,-11.775,0.151,4.963,-0.26,-41.86,21.61,-2.713,1.703,-11.156,-10.37,23.39,-13.65,45.502,-1.084,-4.277,-12.965,12.707,2.408,-57.782,5.576,12.965,0.529,-0.0,0.408,0.121,0.18,-12.707,-1.612,-0.0,0.181,-1.793,-0.605,1.368,3.21,4.139,3.755
60.3820,-10.829,0.23,5.09,-1.28,-76.61,22.5,-2.915,1.505,-10.478,4.9,55.53,12.43,44.917,-0.544,-3.552,-12.012,12.571,2.111,-56.311,6.155,12.012,0.496,-0.0,0.969,-0.474,0.121,-12.571,-1.607,-0.0,-0.085,-1.522,-0.572,1.548,3.28,4.139,3.755
60.4415,-9.026,0.187,5.521,-1.98,-122.04,15.1,-3.042,2.434,-9.697,5.29,68.23,36.35,41.994,0.216,-2.414,-9.468,12.384,0.952,-51.059,8.338,10.75,0.452,-0.0,1.212,-0.761,0.092,-12.38,-1.6,-0.0,-0.184,-1.416,-0.56,1.837,3.397,4.139,3.755
60.4415,-9.026,0.187,5.521,-1.98,-122.04,15.1,-3.042,2.434,-9.697,5.29,68.23,36.35,41.994,0.216,-2.414,-9.468,12.384,0.952,-51.059,8.338,9.468,0.407,-0.0,1.191,-0.784,0.089,-12.384,-1.601,-0.0,-0.092,-1.509,-0.571,2.19,3.547,4.139,3.755
60.4952,-7.705,0.915,5.899,-9.67,-150.15,-5.06,-2.905,1.733,-9.621,-8.59,65.65,54.52,37.511,0.422,-2.095,-6.994,12.752,-0.753,-44.269,10.938,6.994,0.321,-0.0,1.146,-0.825,0.085,-12.752,-1.619,-0.0,0.15,-1.769,-0.603,3.019,3.865,4.139,3.755
60.4952,-7.705,0.915,5.899,-9.67,-150.15,-5.06,-2.905,1.733,-9.621,-8.59,65.65,54.52,37.511,0.422,-2.095,-6.994,12.752,-0.753,-44.269,10.938,6.994,0.321,-0.0,1.146,-0.825,0.085,-12.752,-1.619,-0.0,0.15,-1.769,-0.603,3.019,3.865,4.139,3.755
60.5567,-5.308,0.182,6.692,-17.47,-164.53,-13.94,-1.713,1.772,-9.187,-17.29,60.82,57.41,34.831,0.16,-2.256,-5.93,13.038,-1.606,-40.577,12.264,5.93,0.284,-0.0,1.023,-0.74,0.093,-13.038,-1.632,-0.0,0.274,-1.906,-0.62,3.47,4.027,4.139,3.755
60.5855,-3.385,-0.524,7.841,-14.72,-157.36,-10.16,-1.906,1.35,-8.999,-12.6,54.2,45.38,28.474,-0.808,-2.82,-3.639,13.526,-3.122,-31.979,14.585,3.639,0.204,-0.0,0.946,-0.742,0.093,-13.526,-1.655,-0.0,0.22,-1.875,-0.617,4.521,4.31,4.139,3.755
60.5855,-3.385,-0.524,7.841,-14.72,-157.36,-10.16,-1.906,1.35,-8.999,-12.6,54.2,45.38,28.474,-0.808,-2.82,-3.639,13.526,-3.122,-31.979,14.585,3.639,0.204,-0.0,0.946,-0.742,0.093,-13.526,-1.655,-0.0,0.22,-1.875,-0.617,4.521,4.31,4.139,3.755
60.6487,-0.136,-0.68,9.881,-0.19,-120.36,1.08,1.191,2.715,-9.084,10.9,4.66,32.5,21.573,-1.425,-2.962,-2.405,13.694,-4.151,-23.845,15.672,2.405,0.16,-0.0,0.081,0.079,0.175,-13.694,-1.664,-0.0,-0.19,-1.474,-0.57,5.514,4.443,4.139,3.755
60.6487,-0.136,-0.68,9.881,-0.19,-120.36,1.08,1.191,2.715,-9.084,10.9,4.66,32.5,21.573,-1.425,-2.962,-2.405,13.694,-4.151,-23.845,15.672,2.405,0.16,-0.0,0.081,0.079,0.175,-13.694,-1.664,-0.0,-0.19,-1.474,-0.57,5.514,4.443,4.139,3.755
60.6995,1.274,0.268,10.994,-0.58,-72.62,-0.26,2.199,3.033,-9.619,-4.74,5.47,12.34,16.148,-1.226,-2.803,-1.008,13.585,-4.703,-17.04,15.365,1.008,0.112,-0.0,0.095,0.016,0.168,-13.585,-1.662,-0.0,0.083,-1.744,-0.603,0.063,4.406,4.139,3.755
60.6995,1.274,0.268,10.994,-0.58,-72.62,-0.26,2.199,3.033,-9.619,-4.74,5.47,12.34,16.148,-1.226,-2.803,-1.008,13.585,-4.703,-17.04,15.365,1.008,0.112,-0.0,0.095,0.016,0.168,-13.585,-1.662,-0.0,0.083,-1.744,-0.603,0.063,4.406,4.139,3.755
60.7632,3.134,-0.096,11.59,-11.61,-13.12,-3.21,1.711,2.164,-9.383,-12.11,-16.67,2.1,12.742,-1.401,-2.856,0.037,14.105,-4.859,-12.599,15.939,-0.037,0.075,-0.0,-0.291,0.366,0.203,-14.105,-1.686,-0.0,0.211,-1.898,-0.622,0.605,4.476,4.139,3.755
60.7632,3.134,-0.096,11.59,-11.61,-13.12,-3.21,1.711,2.164,-9.383,-12.11,-16.67,2.1,12.742,-1.401,-2.856,0.037,14.105,-4.859,-12.599,15.939,-0.037,0.075,-0.0,-0.291,0.366,0.203,-14.105,-1.686,-0.0,0.211,-1.898,-0.622,0.605,4.476,4.139,3.755
60.8202,2.533,-0.919,10.901,-8.63,75.69,-8.43,1.67,2.869,-9.157,12.93,-70.84,-3.51,12.308,-2.03,-3.156,-1.264,14.122,-5.024,-13.442,16.562,1.264,0.121,0.0,-1.236,1.357,0.303,-14.122,-1.689,-0.0,-0.226,-1.463,-0.57,0.502,4.552,4.139,3.755
60.8202,2.533,-0.919,10.901,-8.63,75.69,-8.43,1.67,2.869,-9.157,12.93,-70.84,-3.51,12.308,-2.03,-3.156,-1.264,14.122,-5.024,-13.442,16.562,1.264,0.121,0.0,-1.236,1.357,0.303,-14.122,-1.689,-0.0,-0.226,-1.463,-0.57,0.502,4.552,4.139,3.755
60.8742,-0.306,-1.104,9.017,5.66,128.86,-13.64,0.278,2.409,-9.109,7.36,-65.27,-11.04,15.475,-2.531,-3.951,-3.547,13.852,-5.232,-18.871,16.829,3.547,0.2,0.0,-1.139,1.34,0.302,-13.852,-1.679,0.0,-0.129,-1.551,-0.581,6.122,4.585,4.139,3.755
60.8742,-0.306,-1.104,9.017,5.66,128.86,-13.64,0.278,2.409,-9.109,7.36,-65.27,-11.04,15.475,-2.531,-3.951,-3.547,13.852,-5.232,-18.871,16.829,3.547,0.2,0.0,-1.139,1.34,0.302,-13.852,-1.679,0.0,-0.129,-1.551,-0.581,6.122,4.585,4.139,3.755
60.9391,-2.686,-0.338,7.623,14.87,153.41,-14.56,-1.653,2.096,-8.311,21.03,-57.55,-8.08,17.972,-2.679,-4.441,-4.729,13.646,-5.237,-22.55,16.753,4.729,0.242,0.0,-1.0,1.241,0.292,-13.646,-1.671,0.0,-0.267,-1.404,-0.564,5.673,4.575,4.139,3.755
60.9391,-2.686,-0.338,7.623,14.87,153.41,-14.56,-1.653,2.096,-8.311,21.03,-57.55,-8.08,20.898,-2.612,-4.913,-5.985,13.261,-5.245,-26.733,16.258,5.985,0.286,0.0,-1.004,1.29,0.297,-13.261,-1.655,0.0,-0.367,-1.288,-0.55,5.162,4.515,4.139,3.755
60.9928,-6.294,0.376,6.436,10.94,154.9,-6.73,-1.786,1.775,-9.262,2.7,-33.06,-25.02,28.161,-2.296,-5.655,-8.336,12.685,-4.828,-36.345,14.984,7.43,0.336,0.0,-0.969,1.305,0.299,-12.903,-1.64,0.0,-0.208,-1.433,-0.568,4.561,4.45,4.139,3.755
61.0207,-7.128,0.177,6.273,5.36,137.05,3.64,-2.528,0.85,-9.504,-5.13,-26.97,-40.11,31.703,-2.085,-5.7,-9.247,12.418,-4.195,-40.79,14.054,9.247,0.399,0.0,-0.471,0.87,0.256,-12.418,-1.621,0.0,0.089,-1.711,-0.602,3.444,4.246,4.139,3.755
61.0207,-7.128,0.177,6.273,5.36,137.05,3.64,-2.528,0.85,-9.504,-5.13,-26.97,-40.11,31.703,-2.085,-5.7,-9.247,12.418,-4.195,-40.79,14.054,9.247,0.399,0.0,-0.471,0.87,0.256,-12.418,-1.621,0.0,0.089,-1.711,-0.602,3.444,4.246,4.139,3.755
61.0821,-10.604,-0.127,5.887,-0.51,79.2,20.72,-3.213,1.475,-10.373,-0.73,-5.79,-48.53,37.677,-1.528,-4.972,-10.571,11.874,-2.358,-48.027,11.68,10.026,0.427,0.0,-0.345,0.772,0.246,-12.162,-1.611,0.0,0.077,-1.688,-0.6,2.951,4.103,4.139,3.755
61.0821,-10.604,-0.127,5.887,-0.51,79.2,20.72,-3.213,1.475,-10.373,-0.73,-5.79,-48.53,37.677,-1.528,-4.972,-10.571,11.874,-2.358,-48.027,11.68,10.571,0.446,0.0,-0.101,0.547,0.224,-11.874,-1.599,-0.0,0.013,-1.612,-0.591,2.56,3.955,4.139,3.755
61.1351,-10.477,0.093,5.416,3.73,5.21,18.8,-3.2,1.471,-9.978,-4.0,2.01,-24.62,40.697,-0.657,-3.868,-11.578,11.578,-1.173,-51.96,9.685,11.578,0.481,0.0,0.035,0.446,0.214,-11.578,-1.588,0.0,0.07,-1.658,-0.597,2.079,3.712,4.139,3.755
61.1351,-10.477,0.093,5.416,3.73,5.21,18.8,-3.2,1.471,-9.978,-4.0,2.01,-24.62,40.697,-0.657,-3.868,-11.578,11.578,-1.173,-51.96,9.685,11.578,0.481,0.0,0.035,0.446,0.214,-11.578,-1.588,0.0,0.07,-1.658,-0.597,2.079,3.712,4.139,3.755
61.1968,-10.537,0.467,5.382,3.0,-59.24,11.13,-3.326,1.893,-9.898,-2.95,26.4,9.47,40.973,0.134,-3.001,-11.479,11.521,-1.091,-52.116,9.157,11.697,0.485,-0.0,0.203,0.283,0.198,-11.471,-1.584,0.0,0.002,-1.586,-0.589,2.012,3.647,4.139,3.755
61.2263,-9.56,0.328,5.449,-0.15,-92.48,9.12,-3.242,1.453,-9.479,-5.53,40.05,18.31,40.071,0.371,-2.72,-10.982,11.584,-1.396,-50.745,9.552,10.982,0.46,-0.0,0.699,-0.239,0.146,-11.584,-1.59,-0.0,0.097,-1.687,-0.602,2.228,3.696,4.139,3.755
61.2502,-7.891,0.306,5.804,-2.6,-117.34,10.85,-2.879,1.501,-9.24,-10.45,46.01,21.6,38.445,0.577,-2.419,-10.275,11.739,-1.702,-48.449,10.108,10.275,0.436,-0.0,0.803,-0.367,0.133,-11.739,-1.598,-0.0,0.182,-1.78,-0.613,2.508,3.763,4.139,3.755
61.2502,-7.891,0.306,5.804,-2.6,-117.34,10.85,-2.879,1.501,-9.24,-10.45,46.01,21.6,38.445,0.577,-2.419,-10.275,11.739,-1.702,-48.449,10.108,10.275,0.436,-0.0,0.803,-0.367,0.133,-11.739,-1.598,-0.0,0.182,-1.78,-0.613,2.508,3.763,4.139,3.755
61.2811,-7.276,0.017,6.491,-1.9,-134.41,10.22,-2.292,1.727,-9.619,-11.29,49.46,25.75,36.277,0.683,-2.179,-9.359,11.945,-2.018,-45.407,10.758,9.359,0.404,-0.0,0.863,-0.459,0.123,-11.945,-1.608,-0.0,0.197,-1.805,-0.616,2.88,3.843,4.139,3.755
61.3421,-5.059,0.939,6.517,3.82,-165.89,-3.36,-1.994,1.844,-8.718,4.3,85.95,57.89,30.752,0.975,-2.06,-6.506,12.141,-3.2,-37.111,11.589,8.142,0.361,-0.0,1.082,-0.721,0.097,-12.105,-1.616,0.0,0.043,-1.659,-0.599,3.336,3.916,4.139,3.755
61.3421,-5.059,0.939,6.517,3.82,-165.89,-3.36,-1.994,1.844,-8.718,4.3,85.95,57.89,30.752,0.975,-2.06,-6.506,12.141,-3.2,-37.111,11.589,6.506,0.304,-0.0,1.5,-1.196,0.049,-12.141,-1.618,0.0,-0.075,-1.543,-0.586,3.894,3.944,4.139,3.755
61.3948,-2.495,0.536,8.349,-7.12,-157.89,-9.32,-1.027,2.225,-9.307,-27.48,65.39,40.89,24.04,0.968,-2.422,-3.845,12.815,-4.316,-27.797,12.542,3.845,0.211,-0.0,1.141,-0.93,0.076,-12.815,-1.649,-0.0,0.48,-2.129,-0.657,5.032,4.061,4.139,3.755
61.3948,-2.495,0.536,8.349,-7.12,-157.89,-9.32,-1.027,2.225,-9.307,-27.48,65.39,40.89,24.04,0.968,-2.422,-3.845,12.815,-4.316,-27.797,12.542,3.845,0.211,-0.0,1.141,-0.93,0.076,-12.815,-1.649,-0.0,0.48,-2.129,-0.657,5.032,4.061,4.139,3.755
61.4548,1.207,-0.239,10.022,-10.12,-126.65,-0.76,0.715,1.894,-8.96,-2.84,68.32,31.71,16.891,0.364,-2.721,-0.441,13.311,-4.98,-17.273,13.57,0.441,0.093,-0.0,1.192,-1.1,0.058,-13.311,-1.673,-0.0,0.05,-1.722,-0.609,0.034,4.186,4.139,3.755
61.4548,1.207,-0.239,10.022,-10.12,-126.65,-0.76,0.715,1.894,-8.96,-2.84,68.32,31.71,16.891,0.364,-2.721,-0.441,13.311,-4.98,-17.273,13.57,0.441,0.093,-0.0,1.192,-1.1,0.058,-13.311,-1.673,-0.0,0.05,-1.722,-0.609,0.034,4.186,4.139,3.755
61.5169,4.161,0.012,10.415,-7.97,-71.32,-0.47,2.199,2.855,-9.335,-2.05,-2.58,17.54,10.94,-0.033,-2.73,1.327,13.69,-5.304,-9.568,14.171,-0.728,0.052,-0.0,0.504,-0.453,0.123,-13.478,-1.681,-0.0,0.113,-1.794,-0.618,0.537,4.223,4.139,3.755
61.5450,3.285,0.117,11.281,-8.84,-38.06,-1.73,1.701,2.276,-9.359,-0.1,-51.64,11.93,9.016,-0.194,-2.762,0.961,13.71,-5.654,-8.005,14.316,-0.961,0.044,-0.0,-0.901,0.945,0.263,-13.71,-1.693,-0.0,0.002,-1.695,-0.606,1.166,4.277,4.139,3.755
61.5730,2.899,0.187,11.205,-8.8,-10.13,-0.84,2.389,2.207,-9.845,-1.8,-64.06,2.6,7.771,-0.324,-2.775,0.171,13.693,-5.929,-7.544,14.401,-0.961,0.044,-0.0,-0.901,0.945,0.263,-13.71,-1.693,-0.0,0.002,-1.695,-0.606,1.166,4.277,4.139,3.755
61.6012,2.777,0.072,11.066,-9.46,14.67,-3.36,2.825,2.494,-9.759,1.03,-28.26,-1.53,7.121,-0.479,-2.821,0.0,13.7,-5.981,-7.059,14.528,-0.0,0.077,0.0,-0.493,0.57,0.226,-13.7,-1.694,-0.0,-0.018,-1.676,-0.605,1.282,4.303,4.139,3.755
61.6012,2.777,0.072,11.066,-9.46,14.67,-3.36,2.825,2.494,-9.759,1.03,-28.26,-1.53,7.121,-0.479,-2.821,0.0,13.7,-5.981,-7.059,14.528,-0.0,0.077,0.0,-0.493,0.57,0.226,-13.7,-1.694,-0.0,-0.018,-1.676,-0.605,1.282,4.303,4.139,3.755
61.6625,1.975,-0.457,10.455,-5.68,63.28,-8.44,0.603,2.521,-9.176,-1.5,-56.77,-4.17,7.47,-0.951,-3.137,-0.996,13.868,-5.943,-8.38,15.146,0.11,0.081,0.0,-0.441,0.522,0.221,-13.761,-1.698,-0.0,-0.017,-1.681,-0.606,1.281,4.337,4.139,3.755
61.6625,1.975,-0.457,10.455,-5.68,63.28,-8.44,0.603,2.521,-9.176,-1.5,-56.77,-4.17,7.47,-0.951,-3.137,-0.996,13.868,-5.943,-8.38,15.146,0.996,0.112,0.0,-0.991,1.103,0.279,-13.868,-1.704,-0.0,0.026,-1.73,-0.612,1.121,4.379,4.139,3.755
61.7175,1.154,-0.453,9.268,2.75,103.82,-10.31,0.474,2.27,-8.847,8.0,-43.01,-12.58,9.817,-1.16,-3.669,-2.517,13.667,-5.906,-12.234,15.192,2.517,0.165,0.0,-0.751,0.916,0.261,-13.667,-1.697,0.0,-0.14,-1.557,-0.592,0.65,4.385,4.139,3.755
61.7175,1.154,-0.453,9.268,2.75,103.82,-10.31,0.474,2.27,-8.847,8.0,-43.01,-12.58,9.817,-1.16,-3.669,-2.517,13.667,-5.906,-12.234,15.192,2.517,0.165,0.0,-0.751,0.916,0.261,-13.667,-1.697,0.0,-0.14,-1.557,-0.592,0.65,4.385,4.139,3.755
61.7722,-0.936,-0.366,8.143,5.09,135.76,-8.11,-0.776,2.134,-8.28,7.1,-28.18,-18.99,14.061,-1.202,-4.177,-3.853,13.424,-5.421,-17.816,14.951,3.853,0.212,0.0,-0.492,0.704,0.24,-13.424,-1.688,0.0,-0.124,-1.564,-0.593,6.251,4.355,4.139,3.755
61.7722,-0.936,-0.366,8.143,5.09,135.76,-8.11,-0.776,2.134,-8.28,7.1,-28.18,-18.99,14.061,-1.202,-4.177,-3.853,13.424,-5.421,-17.816,14.951,3.853,0.212,0.0,-0.492,0.704,0.24,-13.424,-1.688,0.0,-0.124,-1.564,-0.593,6.251,4.355,4.139,3.755
61.8338,-4.446,-0.22,6.905,6.11,155.51,-4.2,-1.677,1.67,-8.656,8.63,-59.76,-27.29,20.367,-1.16,-4.581,-6.639,13.055,-4.766,-26.892,14.371,6.639,0.309,0.0,-1.043,1.352,0.305,-13.055,-1.674,0.0,-0.151,-1.523,-0.589,5.762,4.327,4.139,3.755
61.8338,-4.446,-0.22,6.905,6.11,155.51,-4.2,-1.677,1.67,-8.656,8.63,-59.76,-27.29,20.367,-1.16,-4.581,-6.639,13.055,-4.766,-26.892,14.371,6.639,0.309,0.0,-1.043,1.352,0.305,-13.055,-1.674,0.0,-0.151,-1.523,-0.589,5.142,4.284,4.139,3.755
61.8641,-6.443,0.057,7.14,7.47,142.14,2.42,-1.658,1.607,-9.821,10.18,-44.8,-31.16,24.002,-1.0,-4.609,-7.814,12.651,-4.343,-31.688,13.639,7.814,0.35,0.0,-0.782,1.132,0.283,-12.651,-1.657,0.0,-0.178,-1.479,-0.584,4.556,4.195,4.139,3.755
61.9242,-10.029,0.376,7.252,6.57,83.29,8.96,-2.251,1.635,-10.095,-1.61,-4.08,-30.29,30.007,-0.318,-4.246,-9.053,12.18,-3.133,-38.889,11.806,9.053,0.393,0.0,-0.071,0.464,0.217,-12.18,-1.638,0.0,0.028,-1.666,-0.607,3.676,3.971,4.139,3.755
61.9242,-10.029,0.376,7.252,6.57,83.29,8.96,-2.251,1.635,-10.095,-1.61,-4.08,-30.29,30.007,-0.318,-4.246,-9.053,12.18,-3.133,-38.889,11.806,9.053,0.393,0.0,-0.071,0.464,0.217,-12.18,-1.638,0.0,0.028,-1.666,-0.607,3.676,3.971,4.139,3.755
61.9765,-11.504,0.4,6.268,1.97,-7.9,2.65,-3.077,2.483,-10.888,-8.13,7.41,-2.92,33.159,0.075,-3.957,-9.455,12.181,-2.524,-42.401,10.942,9.455,0.407,-0.0,0.129,0.278,0.198,-12.181,-1.64,0.0,0.142,-1.782,-0.622,3.247,3.865,4.139,3.755
61.9765,-11.504,0.4,6.268,1.97,-7.9,2.65,-3.077,2.483,-10.888,-8.13,7.41,-2.92,33.159,0.075,-3.957,-9.455,12.181,-2.524,-42.401,10.942,9.455,0.407,-0.0,0.129,0.278,0.198,-12.181,-1.64,0.0,0.142,-1.782,-0.622,3.247,3.865,4.139,3.755
62.0372,-8.624,0.354,6.385,-6.55,-94.69,7.58,-3.506,1.581,-9.36,-10.81,61.07,9.16,32.387,0.218,-3.639,-8.194,12.217,-2.709,-40.39,11.207,8.194,0.363,-0.0,1.066,-0.702,0.1,-12.217,-1.643,-0.0,0.189,-1.832,-0.629,3.493,3.898,4.139,3.755
62.0372,-8.624,0.354,6.385,-6.55,-94.69,7.58,-3.506,1.581,-9.36,-10.81,61.07,9.16,32.387,0.218,-3.639,-8.194,12.217,-2.709,-40.39,11.207,8.194,0.363,-0.0,1.066,-0.702,0.1,-12.217,-1.643,-0.0,0.189,-1.832,-0.629,3.493,3.898,4.139,3.755
62.0912,-5.875,0.132,7.008,-9.79,-132.51,5.22,-2.075,1.72,-9.33,-13.93,52.24,28.22,28.634,0.018,-3.333,-6.25,12.894,-3.108,-34.741,12.678,6.25,0.296,-0.0,0.912,-0.616,0.109,-12.894,-1.675,-0.0,0.243,-1.918,-0.64,4.183,4.077,4.139,3.755
62.0912,-5.875,0.132,7.008,-9.79,-132.51,5.22,-2.075,1.72,-9.33,-13.93,52.24,28.22,28.634,0.018,-3.333,-6.25,12.894,-3.108,-34.741,12.678,6.25,0.296,-0.0,0.912,-0.616,0.109,-12.894,-1.675,-0.0,0.243,-1.918,-0.64,4.183,4.077,4.139,3.755
62.1555,-3.16,-0.405,8.32,-12.61,-141.44,0.35,-1.413,2.346,-8.74,-7.03,58.18,31.4,23.145,-0.426,-3.231,-4.047,13.246,-3.771,-27.083,13.906,4.047,0.219,-0.0,1.015,-0.797,0.09,-13.246,-1.692,-0.0,0.123,-1.814,-0.628,5.119,4.227,4.139,3.755
62.1555,-3.16,-0.405,8.32,-12.61,-141.44,0.35,-1.413,2.346,-8.74,-7.03,58.18,31.4,23.145,-0.426,-3.231,-4.047,13.246,-3.771,-27.083,13.906,4.047,0.219,-0.0,1.015,-0.797,0.09,-13.246,-1.692,-0.0,0.123,-1.814,-0.628,5.119,4.227,4.139,3.755
62.2072,-1.853,-0.479,8.911,-8.43,-132.07,2.31,0.2,2.35,-9.118,-4.54,68.56,25.75,17.331,-1.008,-3.198,-1.39,13.629,-4.237,-18.63,14.965,1.39,0.126,-0.0,1.197,-1.07,0.062,-13.629,-1.71,-0.0,0.079,-1.79,-0.626,6.151,4.357,4.139,3.755
62.2072,-1.853,-0.479,8.911,-8.43,-132.07,2.31,0.2,2.35,-9.118,-4.54,68.56,25.75,17.331,-1.008,-3.198,-1.39,13.629,-4.237,-18.63,14.965,1.39,0.126,-0.0,1.197,-1.07,0.062,-13.629,-1.71,-0.0,0.079,-1.79,-0.626,6.151,4.357,4.139,3.755
62.2390,-0.12,-0.268,9.383,-7.96,-126.53,2.38,0.3,2.522,-8.932,-5.19,68.55,24.32,14.273,-1.175,-3.105,0.228,13.796,-4.306,-13.965,15.26,-0.228,0.07,-0.0,1.196,-1.127,0.057,-13.796,-1.719,-0.0,0.091,-1.809,-0.628,0.438,4.393,4.139,3.755
62.2943,3.697,0.702,10.884,-12.79,-81.18,-7.48,1.565,2.113,-8.818,-9.63,-22.44,24.6,8.72,-1.318,-3.093,1.61,14.24,-4.93,-7.036,15.795,-1.61,0.021,-0.0,-0.392,0.413,0.21,-14.24,-1.74,-0.0,0.168,-1.908,-0.641,1.285,4.458,4.139,3.755
62.2943,3.697,0.702,10.884,-12.79,-81.18,-7.48,1.565,2.113,-8.818,-9.63,-22.44,24.6,8.72,-1.318,-3.093,1.61,14.24,-4.93,-7.036,15.795,-1.61,0.021,-0.0,-0.392,0.413,0.21,-14.24,-1.74,-0.0,0.168,-1.908,-0.641,1.285,4.458,4.139,3.755
62.3577,3.713,0.462,11.377,-29.38,-8.0,-13.91,3.214,2.257,-10.1,-2.49,-64.12,14.37,5.333,-1.937,-3.535,-0.021,14.281,-6.197,-5.237,16.419,0.021,0.078,-0.0,-1.119,1.197,0.289,-14.281,-1.744,-0.0,0.043,-1.787,-0.627,1.505,4.534,4.139,3.755
62.3577,3.713,0.462,11.377,-29.38,-8.0,-13.91,3.214,2.257,-10.1,-2.49,-64.12,14.37,5.333,-1.937,-3.535,-0.021,14.281,-6.197,-5.237,16.419,0.021,0.078,-0.0,-1.119,1.197,0.289,-14.281,-1.744,-0.0,0.043,-1.787,-0.627,1.505,4.534,4.139,3.755
62.4180,1.65,-0.424,10.12,-48.63,39.07,-5.85,0.122,2.497,-8.592,-22.07,-14.44,-6.24,4.892,-3.417,-3.932,-0.078,14.801,-6.276,-4.8,18.367,0.078,0.08,0.0,-0.252,0.332,0.203,-14.801,-1.768,-0.0,0.385,-2.154,-0.672,1.558,4.772,4.139,3.755
62.4180,1.65,-0.424,10.12,-48.63,39.07,-5.85,0.122,2.497,-8.592,-22.07,-14.44,-6.24,4.892,-3.417,-3.932,-0.078,14.801,-6.276,-4.8,18.367,0.078,0.08,0.0,-0.252,0.332,0.203,-14.801,-1.768,-0.0,0.385,-2.154,-0.672,1.558,4.772,4.139,3.755
62.4724,0.045,-0.567,9.256,-59.05,51.04,2.49,0.52,1.79,-9.177,-6.06,-33.35,-9.36,6.213,-5.593,-4.104,-1.616,15.285,-6.225,-7.552,21.086,1.616,0.134,0.0,-0.582,0.716,0.242,-15.285,-1.792,-0.0,0.106,-1.898,-0.642,1.222,5.105,4.139,3.755
62.4724,0.045,-0.567,9.256,-59.05,51.04,2.49,0.52,1.79,-9.177,-6.06,-33.35,-9.36,6.213,-5.593,-4.104,-1.616,15.285,-6.225,-7.552,21.086,1.616,0.134,0.0,-0.582,0.716,0.242,-15.285,-1.792,-0.0,0.106,-1.898,-0.642,1.222,5.105,4.139,3.755
62.5264,-0.831,0.204,8.825,-83.17,59.36,0.68,-0.42,2.856,-8.083,-23.01,-15.96,-8.75,7.982,-7.99,-4.108,-2.69,15.829,-5.73,-10.298,24.099,2.69,0.171,0.0,-0.279,0.45,0.215,-15.829,-1.818,-0.0,0.402,-2.219,-0.682,0.886,5.473,4.139,3.755
62.5264,-0.831,0.204,8.825,-83.17,59.36,0.68,-0.42,2.856,-8.083,-23.01,-15.96,-8.75,7.982,-7.99,-4.108,-2.69,15.829,-5.73,-10.298,24.099,2.69,0.171,0.0,-0.279,0.45,0.215,-15.829,-1.818,-0.0,0.402,-2.219,-0.682,0.886,5.473,4.139,3.755
62.5877,-3.072,-2.274,8.035,-109.41,50.59,-11.79,-1.041,2.334,-8.551,-27.82,-19.54,3.25,10.477,-12.179,-4.824,-3.784,17.077,-5.698,-13.692,29.689,3.784,0.21,0.0,-0.341,0.551,0.226,-17.077,-1.874,-0.0,0.486,-2.36,-0.699,0.472,6.156,4.139,3.755
62.5877,-3.072,-2.274,8.035,-109.41,50.59,-11.79,-1.041,2.334,-8.551,-27.82,-19.54,3.25,10.477,-12.179,-4.824,-3.784,17.077,-5.698,-13.692,29.689,3.784,0.21,0.0,-0.341,0.551,0.226,-17.077,-1.874,-0.0,0.486,-2.36,-0.699,0.472,6.156,4.139,3.755
62.6425,-3.223,-5.727,8.373,-102.91,23.36,-16.31,-1.17,4.239,-9.401,10.29,-31.16,19.47,12.062,-17.826,-5.961,-4.917,17.311,-6.121,-16.027,35.814,4.917,0.249,0.0,-0.544,0.793,0.25,-17.311,-1.887,-0.0,-0.18,-1.707,-0.622,0.186,0.621,4.139,3.755
62.6425,-3.223,-5.727,8.373,-102.91,23.36,-16.31,-1.17,4.239,-9.401,10.29,-31.16,19.47,12.062,-17.826,-5.961,-4.917,17.311,-6.121,-16.027,35.814,4.917,0.249,0.0,-0.544,0.793,0.25,-17.311,-1.887,-0.0,-0.18,-1.707,-0.622,0.186,0.621,4.139,3.755
62.6725,-2.823,-7.365,9.069,-80.99,10.02,-10.5,-1.103,3.612,-9.971,-7.45,-21.44,7.73,12.339,-20.394,-6.445,-5.375,17.518,-6.292,-16.56,38.692,5.375,0.265,0.0,-0.374,0.639,0.235,-17.518,-1.897,-0.0,0.13,-2.027,-0.661,0.121,0.972,4.139,3.755
62.7326,-1.867,-9.029,9.682,-12.63,-7.35,1.41,-0.765,4.028,-10.949,24.29,-8.92,-0.38,12.091,-23.548,-6.85,-5.933,17.429,-5.981,-16.769,41.782,5.933,0.285,-0.0,-0.156,0.44,0.215,-17.429,-1.896,-0.0,-0.424,-1.472,-0.595,0.096,1.35,4.139,3.755
62.7326,-1.867,-9.029,9.682,-12.63,-7.35,1.41,-0.765,4.028,-10.949,24.29,-8.92,-0.38,12.091,-23.548,-6.85,-5.933,17.429,-5.981,-16.769,41.782,5.933,0.285,-0.0,-0.156,0.44,0.215,-17.429,-1.896,-0.0,-0.424,-1.472,-0.595,0.096,1.35,4.139,3.755
62.7944,-1.741,-8.279,8.59,67.01,-10.93,16.59,-0.698,4.32,-10.017,54.13,15.24,-11.1,11.656,-23.536,-6.597,-5.889,16.01,-5.143,-16.575,40.204,6.054,0.289,-0.0,-0.051,0.34,0.205,-16.803,-1.87,0.0,-0.698,-1.172,-0.559,0.1,1.319,4.139,3.755
62.8232,-1.669,-6.62,8.38,96.12,-8.81,19.8,-1.638,3.516,-9.155,65.06,20.54,-11.08,11.543,-22.316,-6.293,-5.661,14.925,-4.62,-16.468,37.781,5.661,0.275,-0.0,0.358,-0.083,0.163,-14.925,-1.79,0.0,-1.135,-0.654,-0.497,0.132,0.861,4.139,3.755
62.8479,-1.621,-4.975,8.423,116.21,-3.41,21.32,-1.463,2.941,-8.808,55.09,14.2,-8.66,11.521,-20.417,-5.945,-5.598,13.892,-4.182,-16.582,34.756,5.661,0.275,-0.0,0.358,-0.083,0.163,-14.925,-1.79,0.0,-1.135,-0.654,-0.497,0.132,0.861,4.139,3.755
62.8750,-1.968,-3.9,8.468,133.35,-0.7,22.22,-0.526,2.048,-8.888,26.52,11.05,-14.67,11.622,-17.998,-5.562,-5.522,13.212,-3.73,-16.8,31.551,5.522,0.271,-0.0,0.193,0.078,0.179,-13.212,-1.717,0.0,-0.463,-1.254,-0.569,0.092,0.1,4.139,3.755
62.8750,-1.968,-3.9,8.468,133.35,-0.7,22.22,-0.526,2.048,-8.888,26.52,11.05,-14.67,11.622,-17.998,-5.562,-5.522,13.212,-3.73,-16.8,31.551,5.522,0.271,-0.0,0.193,0.078,0.179,-13.212,-1.717,0.0,-0.463,-1.254,-0.569,0.092,0.1,4.139,3.755
62.9364,-2.203,-1.803,8.526,146.61,-3.1,23.5,-1.085,1.857,-9.024,42.07,37.5,-14.16,11.972,-12.107,-4.634,-4.524,11.743,-2.584,-16.498,23.849,4.524,0.236,-0.0,0.655,-0.419,0.129,-11.743,-1.655,0.0,-0.734,-0.92,-0.53,0.129,5.442,4.139,3.755
62.9364,-2.203,-1.803,8.526,146.61,-3.1,23.5,-1.085,1.857,-9.024,42.07,37.5,-14.16,11.972,-12.107,-4.634,-4.524,11.743,-2.584,-16.498,23.849,4.524,0.236,-0.0,0.655,-0.419,0.129,-11.743,-1.655,0.0,-0.734,-0.92,-0.53,0.129,5.442,4.139,3.755
62.9911,-2.48,0.831,7.661,144.85,-8.83,24.22,-0.599,1.47,-8.289,10.91,42.17,-16.27,12.246,-5.511,-3.496,-3.366,10.582,-1.661,-15.659,15.844,3.366,0.195,-0.0,0.736,-0.541,0.117,-10.582,-1.606,0.0,-0.19,-1.415,-0.59,0.231,4.464,4.139,3.755
62.9911,-2.48,0.831,7.661,144.85,-8.83,24.22,-0.599,1.47,-8.289,10.91,42.17,-16.27,12.246,-5.511,-3.496,-3.366,10.582,-1.661,-15.659,15.844,3.366,0.195,-0.0,0.736,-0.541,0.117,-10.582,-1.606,0.0,-0.19,-1.415,-0.59,0.231,4.464,4.139,3.755
63.0556,-2.308,2.583,8.253,127.15,-17.56,19.0,-0.083,0.369,-9.256,-8.09,39.76,-11.43,11.958,1.153,-2.349,-1.914,10.612,-0.817,-13.785,9.064,1.914,0.145,-0.0,0.694,-0.549,0.116,-10.612,-1.608,0.0,0.141,-1.75,-0.631,0.46,3.636,4.139,3.755
63.0556,-2.308,2.583,8.253,127.15,-17.56,19.0,-0.083,0.369,-9.256,-8.09,39.76,-11.43,11.958,1.153,-2.349,-1.914,10.612,-0.817,-13.785,9.064,1.914,0.145,-0.0,0.694,-0.549,0.116,-10.612,-1.608,0.0,0.141,-1.75,-0.631,0.46,3.636,4.139,3.755
63.1101,-1.238,5.914,9.831,71.98,-28.31,6.09,0.048,0.885,-9.61,37.16,15.07,11.86,10.873,6.929,-1.645,-0.723,8.787,-1.091,-11.401,1.603,0.723,0.103,-0.0,0.263,-0.16,0.155,-8.787,-1.53,0.0,-0.649,-0.881,-0.527,0.752,2.724,4.139,3.755
63.1101,-1.238,5.914,9.831,71.98,-28.31,6.09,0.048,0.885,-9.61,37.16,15.07,11.86,10.873,6.929,-1.645,-0.723,8.787,-1.091,-11.401,1.603,0.723,0.103,-0.0,0.263,-0.16,0.155,-8.787,-1.53,0.0,-0.649,-0.881,-0.527,0.752,2.724,4.139,3.755
63.1660,0.043,6.349,10.98,-26.55,-6.89,1.31,0.98,2.115,-10.41,-95.08,-23.63,-15.79,9.493,9.202,-1.301,-1.193,10.409,-1.255,-10.503,1.035,1.193,0.119,-0.0,-0.412,0.532,0.224,-10.409,-1.602,-0.0,1.659,-3.262,-0.813,0.861,2.655,4.139,3.755
63.1660,0.043,6.349,10.98,-26.55,-6.89,1.31,0.98,2.115,-10.41,-95.08,-23.63,-15.79,9.493,9.202,-1.301,-1.193,10.409,-1.255,-10.503,1.035,1.193,0.119,-0.0,-0.412,0.532,0.224,-10.409,-1.602,-0.0,1.659,-3.262,-0.813,0.861,2.655,4.139,3.755
63.1966,-0.115,4.934,10.384,-71.35,6.47,-2.49,1.502,0.911,-11.156,-91.48,6.88,-14.23,9.218,8.67,-1.206,-0.872,12.246,-1.011,-9.909,3.397,0.872,0.108,0.0,0.12,-0.012,0.17,-12.246,-1.683,-0.0,1.597,-3.28,-0.816,0.934,2.944,4.139,3.755
63.2519,-1.264,1.951,8.82,-116.56,27.31,-7.99,-0.245,2.483,-8.509,0.38,-30.64,-8.18,9.75,5.288,-1.212,-1.537,12.578,-0.838,-11.164,7.097,1.537,0.132,0.0,-0.535,0.666,0.238,-12.578,-1.699,-0.0,-0.007,-1.693,-0.627,0.78,3.396,4.139,3.755
63.2519,-1.264,1.951,8.82,-116.56,27.31,-7.99,-0.245,2.483,-8.509,0.38,-30.64,-8.18,9.75,5.288,-1.212,-1.537,12.578,-0.838,-11.164,7.097,1.537,0.132,0.0,-0.535,0.666,0.238,-12.578,-1.699,-0.0,-0.007,-1.693,-0.627,0.78,3.396,4.139,3.755
63.3153,-1.48,-0.007,8.416,-118.29,30.43,-17.92,0.066,2.903,-8.592,-62.92,-16.85,-6.11,10.904,0.318,-1.718,-2.646,14.606,-1.051,-13.498,14.099,2.646,0.17,0.0,-0.294,0.464,0.218,-14.606,-1.79,-0.0,1.098,-2.888,-0.771,0.495,4.251,4.139,3.755
63.3153,-1.48,-0.007,8.416,-118.29,30.43,-17.92,0.066,2.903,-8.592,-62.92,-16.85,-6.11,10.904,0.318,-1.718,-2.646,14.606,-1.051,-13.498,14.099,2.646,0.17,0.0,-0.294,0.464,0.218,-14.606,-1.79,-0.0,1.098,-2.888,-0.771,0.495,4.251,4.139,3.755
63.3778,-2.5,-0.709,7.853,-130.1,21.55,-22.85,-1.295,1.55,-8.362,-19.9,-15.99,10.09,12.25,-4.826,-2.688,-3.094,15.924,-1.546,-15.332,20.607,3.094,0.186,0.0,-0.279,0.465,0.218,-15.924,-1.85,-0.0,0.347,-2.197,-0.689,0.271,5.046,4.139,3.755
63.3778,-2.5,-0.709,7.853,-130.1,21.55,-22.85,-1.295,1.55,-8.362,-19.9,-15.99,10.09,12.25,-4.826,-2.688,-3.094,15.924,-1.546,-15.332,20.607,3.094,0.186,0.0,-0.279,0.465,0.218,-15.924,-1.85,-0.0,0.347,-2.197,-0.689,0.271,5.046,4.139,3.755
63.4300,-1.937,-4.824,8.815,-107.54,8.62,-12.84,-0.576,3.053,-9.121,-2.29,-12.44,6.97,12.857,-10.92,-3.689,-3.72,16.333,-2.033,-16.53,27.253,3.72,0.208,0.0,-0.217,0.425,0.214,-16.333,-1.87,-0.0,0.04,-1.91,-0.655,0.125,5.858,4.139,3.755
63.4300,-1.937,-4.824,8.815,-107.54,8.62,-12.84,-0.576,3.053,-9.121,-2.29,-12.44,6.97,12.857,-10.92,-3.689,-3.72,16.333,-2.033,-16.53,27.253,3.72,0.208,0.0,-0.217,0.425,0.214,-16.333,-1.87,-0.0,0.04,-1.91,-0.655,0.125,5.858,4.139,3.755
63.4842,-2.002,-8.133,10.937,-33.85,9.01,-4.33,-0.272,4.39,-11.434,29.81,-27.76,7.6,12.881,-15.251,-4.433,-4.572,16.103,-2.335,-17.322,31.499,4.572,0.238,0.0,-0.484,0.722,0.244,-16.103,-1.862,-0.0,-0.52,-1.342,-0.588,0.028,0.094,4.139,3.755
63.4842,-2.002,-8.133,10.937,-33.85,9.01,-4.33,-0.272,4.39,-11.434,29.81,-27.76,7.6,12.881,-15.251,-4.433,-4.572,16.103,-2.335,-17.322,31.499,4.572,0.238,0.0,-0.484,0.722,0.244,-16.103,-1.862,-0.0,-0.52,-1.342,-0.588,0.028,0.094,4.139,3.755
63.5458,-2.602,-7.173,9.862,72.34,9.79,9.56,-0.836,3.209,-10.631,50.68,5.35,4.5,13.111,-15.589,-4.794,-4.787,14.571,-2.569,-17.768,30.325,4.787,0.245,0.0,0.093,0.152,0.187,-14.571,-1.797,0.0,-0.885,-0.913,-0.537,6.257,6.233,4.139,3.755
63.5458,-2.602,-7.173,9.862,72.34,9.79,9.56,-0.836,3.209,-10.631,50.68,5.35,4.5,13.111,-15.589,-4.794,-4.787,14.571,-2.569,-17.768,30.325,4.787,0.245,0.0,0.093,0.152,0.187,-14.571,-1.797,0.0,-0.885,-0.913,-0.537,6.257,6.233,4.139,3.755
63.5752,-3.16,-4.561,8.363,111.81,7.22,22.51,-1.52,2.241,-9.428,64.64,24.07,-8.2,13.535,-14.047,-4.589,-4.57,13.321,-2.27,-18.057,27.441,4.57,0.238,0.0,0.42,-0.183,0.154,-13.321,-1.744,0.0,-1.128,-0.615,-0.501,6.222,5.881,4.139,3.755
63.6384,-2.622,-1.173,8.033,133.01,3.73,39.42,-1.438,1.987,-8.076,28.19,25.85,-26.24,14.389,-8.88,-3.317,-4.229,11.42,-1.175,-18.657,20.16,4.229,0.226,0.0,0.451,-0.226,0.149,-11.42,-1.662,0.0,-0.492,-1.17,-0.568,6.148,4.992,4.139,3.755
63.6384,-2.622,-1.173,8.033,133.01,3.73,39.42,-1.438,1.987,-8.076,28.19,25.85,-26.24,14.389,-8.88,-3.317,-4.229,11.42,-1.175,-18.657,20.16,4.229,0.226,0.0,0.451,-0.226,0.149,-11.42,-1.662,0.0,-0.492,-1.17,-0.568,6.148,4.992,4.139,3.755
63.6922,-3.089,1.245,8.143,124.48,-7.11,36.63,-0.807,1.464,-9.032,-17.94,43.4,-37.08,15.093,-2.475,-1.484,-3.346,11.56,0.604,-18.44,13.544,3.346,0.195,-0.0,0.758,-0.563,0.116,-11.56,-1.67,0.0,0.313,-1.983,-0.666,6.175,4.183,4.139,3.755
63.6922,-3.089,1.245,8.143,124.48,-7.11,36.63,-0.807,1.464,-9.032,-17.94,43.4,-37.08,15.093,-2.475,-1.484,-3.346,11.56,0.604,-18.44,13.544,3.346,0.195,-0.0,0.758,-0.563,0.116,-11.56,-1.67,0.0,0.313,-1.983,-0.666,6.175,4.183,4.139,3.755
63.7479,-2.464,3.357,9.412,89.3,-21.74,20.87,0.249,0.9,-9.972,40.63,24.51,-1.29,14.592,3.252,-0.017,-2.393,10.307,1.191,-16.822,6.564,2.393,0.162,-0.0,0.428,-0.266,0.145,-10.307,-1.617,0.0,-0.709,-0.908,-0.538,0.089,3.33,4.139,3.755
63.7479,-2.464,3.357,9.412,89.3,-21.74,20.87,0.249,0.9,-9.972,40.63,24.51,-1.29,14.592,3.252,-0.017,-2.393,10.307,1.191,-16.822,6.564,2.393,0.162,-0.0,0.428,-0.266,0.145,-10.307,-1.617,0.0,-0.709,-0.908,-0.538,0.089,3.33,4.139,3.755
63.8049,-1.59,4.532,10.441,30.1,-17.75,4.8,0.077,2.174,-9.827,-19.57,3.51,-0.2,13.345,6.893,0.666,-1.672,9.884,1.049,-14.806,2.648,1.672,0.136,-0.0,0.061,0.075,0.179,-9.884,-1.6,0.0,0.342,-1.941,-0.662,0.336,2.852,4.139,3.755
63.8049,-1.59,4.532,10.441,30.1,-17.75,4.8,0.077,2.174,-9.827,-19.57,3.51,-0.2,13.345,6.893,0.666,-1.672,9.884,1.049,-14.806,2.648,1.672,0.136,-0.0,0.061,0.075,0.179,-9.884,-1.6,0.0,0.342,-1.941,-0.662,0.336,2.852,4.139,3.755
63.8676,-1.302,4.549,10.269,-37.5,-0.02,-7.93,0.229,0.856,-10.404,-59.03,-0.63,-4.83,12.599,7.679,0.816,-1.243,12.064,1.163,-13.619,4.066,1.243,0.121,-0.0,-0.011,0.132,0.185,-12.064,-1.696,-0.0,1.03,-2.727,-0.758,0.481,3.025,4.139,3.755
63.8676,-1.302,4.549,10.269,-37.5,-0.02,-7.93,0.229,0.856,-10.404,-59.03,-0.63,-4.83,12.599,7.679,0.816,-1.243,12.064,1.163,-13.619,4.066,1.243,0.121,-0.0,-0.011,0.132,0.185,-12.064,-1.696,-0.0,1.03,-2.727,-0.758,0.481,3.025,4.139,3.755
63.9249,-2.169,1.561,9.12,-70.67,14.4,-20.44,-0.166,2.151,-9.258,-9.38,-17.52,8.51,12.888,5.721,0.364,-1.765,12.528,0.73,-14.489,6.507,1.765,0.14,0.0,-0.306,0.446,0.216,-12.528,-1.718,-0.0,0.164,-1.882,-0.657,0.45,3.146,4.139,3.755
63.9552,-2.863,0.196,8.882,-68.45,11.29,-20.98,-0.643,2.352,-9.103,-16.47,-18.71,11.51,13.326,4.153,-0.066,-2.088,12.889,0.35,-15.287,8.45,2.088,0.151,0.0,-0.327,0.478,0.22,-12.889,-1.735,-0.0,0.287,-2.023,-0.674,0.277,3.561,4.139,3.755
63.9819,-3.134,-0.634,8.964,-59.09,2.05,-16.79,-0.275,2.322,-9.416,-25.73,-9.35,7.63,13.669,2.585,-0.492,-2.302,13.42,0.065,-15.871,10.555,2.302,0.158,0.0,-0.163,0.322,0.204,-13.42,-1.759,-0.0,0.449,-2.208,-0.697,0.205,3.818,4.139,3.755
63.9819,-3.134,-0.634,8.964,-59.09,2.05,-16.79,-0.275,2.322,-9.416,-25.73,-9.35,7.63,13.669,2.585,-0.492,-2.302,13.42,0.065,-15.871,10.555,2.302,0.158,0.0,-0.163,0.322,0.204,-13.42,-1.759,-0.0,0.449,-2.208,-0.697,0.205,3.818,4.139,3.755
64.0129,-2.775,-1.202,9.278,-45.63,-9.48,-8.54,-0.103,2.11,-9.618,-11.85,4.27,6.25,13.694,1.213,-0.798,-2.146,13.725,-0.106,-15.765,12.248,2.146,0.153,-0.0,0.075,0.078,0.18,-13.725,-1.773,-0.0,0.207,-1.98,-0.67,0.218,4.025,4.139,3.755
64.0714,-1.185,-1.456,9.826,-23.45,-12.06,5.8,-0.06,3.206,-8.881,10.68,1.85,-3.37,12.871,-0.669,-0.907,-1.834,13.603,-0.187,-14.66,14.079,1.834,0.142,-0.0,0.032,0.11,0.183,-13.603,-1.77,-0.0,-0.186,-1.584,-0.623,0.353,4.249,4.139,3.755
64.0714,-1.185,-1.456,9.826,-23.45,-12.06,5.8,-0.06,3.206,-8.881,10.68,1.85,-3.37,12.871,-0.669,-0.907,-1.834,13.603,-0.187,-14.66,14.079,1.834,0.142,-0.0,0.032,0.11,0.183,-13.603,-1.77,-0.0,-0.186,-1.584,-0.623,0.353,4.249,4.139,3.755
64.1224,-0.56,-0.831,9.984,-6.0,6.27,7.17,0.247,2.295,-9.102,-4.56,-7.54,-9.47,12.202,-1.469,-0.698,-1.886,13.942,-0.041,-14.05,15.259,1.886,0.144,0.0,-0.132,0.275,0.2,-13.942,-1.787,-0.0,0.08,-1.866,-0.658,0.428,4.393,4.139,3.755
64.1224,-0.56,-0.831,9.984,-6.0,6.27,7.17,0.247,2.295,-9.102,-4.56,-7.54,-9.47,12.202,-1.469,-0.698,-1.886,13.942,-0.041,-14.05,15.259,1.886,0.144,0.0,-0.132,0.275,0.2,-13.942,-1.787,-0.0,0.08,-1.866,-0.658,0.428,4.393,4.139,3.755
64.1858,-0.014,-0.369,10.075,-0.76,42.08,1.42,-0.223,2.618,-8.786,9.88,-31.48,-8.36,12.385,-1.593,-0.555,-2.565,13.839,0.133,-14.911,15.281,2.565,0.168,0.0,-0.549,0.717,0.244,-13.839,-1.784,-0.0,-0.172,-1.612,-0.628,0.418,4.401,4.139,3.755
64.1858,-0.014,-0.369,10.075,-0.76,42.08,1.42,-0.223,2.618,-8.786,9.88,-31.48,-8.36,12.385,-1.593,-0.555,-2.565,13.839,0.133,-14.911,15.281,2.565,0.168,0.0,-0.549,0.717,0.244,-13.839,-1.784,-0.0,-0.172,-1.612,-0.628,0.323,4.395,4.139,3.755
64.2146,-0.575,-0.431,9.665,1.05,63.08,-3.33,0.063,2.509,-8.77,5.5,-44.07,-8.62,13.141,-1.63,-0.643,-3.347,13.794,0.066,-16.444,15.271,3.347,0.195,0.0,-0.769,0.964,0.269,-13.794,-1.783,0.0,-0.096,-1.687,-0.637,0.135,4.394,4.139,3.755
64.2760,-1.707,-0.184,8.756,2.53,92.17,-9.32,-0.852,2.112,-8.708,6.66,-36.4,-8.57,15.926,-1.657,-1.053,-4.872,13.642,-0.009,-20.743,15.05,4.872,0.248,0.0,-0.635,0.884,0.261,-13.642,-1.778,0.0,-0.116,-1.662,-0.635,5.893,4.367,4.139,3.755
64.2760,-1.707,-0.184,8.756,2.53,92.17,-9.32,-0.852,2.112,-8.708,6.66,-36.4,-8.57,15.926,-1.657,-1.053,-4.872,13.642,-0.009,-20.743,15.05,4.872,0.248,0.0,-0.635,0.884,0.261,-13.642,-1.778,0.0,-0.116,-1.662,-0.635,5.893,4.367,4.139,3.755
64.3296,-3.249,-0.491,8.341,5.47,115.65,-11.97,-1.733,2.221,-8.938,7.41,-42.74,-11.62,20.188,-1.796,-1.681,-6.91,13.43,0.01,-27.03,14.73,6.91,0.319,0.0,-0.746,1.065,0.28,-13.43,-1.771,0.0,-0.129,-1.642,-0.633,5.125,4.328,4.139,3.755
64.3296,-3.249,-0.491,8.341,5.47,115.65,-11.97,-1.733,2.221,-8.938,7.41,-42.74,-11.62,20.188,-1.796,-1.681,-6.91,13.43,0.01,-27.03,14.73,6.91,0.319,0.0,-0.746,1.065,0.28,-13.43,-1.771,0.0,-0.129,-1.642,-0.633,5.125,4.328,4.139,3.755
64.3897,-5.195,-0.376,7.53,10.31,121.65,-7.91,-1.933,1.853,-9.306,10.12,-20.9,-16.78,25.693,-1.832,-2.374,-8.635,12.915,0.11,-34.233,13.761,8.635,0.38,0.0,-0.365,0.745,0.248,-12.915,-1.75,0.0,-0.177,-1.574,-0.626,4.245,4.21,4.139,3.755
64.3897,-5.195,-0.376,7.53,10.31,121.65,-7.91,-1.933,1.853,-9.306,10.12,-20.9,-16.78,25.693,-1.832,-2.374,-8.635,12.915,0.11,-34.233,13.761,8.635,0.38,0.0,-0.365,0.745,0.248,-12.915,-1.75,0.0,-0.177,-1.574,-0.626,4.245,4.21,4.139,3.755
64.4451,-7.357,0.115,7.233,8.87,112.83,6.44,-2.089,1.731,-9.189,2.5,-11.99,-36.85,31.425,-1.424,-2.476,-9.86,12.43,0.956,-41.122,11.868,9.86,0.423,0.0,-0.209,0.632,0.237,-12.43,-1.731,0.0,-0.044,-1.687,-0.64,3.404,3.978,4.139,3.755
64.4451,-7.357,0.115,7.233,8.87,112.83,6.44,-2.089,1.731,-9.189,2.5,-11.99,-36.85,31.425,-1.424,-2.476,-9.86,12.43,0.956,-41.122,11.868,9.86,0.423,0.0,-0.209,0.632,0.237,-12.43,-1.731,0.0,-0.044,-1.687,-0.64,3.404,3.978,4.139,3.755
64.4751,-7.954,-0.113,6.642,9.37,101.74,15.3,-2.415,1.49,-9.755,-0.08,-18.74,-45.7,34.141,-1.108,-2.217,-10.446,12.186,1.641,-44.364,10.622,10.446,0.443,0.0,-0.327,0.77,0.251,-12.186,-1.721,0.0,0.001,-1.723,-0.645,3.008,3.826,4.139,3.755
64.5285,-9.577,0.342,6.342,13.43,65.33,19.47,-2.121,2.771,-10.364,1.3,8.26,-46.14,38.677,-0.192,-1.398,-11.01,11.932,3.182,-49.273,7.731,11.01,0.463,0.0,0.144,0.319,0.206,-11.932,-1.712,0.0,-0.023,-1.689,-0.641,2.408,3.473,4.139,3.755
64.5285,-9.577,0.342,6.342,13.43,65.33,19.47,-2.121,2.771,-10.364,1.3,8.26,-46.14,38.677,-0.192,-1.398,-11.01,11.932,3.182,-49.273,7.731,11.01,0.463,0.0,0.144,0.319,0.206,-11.932,-1.712,0.0,-0.023,-1.689,-0.641,2.408,3.473,4.139,3.755
64.5903,-10.862,0.357,5.921,12.37,8.2,13.88,-2.199,2.424,-10.027,-5.19,10.93,-32.36,41.483,1.074,-0.408,-11.035,11.701,4.029,-51.895,5.064,11.035,0.464,0.0,0.191,0.273,0.202,-11.701,-1.703,0.0,0.091,-1.794,-0.655,2.087,3.147,4.139,3.755
64.5903,-10.862,0.357,5.921,12.37,8.2,13.88,-2.199,2.424,-10.027,-5.19,10.93,-32.36,41.483,1.074,-0.408,-11.035,11.701,4.029,-51.895,5.064,11.035,0.464,0.0,0.191,0.273,0.202,-11.701,-1.703,0.0,0.091,-1.794,-0.655,2.087,3.147,4.139,3.755
64.6446,-10.08,0.876,6.182,8.08,-60.12,0.8,-2.418,1.15,-10.568,-7.84,35.68,26.17,41.447,1.771,-0.101,-9.73,12.363,3.344,-50.594,5.852,9.73,0.418,-0.0,0.623,-0.204,0.154,-12.363,-1.734,0.0,0.137,-1.871,-0.665,2.246,3.243,4.139,3.755
64.6446,-10.08,0.876,6.182,8.08,-60.12,0.8,-2.418,1.15,-10.568,-7.84,35.68,26.17,41.447,1.771,-0.101,-9.73,12.363,3.344,-50.594,5.852,9.73,0.418,-0.0,0.623,-0.204,0.154,-12.363,-1.734,0.0,0.137,-1.871,-0.665,2.246,3.243,4.139,3.755
64.7065,-7.52,0.273,6.369,3.55,-100.09,5.83,-2.067,1.863,-9.664,3.81,56.59,35.59,38.889,2.201,0.073,-7.548,12.182,1.948,-46.037,7.223,7.548,0.342,-0.0,0.988,-0.646,0.11,-12.182,-1.728,0.0,-0.066,-1.661,-0.64,2.803,3.411,4.139,3.755
64.7065,-7.52,0.273,6.369,3.55,-100.09,5.83,-2.067,1.863,-9.664,3.81,56.59,35.59,38.889,2.201,0.073,-7.548,12.182,1.948,-46.037,7.223,7.548,0.342,-0.0,0.988,-0.646,0.11,-12.182,-1.728,0.0,-0.066,-1.661,-0.64,2.803,3.411,4.139,3.755
64.7607,-6.812,0.752,7.19,-1.61,-112.46,-5.88,-1.946,2.223,-9.657,-9.08,43.01,43.05,35.217,2.357,-0.006,-5.501,12.508,0.533,-40.467,8.93,6.382,0.301,-0.0,1.079,-0.778,0.096,-12.245,-1.731,0.0,-0.004,-1.728,-0.649,3.152,3.5,4.139,3.755
64.7897,-6.014,0.874,7.645,-5.04,-117.83,-12.31,-1.156,1.976,-9.837,-12.42,34.01,49.93,33.081,2.217,-0.289,-4.653,12.797,-0.346,-37.546,9.976,4.653,0.241,-0.0,0.594,-0.352,0.139,-12.797,-1.757,-0.0,0.217,-1.974,-0.679,3.84,3.747,4.139,3.755
64.7897,-6.014,0.874,7.645,-5.04,-117.83,-12.31,-1.156,1.976,-9.837,-12.42,34.01,49.93,33.081,2.217,-0.289,-4.653,12.797,-0.346,-37.546,9.976,4.653,0.241,-0.0,0.594,-0.352,0.139,-12.797,-1.757,-0.0,0.217,-1.974,-0.679,3.84,3.747,4.139,3.755
64.8514,-3.78,0.527,8.346,-13.93,-117.24,-16.55,-1.361,1.551,-9.255,-8.06,40.31,48.05,28.377,1.682,-1.058,-2.878,12.998,-2.081,-31.149,11.545,2.878,0.179,-0.0,0.704,-0.524,0.121,-12.998,-1.768,-0.0,0.141,-1.909,-0.672,4.622,3.939,4.139,3.755
64.8514,-3.78,0.527,8.346,-13.93,-117.24,-16.55,-1.361,1.551,-9.255,-8.06,40.31,48.05,28.377,1.682,-1.058,-2.878,12.998,-2.081,-31.149,11.545,2.878,0.179,-0.0,0.704,-0.524,0.121,-12.998,-1.768,-0.0,0.141,-1.909,-0.672,4.622,3.939,4.139,3.755
64.9057,-2.899,0.251,8.674,-10.99,-105.82,-9.94,0.351,2.131,-9.295,-3.74,9.52,39.7,23.657,0.87,-1.702,-2.166,13.396,-3.382,-25.742,13.126,2.166,0.154,-0.0,0.166,-0.012,0.173,-13.396,-1.787,-0.0,0.065,-1.852,-0.666,5.283,4.132,4.139,3.755
64.9057,-2.899,0.251,8.674,-10.99,-105.82,-9.94,0.351,2.131,-9.295,-3.74,9.52,39.7,23.657,0.87,-1.702,-2.166,13.396,-3.382,-25.742,13.126,2.166,0.154,-0.0,0.166,-0.012,0.173,-13.396,-1.787,-0.0,0.065,-1.852,-0.666,5.283,4.132,4.139,3.755
64.9674,0.577,-0.158,10.64,-9.94,-66.51,-6.65,0.869,2.494,-9.054,-10.31,-16.22,15.27,18.866,0.258,-2.079,-1.689,13.49,-4.252,-20.478,13.914,1.689,0.138,-0.0,-0.283,0.421,0.216,-13.49,-1.793,-0.0,0.18,-1.973,-0.681,5.926,4.228,4.139,3.755
64.9674,0.577,-0.158,10.64,-9.94,-66.51,-6.65,0.869,2.494,-9.054,-10.31,-16.22,15.27,18.866,0.258,-2.079,-1.689,13.49,-4.252,-20.478,13.914,1.689,0.138,-0.0,-0.283,0.421,0.216,-13.49,-1.793,-0.0,0.18,-1.973,-0.681,5.926,4.228,4.139,3.755
64.9989,1.47,-0.508,10.858,-8.73,-33.56,-7.24,2.182,2.671,-9.224,-2.32,-8.76,15.15,17.07,-0.053,-2.255,-1.355,13.722,-4.521,-18.344,14.428,1.355,0.126,-0.0,-0.153,0.279,0.202,-13.722,-1.804,-0.0,0.041,-1.845,-0.666,6.186,4.291,4.139,3.755
65.0511,0.855,-0.555,10.173,-3.96,25.89,-1.44,1.222,2.4,-8.638,5.21,-27.84,-4.63,15.531,-0.564,-2.489,-1.399,13.618,-4.663,-16.836,14.764,1.399,0.128,0.0,-0.486,0.614,0.235,-13.618,-1.801,-0.0,-0.091,-1.711,-0.651,0.088,4.332,4.139,3.755
65.0511,0.855,-0.555,10.173,-3.96,25.89,-1.44,1.222,2.4,-8.638,5.21,-27.84,-4.63,15.531,-0.564,-2.489,-1.399,13.618,-4.663,-16.836,14.764,1.399,0.128,0.0,-0.486,0.614,0.235,-13.618,-1.801,-0.0,-0.091,-1.711,-0.651,0.088,4.332,4.139,3.755
65.1164,-0.611,-0.539,9.29,3.77,69.65,5.85,-0.081,1.929,-8.469,7.61,-46.54,-19.38,16.453,-0.747,-2.447,-2.691,13.454,-4.305,-19.04,14.748,2.691,0.173,0.0,-0.812,0.985,0.273,-13.454,-1.796,0.0,-0.133,-1.663,-0.646,6.101,4.33,4.139,3.755
65.1164,-0.611,-0.539,9.29,3.77,69.65,5.85,-0.081,1.929,-8.469,7.61,-46.54,-19.38,16.453,-0.747,-2.447,-2.691,13.454,-4.305,-19.04,14.748,2.691,0.173,0.0,-0.812,0.985,0.273,-13.454,-1.796,0.0,-0.133,-1.663,-0.646,6.101,4.33,4.139,3.755
65.1693,-1.788,0.091,8.373,6.47,100.33,8.25,-0.693,1.984,-8.411,11.6,-40.12,-29.49,19.371,-0.39,-2.132,-4.588,12.895,-3.561,-23.852,13.787,4.588,0.239,0.0,-0.7,0.939,0.269,-12.895,-1.774,0.0,-0.202,-1.571,-0.635,5.513,4.213,4.139,3.755
65.1693,-1.788,0.091,8.373,6.47,100.33,8.25,-0.693,1.984,-8.411,11.6,-40.12,-29.49,19.371,-0.39,-2.132,-4.588,12.895,-3.561,-23.852,13.787,4.588,0.239,0.0,-0.7,0.939,0.269,-12.895,-1.774,0.0,-0.202,-1.571,-0.635,5.513,4.213,4.139,3.755
65.2255,-3.759,0.036,7.743,7.36,119.6,6.29,-1.317,1.488,-8.902,3.71,-34.42,-34.47,23.982,0.052,-1.855,-6.571,12.531,-2.545,-30.432,12.742,6.571,0.308,0.0,-0.601,0.909,0.266,-12.531,-1.76,0.0,-0.065,-1.695,-0.651,4.71,4.085,4.139,3.755
65.2255,-3.759,0.036,7.743,7.36,119.6,6.29,-1.317,1.488,-8.902,3.71,-34.42,-34.47,23.982,0.052,-1.855,-6.571,12.531,-2.545,-30.432,12.742,6.571,0.308,0.0,-0.601,0.909,0.266,-12.531,-1.76,0.0,-0.065,-1.695,-0.651,4.71,4.085,4.139,3.755
65.2894,-6.337,0.211,6.871,8.13,127.26,6.42,-2.108,1.907,-9.219,6.71,-15.21,-36.69,29.646,0.59,-1.472,-7.845,11.985,-1.17,-37.324,10.995,7.263,0.332,0.0,-0.34,0.673,0.243,-12.236,-1.748,0.0,-0.143,-1.604,-0.64,4.305,3.984,4.139,3.755
65.2894,-6.337,0.211,6.871,8.13,127.26,6.42,-2.108,1.907,-9.219,6.71,-15.21,-36.69,29.646,0.59,-1.472,-7.845,11.985,-1.17,-37.324,10.995,7.845,0.353,0.0,-0.265,0.618,0.237,-11.985,-1.737,0.0,-0.117,-1.62,-0.642,3.868,3.872,4.139,3.755
65.3419,-8.006,0.852,7.075,5.45,110.88,4.35,-1.988,2.231,-9.875,-8.19,-14.67,-49.53,35.426,1.327,-0.942,-9.176,11.725,0.423,-44.317,8.687,9.176,0.399,0.0,-0.256,0.655,0.241,-11.725,-1.728,0.0,0.143,-1.871,-0.673,3.429,3.729,4.139,3.755
65.3419,-8.006,0.852,7.075,5.45,110.88,4.35,-1.988,2.231,-9.875,-8.19,-14.67,-49.53,35.426,1.327,-0.942,-9.176,11.725,0.423,-44.317,8.687,9.176,0.399,0.0,-0.256,0.655,0.241,-11.725,-1.728,0.0,0.143,-1.871,-0.673,3.013,3.59,4.139,3.755
65.3727,-8.803,0.144,6.728,3.7,92.16,3.87,-1.632,1.195,-10.076,-9.25,-1.57,-39.82,38.027,1.545,-0.763,-9.491,11.733,1.063,-47.158,7.714,9.491,0.41,0.0,-0.027,0.438,0.22,-11.733,-1.729,0.0,0.161,-1.89,-0.676,2.666,3.471,4.139,3.755
65.4335,-8.823,-0.321,6.127,6.59,63.04,4.83,-2.786,1.61,-9.986,-2.99,8.78,-22.32,42.06,1.855,-0.525,-9.701,11.551,2.015,-51.251,5.747,9.701,0.418,0.0,0.153,0.264,0.202,-11.551,-1.723,0.0,0.052,-1.775,-0.663,2.166,3.231,4.139,3.755
65.4335,-8.823,-0.321,6.127,6.59,63.04,4.83,-2.786,1.61,-9.986,-2.99,8.78,-22.32,42.06,1.855,-0.525,-9.701,11.551,2.015,-51.251,5.747,9.701,0.418,0.0,0.153,0.264,0.202,-11.551,-1.723,0.0,0.052,-1.775,-0.663,2.166,3.231,4.139,3.755
65.4859,-9.167,0.328,5.634,5.51,37.39,7.18,-2.462,2.113,-9.82,-5.45,7.28,-33.41,44.979,2.497,-0.035,-10.187,11.365,2.714,-54.478,3.559,10.187,0.435,0.0,0.127,0.308,0.207,-11.365,-1.716,0.0,0.095,-1.811,-0.668,1.772,2.963,4.139,3.755
65.4859,-9.167,0.328,5.634,5.51,37.39,7.18,-2.462,2.113,-9.82,-5.45,7.28,-33.41,44.979,2.497,-0.035,-10.187,11.365,2.714,-54.478,3.559,10.187,0.435,0.0,0.127,0.308,0.207,-11.365,-1.716,0.0,0.095,-1.811,-0.668,1.772,2.963,4.139,3.755
65.5477,-9.1,0.658,5.648,4.01,17.24,6.71,-2.211,1.349,-9.64,-4.58,-4.4,-23.53,46.845,3.142,0.546,-10.687,11.504,3.077,-56.71,2.203,10.451,0.444,0.0,-0.034,0.478,0.224,-11.539,-1.724,0.0,0.183,-1.908,-0.68,1.62,2.884,4.139,3.755
65.5768,-8.787,0.52,5.859,3.79,9.97,5.2,-2.099,1.903,-9.843,1.05,-8.59,-9.24,47.42,3.393,0.763,-10.828,11.497,2.953,-57.416,1.977,10.828,0.457,0.0,-0.15,0.607,0.237,-11.497,-1.724,0.0,-0.018,-1.706,-0.656,1.413,2.77,4.139,3.755
65.5768,-8.787,0.52,5.859,3.79,9.97,5.2,-2.099,1.903,-9.843,1.05,-8.59,-9.24,47.42,3.393,0.763,-10.828,11.497,2.953,-57.416,1.977,10.828,0.457,0.0,-0.15,0.607,0.237,-11.497,-1.724,0.0,-0.018,-1.706,-0.656,1.413,2.77,4.139,3.755
65.6384,-8.152,0.505,5.483,2.11,0.65,0.63,-2.568,1.763,-9.452,8.58,-2.53,5.72,48.213,3.692,0.968,-10.989,11.236,2.116,-58.456,2.319,10.989,0.463,0.0,-0.044,0.507,0.227,-11.236,-1.714,0.0,-0.15,-1.565,-0.64,1.286,2.812,4.139,3.755
65.6384,-8.152,0.505,5.483,2.11,0.65,0.63,-2.568,1.763,-9.452,8.58,-2.53,5.72,48.213,3.692,0.968,-10.989,11.236,2.116,-58.456,2.319,10.989,0.463,0.0,-0.044,0.507,0.227,-11.236,-1.714,0.0,-0.15,-1.565,-0.64,1.286,2.812,4.139,3.755
65.6970,-7.81,0.615,5.681,1.6,1.97,-1.95,-2.326,1.355,-9.305,1.91,-7.53,4.11,48.697,3.806,0.971,-11.263,11.164,1.267,-59.296,3.053,11.263,0.473,0.0,-0.131,0.604,0.237,-11.164,-1.713,0.0,-0.033,-1.679,-0.654,1.183,2.901,4.139,3.755
65.6970,-7.81,0.615,5.681,1.6,1.97,-1.95,-2.326,1.355,-9.305,1.91,-7.53,4.11,48.697,3.806,0.971,-11.263,11.164,1.267,-59.296,3.053,11.263,0.473,0.0,-0.131,0.604,0.237,-11.164,-1.713,0.0,-0.033,-1.679,-0.654,1.183,2.901,4.139,3.755
65.7530,-7.527,0.354,5.559,0.84,6.42,-0.32,-2.307,1.645,-9.074,7.41,-5.46,3.5,49.218,3.891,0.998,-11.513,10.92,0.604,-60.124,3.493,11.513,0.481,0.0,-0.095,0.577,0.235,-10.92,-1.704,0.0,-0.129,-1.574,-0.642,1.082,2.955,4.139,3.755
65.7530,-7.527,0.354,5.559,0.84,6.42,-0.32,-2.307,1.645,-9.074,7.41,-5.46,3.5,49.218,3.891,0.998,-11.513,10.92,0.604,-60.124,3.493,11.513,0.481,0.0,-0.095,0.577,0.235,-10.92,-1.704,0.0,-0.129,-1.574,-0.642,1.082,2.955,4.139,3.755
65.8075,-7.669,0.512,5.583,2.8,14.36,1.44,-2.474,1.34,-9.243,7.1,-23.41,-3.45,49.97,4.074,1.106,-12.279,10.572,0.034,-61.659,3.492,12.279,0.508,0.0,-0.409,0.917,0.269,-10.572,-1.69,0.0,-0.124,-1.566,-0.642,0.895,2.955,4.139,3.755
65.8075,-7.669,0.512,5.583,2.8,14.36,1.44,-2.474,1.34,-9.243,7.1,-23.41,-3.45,49.97,4.074,1.106,-12.279,10.572,0.034,-61.659,3.492,12.279,0.508,0.0,-0.409,0.917,0.269,-10.572,-1.69,0.0,-0.124,-1.566,-0.642,0.895,2.955,4.139,3.755
65.8695,-7.405,0.34,5.909,4.46,24.44,6.7,-2.851,0.905,-8.891,9.74,-25.07,-9.72,50.926,4.569,1.54,-13.358,10.083,-0.233,-63.66,2.627,13.358,0.546,0.0,-0.438,0.984,0.276,-10.083,-1.67,0.0,-0.17,-1.5,-0.635,0.65,2.849,4.139,3.755
65.8695,-7.405,0.34,5.909,4.46,24.44,6.7,-2.851,0.905,-8.891,9.74,-25.07,-9.72,50.926,4.569,1.54,-13.358,10.083,-0.233,-63.66,2.627,13.358,0.546,0.0,-0.438,0.984,0.276,-10.083,-1.67,0.0,-0.17,-1.5,-0.635,0.65,2.849,4.139,3.755
65.9211,-7.582,0.642,4.901,4.66,36.58,11.56,-4.678,1.186,-8.618,8.42,-115.83,-26.71,52.432,5.528,2.456,-16.813,9.556,-0.298,-68.419,0.007,14.475,0.585,0.0,-0.88,1.465,0.324,-9.754,-1.656,0.0,-0.191,-1.465,-0.631,0.438,2.708,4.139,3.755
65.9502,-8.217,0.438,5.411,4.75,33.33,10.71,-11.012,2.286,-9.705,-0.77,-247.92,-39.67,53.275,5.989,2.919,-22.433,9.669,-0.69,-74.427,-3.03,22.433,0.863,0.0,-4.327,5.19,0.698,-9.669,-1.654,0.0,0.014,-1.668,-0.656,5.618,2.158,4.139,3.755
65.9502,-8.217,0.438,5.411,4.75,33.33,10.71,-11.012,2.286,-9.705,-0.77,-247.92,-39.67,53.275,5.989,2.919,-22.433,9.669,-0.69,-74.427,-3.03,22.433,0.863,0.0,-4.327,5.19,0.698,-9.669,-1.654,0.0,0.014,-1.668,-0.656,5.618,2.158,4.139,3.755
66.0106,-9.476,0.357,5.267,6.6,24.55,4.25,5.022,2.649,-11.611,-96.19,175.64,-47.55,55.059,7.001,3.812,-23.534,12.048,-0.782,-76.932,-4.533,23.534,0.902,0.0,3.065,-2.164,-0.036,-12.048,-1.759,0.0,1.679,-3.438,-0.869,5.312,1.975,4.139,3.755
66.0106,-9.476,0.357,5.267,6.6,24.55,4.25,5.022,2.649,-11.611,-96.19,175.64,-47.55,55.059,7.001,3.812,-23.534,12.048,-0.782,-76.932,-4.533,23.534,0.902,0.0,3.065,-2.164,-0.036,-12.048,-1.759,0.0,1.679,-3.438,-0.869,5.312,1.975,4.139,3.755
66.0718,-9.44,0.91,4.571,1.42,4.43,-2.49,-2.462,3.011,-10.325,-20.1,252.35,8.69,56.111,7.569,4.193,-14.214,12.292,1.397,-69.114,-3.285,14.214,0.576,0.0,4.404,-3.828,-0.204,-12.292,-1.772,0.0,0.351,-2.123,-0.712,6.267,2.127,4.139,3.755
66.0718,-9.44,0.91,4.571,1.42,4.43,-2.49,-2.462,3.011,-10.325,-20.1,252.35,8.69,56.111,7.569,4.193,-14.214,12.292,1.397,-69.114,-3.285,14.214,0.576,0.0,4.404,-3.828,-0.204,-12.292,-1.772,0.0,0.351,-2.123,-0.712,6.267,2.127,4.139,3.755
66.1022,-8.581,0.764,4.659,0.53,-2.16,-3.91,-10.064,-0.667,-9.28,31.0,73.88,32.49,56.282,7.51,4.089,-12.153,11.724,1.072,-67.434,-1.934,12.153,0.504,-0.0,1.289,-0.785,0.1,-11.724,-1.748,0.0,-0.541,-1.207,-0.603,0.189,2.292,4.139,3.755
66.1529,-8.353,0.362,4.985,-0.29,-9.75,-2.53,-8.886,0.037,-10.222,73.4,-247.92,61.26,56.502,7.509,4.004,-18.858,10.276,-3.024,-74.476,3.479,18.858,0.739,-0.0,-4.327,5.066,0.686,-10.276,-1.686,-0.0,-1.281,-0.405,-0.507,5.612,2.954,4.139,3.755
66.1529,-8.353,0.362,4.985,-0.29,-9.75,-2.53,-8.886,0.037,-10.222,73.4,-247.92,61.26,56.502,7.509,4.004,-18.858,10.276,-3.024,-74.476,3.479,18.858,0.739,-0.0,-4.327,5.066,0.686,-10.276,-1.686,-0.0,-1.281,-0.405,-0.507,5.612,2.954,4.139,3.755
66.2136,-9.234,0.713,4.652,0.03,-8.7,-2.53,8.863,0.485,-10.97,180.61,90.85,81.65,56.562,7.561,3.991,-23.107,4.951,-6.498,-78.251,11.856,23.107,0.887,-0.0,1.586,-0.699,0.111,-4.951,-1.455,0.0,-3.152,1.697,-0.254,5.151,3.977,4.139,3.755
66.2136,-9.234,0.713,4.652,0.03,-8.7,-2.53,8.863,0.485,-10.97,180.61,90.85,81.65,56.562,7.561,3.991,-23.107,4.951,-6.498,-78.251,11.856,23.107,0.887,-0.0,1.586,-0.699,0.111,-4.951,-1.455,0.0,-3.152,1.697,-0.254,5.151,3.977,4.139,3.755
66.2766,-8.624,1.221,4.743,-0.44,-10.41,2.83,-5.476,4.973,-7.05,-60.75,199.92,-16.74,56.247,7.519,3.952,-15.56,2.989,-6.347,-71.261,6.466,15.56,0.624,-0.0,3.489,-2.866,-0.107,-2.989,-1.37,-0.0,1.06,-2.43,-0.749,6.005,3.318,4.139,3.755
66.2766,-8.624,1.221,4.743,-0.44,-10.41,2.83,-5.476,4.973,-7.05,-60.75,199.92,-16.74,56.247,7.519,3.952,-15.56,2.989,-6.347,-71.261,6.466,15.56,0.624,-0.0,3.489,-2.866,-0.107,-2.989,-1.37,-0.0,1.06,-2.43,-0.749,6.005,3.318,4.139,3.755
66.3312,-8.83,0.895,5.478,-2.24,-7.08,3.3,-7.558,1.724,-9.649,-252.01,-152.99,-186.14,55.958,7.56,4.061,-18.802,10.834,-0.135,-73.452,-4.797,18.802,0.737,-0.0,-2.67,3.407,0.521,-10.834,-1.713,-0.0,4.398,-6.111,-1.0,5.737,1.942,4.139,3.755
66.3312,-8.83,0.895,5.478,-2.24,-7.08,3.3,-7.558,1.724,-9.649,-252.01,-152.99,-186.14,55.958,7.56,4.061,-18.802,10.834,-0.135,-73.452,-4.797,18.802,0.737,-0.0,-2.67,3.407,0.521,-10.834,-1.713,-0.0,4.398,-6.111,-1.0,5.737,1.942,4.139,3.755
66.3887,-8.813,1.097,4.573,-1.63,-11.64,6.85,2.891,-0.157,-12.677,-48.35,101.43,-4.87,55.9,7.891,4.498,-22.263,15.712,0.511,-76.198,-6.475,24.156,0.924,-0.0,-4.327,5.251,0.706,-14.643,-1.88,-0.0,3.241,-5.121,-1.0,5.22,1.179,4.139,3.755
66.4191,-8.729,0.692,5.478,-2.28,-21.48,7.13,-5.983,-0.852,-10.578,154.29,230.45,76.2,55.601,7.961,4.634,-17.748,12.95,0.101,-72.187,-1.937,17.748,0.7,-0.0,4.022,-3.322,-0.151,-12.95,-1.808,-0.0,-2.693,0.885,-0.356,5.891,2.292,4.139,3.755
66.4432,-9.012,1.144,4.741,-2.84,-29.41,11.55,-2.185,3.913,-10.144,203.93,252.35,156.89,55.601,7.961,4.634,-17.748,12.95,0.101,-72.187,-1.937,17.748,0.7,-0.0,4.022,-3.322,-0.151,-12.95,-1.808,-0.0,-2.693,0.885,-0.356,5.891,2.292,4.139,3.755
66.4721,-7.836,0.716,5.416,-3.63,-33.86,11.48,-8.016,1.396,-8.332,158.9,137.23,145.41,54.595,8.444,5.283,-8.861,6.917,-4.741,-63.414,6.321,8.861,0.39,-0.0,2.395,-2.005,-0.021,-6.917,-1.546,-0.0,-2.773,1.227,-0.314,0.68,3.301,4.139,3.755
66.4721,-7.836,0.716,5.416,-3.63,-33.86,11.48,-8.016,1.396,-8.332,158.9,137.23,145.41,54.595,8.444,5.283,-8.861,6.917,-4.741,-63.414,6.321,8.861,0.39,-0.0,2.395,-2.005,-0.021,-6.917,-1.546,-0.0,-2.773,1.227,-0.314,0.68,3.301,4.139,3.755
66.5324,-6.778,0.666,5.729,-2.5,-18.01,4.46,-8.854,2.686,-8.434,-43.64,-247.92,-33.85,53.513,8.663,5.653,-15.772,5.957,-6.083,-69.03,8.276,15.772,0.632,-0.0,-4.327,4.959,0.676,-5.957,-1.505,-0.0,0.762,-2.267,-0.734,6.277,3.54,4.139,3.755
66.5324,-6.778,0.666,5.729,-2.5,-18.01,4.46,-8.854,2.686,-8.434,-43.64,-247.92,-33.85,53.513,8.663,5.653,-15.772,5.957,-6.083,-69.03,8.276,15.772,0.632,-0.0,-4.327,4.959,0.676,-5.957,-1.505,-0.0,0.762,-2.267,-0.734,6.277,3.54,4.139,3.755
66.5953,-8.423,0.816,5.495,-3.15,-3.83,-6.93,9.839,0.315,-12.671,25.73,115.3,31.93,53.325,8.506,5.531,-20.402,6.482,-5.631,-73.183,8.2,20.402,0.793,-0.0,2.012,-1.219,0.06,-6.482,-1.529,-0.0,-0.449,-1.08,-0.592,5.77,3.53,4.139,3.755
66.5953,-8.423,0.816,5.495,-3.15,-3.83,-6.93,9.839,0.315,-12.671,25.73,115.3,31.93,53.325,8.506,5.531,-20.402,6.482,-5.631,-73.183,8.2,20.402,0.793,-0.0,2.012,-1.219,0.06,-6.482,-1.529,-0.0,-0.449,-1.08,-0.592,5.77,3.53,4.139,3.755
66.6461,-9.041,1.164,5.576,-4.44,-14.0,-6.66,-3.002,4.894,-9.285,-81.08,252.35,-16.03,53.043,8.086,5.147,-15.958,5.441,-4.915,-68.722,5.364,15.958,0.638,-0.0,4.404,-3.766,-0.196,-5.441,-1.484,-0.0,-0.548,-0.936,-0.575,0.032,3.184,4.139,3.755
66.6751,-7.331,0.704,5.729,-5.87,-25.2,-10.35,-6.661,-0.066,-9.843,-136.02,167.85,-65.32,52.546,7.42,4.529,-8.382,9.121,-2.273,-60.785,4.886,8.382,0.374,-0.0,2.929,-2.555,-0.076,-9.121,-1.646,-0.0,2.374,-4.02,-0.946,1.001,3.125,4.139,3.755
66.6751,-7.331,0.704,5.729,-5.87,-25.2,-10.35,-6.661,-0.066,-9.843,-136.02,167.85,-65.32,52.546,7.42,4.529,-8.382,9.121,-2.273,-60.785,4.886,8.382,0.374,-0.0,2.929,-2.555,-0.076,-9.121,-1.646,-0.0,2.374,-4.02,-0.946,1.001,3.125,4.139,3.755
66.7402,-7.927,0.608,6.108,-10.25,-33.0,-16.65,-1.126,1.069,-10.275,5.46,-2.99,45.94,51.631,6.375,3.551,-7.8,10.658,-1.413,-59.19,5.679,7.8,0.354,-0.0,-0.052,0.406,0.22,-10.658,-1.714,-0.0,-0.095,-1.619,-0.659,1.196,3.222,4.139,3.755
66.7402,-7.927,0.608,6.108,-10.25,-33.0,-16.65,-1.126,1.069,-10.275,5.46,-2.99,45.94,51.631,6.375,3.551,-7.8,10.658,-1.413,-59.19,5.679,7.8,0.354,-0.0,-0.052,0.406,0.22,-10.658,-1.714,-0.0,-0.095,-1.619,-0.659,1.196,3.222,4.139,3.755
66.7985,-8.38,0.883,6.048,-14.36,-54.49,-22.39,-3.306,1.895,-9.355,45.29,-18.64,80.16,50.238,4.82,2.107,-7.721,8.904,-4.533,-57.763,9.396,7.721,0.351,-0.0,-0.325,0.676,0.247,-8.904,-1.639,-0.0,-0.791,-0.848,-0.567,1.37,3.676,4.139,3.755
66.7985,-8.38,0.883,6.048,-14.36,-54.49,-22.39,-3.306,1.895,-9.355,45.29,-18.64,80.16,50.238,4.82,2.107,-7.721,8.904,-4.533,-57.763,9.396,7.721,0.351,-0.0,-0.325,0.676,0.247,-8.904,-1.639,-0.0,-0.791,-0.848,-0.567,1.37,3.676,4.139,3.755
66.8492,-7.326,0.28,6.677,-14.73,-70.08,-19.74,-5.605,1.129,-9.159,-16.81,-148.44,31.41,47.758,3.013,0.528,-11.725,9.244,-6.407,-59.051,13.354,11.725,0.491,-0.0,-2.591,3.082,0.488,-9.244,-1.655,-0.0,0.293,-1.948,-0.7,1.213,4.16,4.139,3.755
66.8492,-7.326,0.28,6.677,-14.73,-70.08,-19.74,-5.605,1.129,-9.159,-16.81,-148.44,31.41,47.758,3.013,0.528,-11.725,9.244,-6.407,-59.051,13.354,11.725,0.491,-0.0,-2.591,3.082,0.488,-9.244,-1.655,-0.0,0.293,-1.948,-0.7,1.213,4.16,4.139,3.755
66.9101,-6.012,-0.024,6.694,-8.82,-66.4,-11.27,4.38,0.302,-11.592,119.13,-125.02,55.03,44.692,1.568,-0.66,-20.291,6.934,-8.521,-64.022,16.122,20.291,0.79,-0.0,-2.182,2.972,0.479,-6.934,-1.555,-0.0,-2.079,0.524,-0.403,0.606,4.498,4.139,3.755
66.9101,-6.012,-0.024,6.694,-8.82,-66.4,-11.27,4.38,0.302,-11.592,119.13,-125.02,55.03,44.692,1.568,-0.66,-20.291,6.934,-8.521,-64.022,16.122,20.291,0.79,-0.0,-2.182,2.972,0.479,-6.934,-1.555,-0.0,-2.079,0.524,-0.403,0.606,4.498,4.139,3.755
66.9400,-4.963,-0.769,8.344,-6.97,-70.32,-8.0,-1.563,3.005,-9.12,60.71,217.82,3.18,42.995,1.035,-1.083,-15.823,5.435,-8.129,-58.093,12.615,15.823,0.634,-0.0,3.802,-3.167,-0.135,-5.435,-1.49,-0.0,-1.06,-0.431,-0.518,1.33,4.07,4.139,3.755
67.0009,-5.243,-0.426,8.009,-4.31,-63.41,0.27,-2.418,1.812,-10.545,-205.42,240.01,-61.72,40.247,0.577,-1.35,-7.709,10.803,-5.21,-47.649,13.593,7.709,0.351,-0.0,4.189,-3.838,-0.204,-10.803,-1.726,-0.0,3.585,-5.311,-1.0,2.606,4.189,4.139,3.755
67.0009,-5.243,-0.426,8.009,-4.31,-63.41,0.27,-2.418,1.812,-10.545,-205.42,240.01,-61.72,40.247,0.577,-1.35,-7.709,10.803,-5.21,-47.649,13.593,7.709,0.351,-0.0,4.189,-3.838,-0.204,-10.803,-1.726,-0.0,3.585,-5.311,-1.0,2.606,4.189,4.139,3.755
67.0527,-5.478,-0.002,7.724,-5.05,-66.16,4.77,-1.893,1.444,-9.975,80.97,-12.8,53.85,37.576,0.394,-1.266,-6.215,10.64,-4.444,-43.545,12.715,6.215,0.299,-0.0,-0.223,0.522,0.232,-10.64,-1.72,-0.0,-1.413,-0.307,-0.505,3.108,4.082,4.139,3.755
67.0527,-5.478,-0.002,7.724,-5.05,-66.16,4.77,-1.893,1.444,-9.975,80.97,-12.8,53.85,37.576,0.394,-1.266,-6.215,10.64,-4.444,-43.545,12.715,6.215,0.299,-0.0,-0.223,0.522,0.232,-10.64,-1.72,-0.0,-1.413,-0.307,-0.505,3.108,4.082,4.139,3.755
67.1158,-4.951,0.007,8.2,-2.69,-78.19,8.21,-3.17,2.941,-8.156,-28.19,-35.65,1.35,36.171,0.291,-1.183,-6.507,9.414,-5.235,-42.397,12.214,6.507,0.309,-0.0,-0.3,0.609,0.241,-9.414,-1.667,-0.0,-1.229,-0.438,-0.521,3.248,4.021,4.139,3.755
67.1433,-4.434,-0.067,8.296,-2.55,-81.38,8.77,-1.336,1.565,-9.703,-55.96,-37.89,-4.48,32.707,0.33,-0.845,-8.542,11.107,-5.201,-40.977,13.735,8.542,0.38,-0.0,-0.661,1.042,0.284,-11.107,-1.743,-0.0,0.977,-2.719,-0.796,3.421,4.207,4.139,3.755
67.1684,-3.991,-0.041,8.602,-3.05,-82.34,7.23,-2.043,0.676,-9.603,10.58,-21.51,16.71,32.707,0.33,-0.845,-8.542,11.107,-5.201,-40.977,13.735,8.542,0.38,-0.0,-0.661,1.042,0.284,-11.107,-1.743,-0.0,0.977,-2.719,-0.796,3.421,4.207,4.139,3.755
67.1975,-3.23,0.122,8.89,-3.82,-80.9,5.85,-2.456,2.319,-8.802,37.52,-14.42,19.04,28.798,0.369,-0.544,-9.594,10.357,-5.499,-38.133,12.876,9.594,0.417,-0.0,-0.252,0.669,0.247,-10.357,-1.712,-0.0,-0.655,-1.057,-0.597,3.769,4.102,4.139,3.755
67.1975,-3.23,0.122,8.89,-3.82,-80.9,5.85,-2.456,2.319,-8.802,37.52,-14.42,19.04,28.798,0.369,-0.544,-9.594,10.357,-5.499,-38.133,12.876,9.594,0.417,-0.0,-0.252,0.669,0.247,-10.357,-1.712,-0.0,-0.655,-1.057,-0.597,3.769,4.102,4.139,3.755
67.2582,-2.088,-0.036,9.531,-8.41,-71.61,-0.68,-6.084,2.028,-9.118,-14.19,-246.76,20.07,24.854,0.156,-0.459,-15.332,11.15,-6.641,-39.847,14.28,15.332,0.617,-0.0,-4.307,4.924,0.674,-11.15,-1.748,-0.0,0.248,-1.995,-0.71,3.559,4.273,4.139,3.755
67.2582,-2.088,-0.036,9.531,-8.41,-71.61,-0.68,-6.084,2.028,-9.118,-14.19,-246.76,20.07,24.854,0.156,-0.459,-15.332,11.15,-6.641,-39.847,14.28,15.332,0.617,-0.0,-4.307,4.924,0.674,-11.15,-1.748,-0.0,0.248,-1.995,-0.71,3.559,4.273,4.139,3.755
67.3208,-1.338,-0.618,9.914,-8.44,-49.06,-3.37,2.732,3.565,-12.992,37.32,148.92,0.31,21.452,-0.43,-0.649,-17.028,9.68,-7.087,-38.088,13.169,17.028,0.677,-0.0,2.599,-1.923,-0.01,-9.68,-1.685,-0.0,-0.651,-1.034,-0.595,3.774,4.137,4.139,3.755
67.3208,-1.338,-0.618,9.914,-8.44,-49.06,-3.37,2.732,3.565,-12.992,37.32,148.92,0.31,21.452,-0.43,-0.649,-17.028,9.68,-7.087,-38.088,13.169,17.028,0.677,-0.0,2.599,-1.923,-0.01,-9.68,-1.685,-0.0,-0.651,-1.034,-0.595,3.774,4.137,4.139,3.755
67.3745,-0.148,-0.608,10.345,0.12,-24.31,1.28,-1.645,2.909,-12.096,-81.93,252.35,5.64,18.757,-0.778,-0.703,-7.9,12.085,-4.985,-26.432,14.438,7.9,0.358,-0.0,4.404,-4.046,-0.224,-12.085,-1.791,0.0,1.43,-3.221,-0.859,4.475,4.17,4.139,3.755
67.3745,-0.148,-0.608,10.345,0.12,-24.31,1.28,-1.645,2.909,-12.096,-81.93,252.35,5.64,18.757,-0.778,-0.703,-7.9,12.085,-4.985,-26.432,14.438,7.9,0.358,-0.0,4.404,-4.046,-0.224,-12.085,-1.791,0.0,1.43,-3.221,-0.859,5.198,4.292,4.139,3.755
67.4295,-1.448,0.091,9.766,4.4,-3.6,0.8,-1.703,2.702,-9.949,38.49,3.47,8.73,17.815,-0.82,-0.704,-5.787,12.594,-4.096,-23.426,14.567,5.787,0.284,-0.0,1.755,-1.47,0.034,-12.594,-1.814,0.0,0.428,-2.242,-0.742,5.566,4.308,4.139,3.755
67.4295,-1.448,0.091,9.766,4.4,-3.6,0.8,-1.703,2.702,-9.949,38.49,3.47,8.73,17.34,-0.726,-0.677,-5.757,11.921,-3.855,-22.939,13.688,5.757,0.283,-0.0,0.061,0.223,0.203,-11.921,-1.786,0.0,-0.672,-1.114,-0.607,5.625,4.201,4.139,3.755
67.4900,-2.061,-0.093,9.737,4.01,-3.15,-0.8,-0.899,2.788,-9.176,-24.72,37.17,-5.69,16.587,-0.621,-0.713,-4.598,12.122,-3.561,-21.052,13.61,4.598,0.243,-0.0,0.649,-0.406,0.14,-12.122,-1.796,0.0,0.431,-2.228,-0.741,5.856,4.191,4.139,3.755
67.4900,-2.061,-0.093,9.737,4.01,-3.15,-0.8,-0.899,2.788,-9.176,-24.72,37.17,-5.69,16.587,-0.621,-0.713,-4.598,12.122,-3.561,-21.052,13.61,4.598,0.243,-0.0,0.649,-0.406,0.14,-12.122,-1.796,0.0,0.431,-2.228,-0.741,5.856,4.191,4.139,3.755
67.5199,-2.389,-0.036,9.828,2.59,-4.95,-2.16,-0.431,1.95,-9.577,-16.83,39.41,3.47,16.339,-0.556,-0.742,-3.985,12.566,-3.303,-20.206,13.877,3.985,0.222,-0.0,0.688,-0.466,0.134,-12.566,-1.817,0.0,0.294,-2.11,-0.727,5.959,4.224,4.139,3.755
67.5784,-1.65,-0.172,9.898,-0.77,-10.43,-2.65,-0.565,2.902,-9.448,5.48,20.02,3.68,15.573,-0.558,-0.843,-3.12,12.352,-3.079,-18.591,13.527,3.12,0.191,-0.0,0.349,-0.158,0.165,-12.352,-1.809,-0.0,-0.096,-1.713,-0.68,6.156,4.181,4.139,3.755
67.5784,-1.65,-0.172,9.898,-0.77,-10.43,-2.65,-0.565,2.902,-9.448,5.48,20.02,3.68,15.573,-0.558,-0.843,-3.12,12.352,-3.079,-18.591,13.527,3.12,0.191,-0.0,0.349,-0.158,0.165,-12.352,-1.809,-0.0,-0.096,-1.713,-0.68,6.156,4.181,4.139,3.755
67.6326,-0.931,-0.23,10.19,-0.48,-4.06,-1.92,0.115,2.072,-9.513,-5.27,4.43,2.31,14.564,-0.697,-0.962,-2.563,12.809,-2.998,-17.03,14.024,2.776,0.179,-0.0,0.173,0.006,0.181,-12.668,-1.824,-0.0,0.136,-1.96,-0.71,6.26,4.222,4.139,3.755
67.6695,-0.879,-0.299,10.132,0.97,2.27,-1.76,0.152,2.433,-9.503,6.83,-2.25,1.3,14.191,-0.73,-1.007,-2.454,12.753,-2.924,-16.551,13.957,2.454,0.168,0.0,-0.039,0.207,0.201,-12.753,-1.829,0.0,-0.119,-1.71,-0.681,0.122,4.234,4.139,3.755
67.6944,-1.063,-0.328,9.965,2.13,7.63,-1.33,-0.124,2.67,-9.288,6.92,-5.43,1.09,14.191,-0.73,-1.007,-2.454,12.753,-2.924,-16.551,13.957,2.454,0.168,0.0,-0.039,0.207,0.201,-12.753,-1.829,0.0,-0.119,-1.71,-0.681,0.122,4.234,4.139,3.755
67.7212,-1.549,-0.326,9.955,3.05,11.52,-0.17,-0.092,2.392,-9.461,-1.81,-6.96,-2.63,13.977,-0.72,-1.069,-2.539,12.793,-2.812,-16.427,13.933,2.539,0.171,0.0,-0.121,0.293,0.21,-12.793,-1.833,0.0,0.032,-1.864,-0.7,0.137,4.231,4.139,3.755
67.7212,-1.549,-0.326,9.955,3.05,11.52,-0.17,-0.092,2.392,-9.461,-1.81,-6.96,-2.63,13.977,-0.72,-1.069,-2.539,12.793,-2.812,-16.427,13.933,2.539,0.171,0.0,-0.121,0.293,0.21,-12.793,-1.833,0.0,0.032,-1.864,-0.7,0.137,4.231,4.139,3.755
67.7837,-1.903,-0.256,10.017,5.99,13.94,2.32,-0.46,2.545,-9.586,9.07,-6.09,-3.82,14.167,-0.595,-1.026,-2.644,12.675,-2.54,-16.729,13.635,2.644,0.175,0.0,-0.106,0.281,0.209,-12.675,-1.829,0.0,-0.158,-1.671,-0.678,0.101,4.194,4.139,3.755
67.7837,-1.903,-0.256,10.017,5.99,13.94,2.32,-0.46,2.545,-9.586,9.07,-6.09,-3.82,14.167,-0.595,-1.026,-2.644,12.675,-2.54,-16.729,13.635,2.644,0.175,0.0,-0.106,0.281,0.209,-12.675,-1.829,0.0,-0.158,-1.671,-0.678,0.101,4.194,4.139,3.755
67.8356,-1.465,0.0,10.242,6.91,18.76,4.99,-0.098,2.241,-9.801,1.78,-7.81,-9.2,14.389,-0.259,-0.853,-2.94,12.597,-2.226,-17.258,13.179,2.94,0.185,0.0,-0.136,0.321,0.213,-12.597,-1.828,0.0,-0.031,-1.797,-0.693,0.036,4.139,4.139,3.755
67.8356,-1.465,0.0,10.242,6.91,18.76,4.99,-0.098,2.241,-9.801,1.78,-7.81,-9.2,14.389,-0.259,-0.853,-2.94,12.597,-2.226,-17.258,13.179,2.94,0.185,0.0,-0.136,0.321,0.213,-12.597,-1.828,0.0,-0.031,-1.797,-0.693,0.036,4.139,4.139,3.755
67.9002,-1.168,0.201,10.048,6.99,37.7,2.43,-0.329,2.405,-9.383,7.21,-10.36,-9.02,14.988,0.101,-0.681,-3.179,12.44,-1.789,-18.101,12.59,3.179,0.194,0.0,-0.181,0.374,0.218,-12.44,-1.823,0.0,-0.126,-1.697,-0.682,6.282,4.104,4.139,3.755
67.9002,-1.168,0.201,10.048,6.99,37.7,2.43,-0.329,2.405,-9.383,7.21,-10.36,-9.02,14.988,0.101,-0.681,-3.179,12.44,-1.789,-18.101,12.59,3.179,0.194,0.0,-0.181,0.374,0.218,-12.44,-1.823,0.0,-0.126,-1.697,-0.682,6.216,4.067,4.139,3.755
67.9516,-1.018,0.271,9.488,4.14,65.07,-1.13,-0.193,2.289,-8.868,1.48,-19.24,-15.4,15.557,0.272,-0.637,-3.527,12.399,-1.607,-19.019,12.342,3.527,0.206,0.0,-0.334,0.54,0.235,-12.399,-1.822,0.0,-0.041,-1.781,-0.693,6.104,4.036,4.139,3.755
67.9807,-1.63,-0.005,9.081,3.13,80.56,-4.17,-0.745,2.251,-8.727,3.81,-30.19,-15.02,17.621,0.459,-0.685,-4.489,12.43,-1.173,-22.032,12.047,4.489,0.239,0.0,-0.527,0.766,0.258,-12.43,-1.825,0.0,-0.066,-1.758,-0.691,5.736,4.0,4.139,3.755
67.9807,-1.63,-0.005,9.081,3.13,80.56,-4.17,-0.745,2.251,-8.727,3.81,-30.19,-15.02,17.621,0.459,-0.685,-4.489,12.43,-1.173,-22.032,12.047,4.489,0.239,0.0,-0.527,0.766,0.258,-12.43,-1.825,0.0,-0.066,-1.758,-0.691,5.736,4.0,4.139,3.755
68.0417,-3.603,-0.065,8.188,6.96,93.08,-4.0,-1.184,2.023,-9.205,7.74,-35.85,-17.91,21.261,0.506,-0.89,-6.214,12.186,-0.864,-27.368,11.556,6.214,0.3,0.0,-0.626,0.925,0.274,-12.186,-1.816,0.0,-0.135,-1.681,-0.682,5.084,3.94,4.139,3.755
68.0417,-3.603,-0.065,8.188,6.96,93.08,-4.0,-1.184,2.023,-9.205,7.74,-35.85,-17.91,21.261,0.506,-0.89,-6.214,12.186,-0.864,-27.368,11.556,6.214,0.3,0.0,-0.626,0.925,0.274,-12.186,-1.816,0.0,-0.135,-1.681,-0.682,5.084,3.94,4.139,3.755
68.1028,-4.319,0.127,7.728,10.17,86.97,4.9,-1.38,1.717,-8.999,1.91,-23.51,-27.78,25.306,0.905,-0.789,-7.634,11.884,-0.222,-32.79,10.465,6.944,0.325,0.0,-0.482,0.807,0.262,-12.022,-1.809,0.0,-0.106,-1.704,-0.685,4.743,3.881,4.139,3.755
68.1317,-5.397,-0.146,8.282,10.3,88.01,11.25,-1.341,1.863,-9.167,2.58,-16.96,-35.3,27.288,1.195,-0.569,-7.99,11.763,0.33,-35.096,9.742,7.99,0.362,0.0,-0.296,0.658,0.248,-11.763,-1.8,0.0,-0.045,-1.755,-0.692,4.14,3.719,4.139,3.755
68.1569,-5.341,0.211,7.745,11.09,86.49,15.57,-2.241,1.83,-9.317,2.09,-6.41,-40.14,29.252,1.631,-0.182,-8.409,11.574,1.033,-37.431,8.713,8.409,0.376,0.0,-0.112,0.488,0.231,-11.574,-1.792,0.0,-0.036,-1.756,-0.692,3.855,3.593,4.139,3.755
68.1569,-5.341,0.211,7.745,11.09,86.49,15.57,-2.241,1.83,-9.317,2.09,-6.41,-40.14,29.252,1.631,-0.182,-8.409,11.574,1.033,-37.431,8.713,8.409,0.376,0.0,-0.112,0.488,0.231,-11.574,-1.792,0.0,-0.036,-1.756,-0.692,3.855,3.593,4.139,3.755
68.1885,-5.291,0.551,7.444,11.72,85.63,20.72,-1.864,1.682,-9.38,2.48,-6.68,-49.75,31.173,2.214,0.387,-8.765,11.352,1.838,-39.641,7.438,8.765,0.389,0.0,-0.117,0.505,0.233,-11.352,-1.784,0.0,-0.043,-1.74,-0.691,3.585,3.437,4.139,3.755
68.2471,-7.18,0.893,6.728,12.3,80.45,26.51,-1.925,1.744,-9.102,0.39,5.98,-61.79,35.247,3.692,1.9,-9.293,10.892,3.757,-44.023,4.186,9.293,0.407,0.0,0.104,0.303,0.213,-10.892,-1.765,0.0,-0.007,-1.758,-0.694,3.049,3.04,4.139,3.755
68.2471,-7.18,0.893,6.728,12.3,80.45,26.51,-1.925,1.744,-9.102,0.39,5.98,-61.79,35.247,3.692,1.9,-9.293,10.892,3.757,-44.023,4.186,9.293,0.407,0.0,0.104,0.303,0.213,-10.892,-1.765,0.0,-0.007,-1.758,-0.694,3.049,3.04,4.139,3.755
68.2997,-7.949,1.094,6.563,11.9,59.08,22.03,-1.79,2.21,-9.923,-16.64,15.59,-62.89,38.787,5.309,3.554,-9.439,11.067,5.783,-47.365,1.043,9.439,0.412,0.0,0.272,0.14,0.196,-11.067,-1.774,0.0,0.29,-2.065,-0.731,2.814,2.844,4.139,3.755
68.2997,-7.949,1.094,6.563,11.9,59.08,22.03,-1.79,2.21,-9.923,-16.64,15.59,-62.89,38.787,5.309,3.554,-9.439,11.067,5.783,-47.365,1.043,9.439,0.412,0.0,0.272,0.14,0.196,-11.067,-1.774,0.0,0.29,-2.065,-0.731,2.641,2.656,4.139,3.755
68.3610,-9.586,1.401,6.421,7.06,22.97,7.04,-2.096,2.095,-10.438,-10.3,28.0,-27.28,41.339,6.553,4.61,-8.687,11.486,6.838,-48.894,-0.889,8.687,0.386,0.0,0.489,-0.102,0.172,-11.486,-1.794,0.0,0.18,-1.974,-0.721,2.454,2.42,4.139,3.755
68.3610,-9.586,1.401,6.421,7.06,22.97,7.04,-2.096,2.095,-10.438,-10.3,28.0,-27.28,41.339,6.553,4.61,-8.687,11.486,6.838,-48.894,-0.889,8.687,0.386,0.0,0.489,-0.102,0.172,-11.486,-1.794,0.0,0.18,-1.974,-0.721,2.454,2.42,4.139,3.755
68.3913,-9.598,1.477,6.258,2.54,-0.51,0.64,-1.833,2.088,-10.324,-4.45,24.95,-1.33,41.998,6.862,4.812,-8.234,11.647,6.644,-49.119,-0.887,8.234,0.37,-0.0,0.436,-0.065,0.176,-11.647,-1.802,0.0,0.078,-1.879,-0.71,2.427,2.42,4.139,3.755
68.4500,-8.519,1.463,6.359,-5.14,-31.86,-9.75,-2.1,1.749,-9.819,-3.88,19.14,27.7,42.046,6.834,4.588,-7.362,11.827,5.203,-48.57,0.724,7.362,0.34,-0.0,0.334,0.006,0.183,-11.827,-1.811,-0.0,0.068,-1.879,-0.711,2.494,2.617,4.139,3.755
68.4500,-8.519,1.463,6.359,-5.14,-31.86,-9.75,-2.1,1.749,-9.819,-3.88,19.14,27.7,42.046,6.834,4.588,-7.362,11.827,5.203,-48.57,0.724,7.362,0.34,-0.0,0.334,0.006,0.183,-11.827,-1.811,-0.0,0.068,-1.879,-0.711,2.494,2.617,4.139,3.755
68.5087,-7.831,0.893,6.867,-7.85,-53.09,-12.69,-1.03,1.948,-10.099,-3.85,25.72,39.99,40.948,6.122,3.809,-6.179,12.194,3.495,-46.597,3.472,6.179,0.299,-0.0,0.449,-0.15,0.167,-12.194,-1.829,-0.0,0.067,-1.896,-0.714,2.735,2.953,4.139,3.755
68.5087,-7.831,0.893,6.867,-7.85,-53.09,-12.69,-1.03,1.948,-10.099,-3.85,25.72,39.99,40.948,6.122,3.809,-6.179,12.194,3.495,-46.597,3.472,6.179,0.299,-0.0,0.449,-0.15,0.167,-12.194,-1.829,-0.0,0.067,-1.896,-0.714,2.735,2.953,4.139,3.755
68.5382,-7.769,0.97,7.077,-7.24,-62.8,-13.79,-1.279,1.847,-10.099,9.33,27.27,53.93,40.043,5.695,3.33,-5.383,12.105,2.4,-45.052,4.799,5.383,0.271,-0.0,0.476,-0.205,0.162,-12.105,-1.826,-0.0,-0.163,-1.663,-0.686,2.924,3.115,4.139,3.755
68.5965,-6.732,0.886,7.348,-8.9,-81.68,-19.87,-0.86,2.271,-9.746,-1.45,9.89,57.2,37.493,4.746,2.19,-4.437,12.126,-0.012,-41.778,7.494,4.437,0.238,-0.0,0.173,0.065,0.189,-12.126,-1.829,-0.0,0.025,-1.854,-0.71,3.323,3.444,4.139,3.755
68.5965,-6.732,0.886,7.348,-8.9,-81.68,-19.87,-0.86,2.271,-9.746,-1.45,9.89,57.2,37.493,4.746,2.19,-4.437,12.126,-0.012,-41.778,7.494,4.437,0.238,-0.0,0.173,0.065,0.189,-12.126,-1.829,-0.0,0.025,-1.854,-0.71,3.323,3.444,4.139,3.755
68.6559,-5.794,0.934,7.53,-12.81,-91.14,-25.82,-1.101,1.827,-9.371,-10.28,14.19,55.01,34.312,3.663,0.825,-3.526,12.478,-2.098,-37.773,9.874,3.526,0.206,-0.0,0.248,-0.041,0.178,-12.478,-1.846,-0.0,0.179,-2.025,-0.731,3.813,3.735,4.139,3.755
68.6559,-5.794,0.934,7.53,-12.81,-91.14,-25.82,-1.101,1.827,-9.371,-10.28,14.19,55.01,34.312,3.663,0.825,-3.526,12.478,-2.098,-37.773,9.874,3.526,0.206,-0.0,0.248,-0.041,0.178,-12.478,-1.846,-0.0,0.179,-2.025,-0.731,3.813,3.735,4.139,3.755
68.7076,-4.786,0.603,7.865,-16.3,-99.13,-21.91,-0.35,1.709,-9.243,-10.34,13.45,48.87,30.567,2.439,-0.477,-2.74,12.878,-3.887,-33.254,11.985,2.74,0.179,-0.0,0.235,-0.056,0.177,-12.878,-1.865,-0.0,0.18,-2.045,-0.734,4.365,3.993,4.139,3.755
68.7076,-4.786,0.603,7.865,-16.3,-99.13,-21.91,-0.35,1.709,-9.243,-10.34,13.45,48.87,30.567,2.439,-0.477,-2.74,12.878,-3.887,-33.254,11.985,2.74,0.179,-0.0,0.235,-0.056,0.177,-12.878,-1.865,-0.0,0.18,-2.045,-0.734,4.365,3.993,4.139,3.755
68.7372,-4.135,0.429,8.018,-16.34,-102.02,-18.57,-0.373,1.641,-9.039,-10.31,15.84,42.95,28.478,1.89,-0.985,-2.247,12.999,-4.587,-30.663,12.749,2.247,0.162,-0.0,0.276,-0.115,0.171,-12.999,-1.871,-0.0,0.18,-2.051,-0.735,4.681,4.086,4.139,3.755
68.7963,-1.863,0.01,8.933,-15.27,-93.46,-13.13,-0.111,2.094,-8.805,-10.38,3.48,32.16,23.825,0.842,-1.783,-1.523,13.431,-5.629,-25.257,14.167,1.523,0.136,-0.0,0.061,0.076,0.19,-13.431,-1.892,-0.0,0.181,-2.073,-0.739,5.342,4.259,4.139,3.755
68.7963,-1.863,0.01,8.933,-15.27,-93.46,-13.13,-0.111,2.094,-8.805,-10.38,3.48,32.16,23.825,0.842,-1.783,-1.523,13.431,-5.629,-25.257,14.167,1.523,0.136,-0.0,0.061,0.076,0.19,-13.431,-1.892,-0.0,0.181,-2.073,-0.739,5.342,4.259,4.139,3.755
68.8581,-0.704,-0.493,9.629,-12.42,-69.41,-9.78,1.289,2.325,-9.142,0.55,3.16,24.57,21.614,0.363,-2.1,-1.489,13.576,-6.11,-22.991,14.735,1.489,0.135,-0.0,-0.211,0.346,0.217,-13.576,-1.899,-0.0,0.115,-2.014,-0.732,5.619,4.329,4.139,3.755
68.8856,-0.493,-0.56,10.036,-9.78,-54.28,-7.34,0.8,2.593,-9.086,0.26,12.73,16.46,17.783,-0.485,-2.565,-0.583,13.67,-6.592,-18.219,15.422,0.583,0.104,-0.0,0.222,-0.119,0.171,-13.67,-1.905,-0.0,-0.005,-1.9,-0.719,6.202,4.413,4.139,3.755
68.9089,-0.508,-0.735,10.094,-7.26,-39.41,-6.49,0.758,2.622,-9.07,-3.87,10.04,13.69,16.366,-0.816,-2.733,-0.146,13.833,-6.656,-16.355,15.78,0.583,0.104,-0.0,0.222,-0.119,0.171,-13.67,-1.905,-0.0,-0.005,-1.9,-0.719,6.202,4.413,4.139,3.755
68.9089,-0.508,-0.735,10.094,-7.26,-39.41,-6.49,0.758,2.622,-9.07,-3.87,10.04,13.69,16.366,-0.816,-2.733,-0.146,13.833,-6.656,-16.355,15.78,0.146,0.088,-0.0,0.175,-0.087,0.174,-13.833,-1.913,-0.0,0.067,-1.981,-0.729,0.146,4.456,4.139,3.755
68.9388,-0.395,-0.661,10.18,-4.38,-26.32,-5.17,0.83,2.491,-9.233,-2.16,-1.62,9.81,15.233,-1.069,-2.872,0.078,13.952,-6.688,-14.991,16.041,-0.078,0.08,-0.0,-0.028,0.109,0.193,-13.952,-1.919,-0.0,0.038,-1.957,-0.727,0.313,4.488,4.139,3.755
69.0019,-0.517,-0.692,10.271,0.36,-3.25,-1.52,0.871,2.591,-9.382,6.36,-16.79,2.53,13.863,-1.36,-3.033,-0.043,13.847,-6.686,-13.736,16.092,0.043,0.085,-0.0,-0.293,0.378,0.22,-13.847,-1.917,0.0,-0.111,-1.806,-0.71,0.466,4.495,4.139,3.755
69.0019,-0.517,-0.692,10.271,0.36,-3.25,-1.52,0.871,2.591,-9.382,6.36,-16.79,2.53,13.863,-1.36,-3.033,-0.043,13.847,-6.686,-13.736,16.092,0.043,0.085,-0.0,-0.293,0.378,0.22,-13.847,-1.917,0.0,-0.111,-1.806,-0.71,0.466,4.495,4.139,3.755
69.0611,-0.982,-0.601,10.132,4.38,15.68,4.94,0.382,2.473,-9.392,4.31,-11.28,-7.88,13.469,-1.43,-2.993,-0.306,13.74,-6.37,-13.612,15.966,0.306,0.094,0.0,-0.197,0.291,0.212,-13.74,-1.914,0.0,-0.075,-1.839,-0.714,0.481,4.479,4.139,3.755
69.0611,-0.982,-0.601,10.132,4.38,15.68,4.94,0.382,2.473,-9.392,4.31,-11.28,-7.88,13.469,-1.43,-2.993,-0.306,13.74,-6.37,-13.612,15.966,0.306,0.094,0.0,-0.197,0.291,0.212,-13.74,-1.914,0.0,-0.075,-1.839,-0.714,0.481,4.479,4.139,3.755
69.1127,-1.781,-0.211,9.785,6.1,22.07,8.63,0.11,2.28,-9.524,7.35,-12.14,-11.09,13.866,-1.223,-2.717,-0.902,13.51,-5.825,-14.624,15.491,0.902,0.115,0.0,-0.212,0.327,0.215,-13.51,-1.906,0.0,-0.128,-1.778,-0.708,0.429,4.459,4.139,3.755
69.1438,-2.531,-0.084,9.728,4.81,20.17,7.96,-0.13,2.401,-9.58,2.97,-10.25,-11.27,13.866,-1.223,-2.717,-0.902,13.51,-5.825,-14.624,15.491,0.902,0.115,0.0,-0.212,0.327,0.215,-13.51,-1.906,0.0,-0.128,-1.778,-0.708,0.358,4.421,4.139,3.755
69.1438,-2.531,-0.084,9.728,4.81,20.17,7.96,-0.13,2.401,-9.58,2.97,-10.25,-11.27,14.274,-1.061,-2.552,-1.159,13.44,-5.512,-15.3,15.244,1.159,0.124,0.0,-0.179,0.303,0.213,-13.44,-1.904,0.0,-0.052,-1.852,-0.717,0.275,4.391,4.139,3.755
69.2053,-2.952,-0.081,9.651,1.72,8.57,3.34,-0.329,2.203,-9.67,-0.64,-0.31,-5.66,14.943,-0.837,-2.339,-1.452,13.407,-5.014,-16.278,14.946,1.452,0.134,0.0,-0.005,0.139,0.197,-13.407,-1.904,0.0,0.011,-1.915,-0.725,0.156,4.354,4.139,3.755
69.2053,-2.952,-0.081,9.651,1.72,8.57,3.34,-0.329,2.203,-9.67,-0.64,-0.31,-5.66,14.943,-0.837,-2.339,-1.452,13.407,-5.014,-16.278,14.946,1.452,0.134,0.0,-0.005,0.139,0.197,-13.407,-1.904,0.0,0.011,-1.915,-0.725,0.156,4.354,4.139,3.755
69.2651,-2.634,-0.127,9.754,-0.4,-1.29,2.09,-0.378,2.283,-9.571,-0.81,0.07,-1.36,15.086,-0.793,-2.243,-1.565,13.392,-4.688,-16.541,14.831,1.565,0.138,-0.0,0.001,0.137,0.197,-13.392,-1.905,-0.0,0.014,-1.92,-0.727,0.124,4.34,4.139,3.755
69.2651,-2.634,-0.127,9.754,-0.4,-1.29,2.09,-0.378,2.283,-9.571,-0.81,0.07,-1.36,15.086,-0.793,-2.243,-1.565,13.392,-4.688,-16.541,14.831,1.565,0.138,-0.0,0.001,0.137,0.197,-13.392,-1.905,-0.0,0.014,-1.92,-0.727,0.124,4.34,4.139,3.755
69.3176,-2.207,-0.235,9.816,-1.34,-2.26,3.27,-0.284,2.312,-9.546,-0.32,2.45,-3.04,14.863,-0.831,-2.132,-1.528,13.426,-4.341,-16.288,14.83,1.528,0.137,-0.0,0.043,0.094,0.192,-13.426,-1.909,-0.0,0.006,-1.914,-0.727,0.154,4.34,4.139,3.755
69.3176,-2.207,-0.235,9.816,-1.34,-2.26,3.27,-0.284,2.312,-9.546,-0.32,2.45,-3.04,14.863,-0.831,-2.132,-1.528,13.426,-4.341,-16.288,14.83,1.528,0.137,-0.0,0.043,0.094,0.192,-13.426,-1.909,-0.0,0.006,-1.914,-0.727,0.154,4.34,4.139,3.755
69.3477,-2.152,-0.294,9.912,-1.01,-0.51,3.09,-0.248,2.318,-9.572,0.14,-0.93,-2.98,14.738,-0.871,-2.075,-1.573,13.43,-4.186,-16.208,14.845,1.573,0.138,-0.0,-0.016,0.154,0.198,-13.43,-1.91,-0.0,-0.002,-1.907,-0.726,0.164,4.342,4.139,3.755
69.4098,-2.27,-0.35,9.859,-0.19,0.99,1.94,-0.247,2.3,-9.462,0.23,-0.26,-2.23,14.593,-0.919,-2.001,-1.577,13.442,-3.918,-16.071,14.849,1.577,0.138,0.0,-0.005,0.143,0.197,-13.442,-1.912,-0.0,-0.004,-1.908,-0.727,0.181,4.343,4.139,3.755
69.4098,-2.27,-0.35,9.859,-0.19,0.99,1.94,-0.247,2.3,-9.462,0.23,-0.26,-2.23,14.593,-0.919,-2.001,-1.577,13.442,-3.918,-16.071,14.849,1.577,0.138,0.0,-0.005,0.143,0.197,-13.442,-1.912,-0.0,-0.004,-1.908,-0.727,0.181,4.343,4.139,3.755
69.4621,-2.064,-0.378,9.752,1.08,1.23,4.68,-0.071,2.35,-9.465,2.42,1.05,-4.69,14.462,-0.948,-1.869,-1.577,13.398,-3.599,-15.945,14.782,1.577,0.138,0.0,0.018,0.12,0.195,-13.398,-1.912,0.0,-0.042,-1.87,-0.723,0.196,4.334,4.139,3.755
69.4621,-2.064,-0.378,9.752,1.08,1.23,4.68,-0.071,2.35,-9.465,2.42,1.05,-4.69,14.462,-0.948,-1.869,-1.577,13.398,-3.599,-15.945,14.782,1.577,0.138,0.0,0.018,0.12,0.195,-13.398,-1.912,0.0,-0.042,-1.87,-0.723,0.196,4.334,4.139,3.755
69.5237,-2.193,-0.184,9.72,1.88,2.21,5.67,-0.062,2.094,-9.459,-0.56,-4.43,-5.17,14.386,-0.862,-1.655,-1.672,13.363,-3.264,-15.97,14.625,1.672,0.142,0.0,-0.077,0.219,0.205,-13.363,-1.913,0.0,0.01,-1.922,-0.73,0.193,4.315,4.139,3.755
69.5237,-2.193,-0.184,9.72,1.88,2.21,5.67,-0.062,2.094,-9.459,-0.56,-4.43,-5.17,14.386,-0.862,-1.655,-1.672,13.363,-3.264,-15.97,14.625,1.672,0.142,0.0,-0.077,0.219,0.205,-13.363,-1.913,0.0,0.01,-1.922,-0.73,0.193,4.315,4.139,3.755
69.5531,-1.999,-0.089,9.627,1.99,1.97,5.46,0.084,2.126,-9.469,-0.54,1.4,-6.74,14.334,-0.781,-1.534,-1.632,13.335,-3.052,-15.881,14.488,1.632,0.14,0.0,0.024,0.116,0.195,-13.335,-1.912,0.0,0.009,-1.922,-0.731,0.204,4.298,4.139,3.755
69.6110,-2.229,-0.029,9.524,2.04,1.52,2.59,-0.263,2.191,-9.361,1.52,-0.89,-2.47,14.321,-0.64,-1.377,-1.677,13.262,-2.781,-15.92,14.239,1.677,0.142,0.0,-0.016,0.157,0.199,-13.262,-1.911,0.0,-0.026,-1.884,-0.727,0.206,4.283,4.139,3.755
69.6110,-2.229,-0.029,9.524,2.04,1.52,2.59,-0.263,2.191,-9.361,1.52,-0.89,-2.47,14.321,-0.64,-1.377,-1.677,13.262,-2.781,-15.92,14.239,1.677,0.142,0.0,-0.016,0.157,0.199,-13.262,-1.911,0.0,-0.026,-1.884,-0.727,0.199,4.268,4.139,3.755
69.6664,-1.664,-0.182,10.209,1.72,9.67,5.54,0.208,2.21,-9.285,1.45,-5.38,-8.81,14.243,-0.595,-1.229,-1.818,13.253,-2.473,-15.987,14.141,1.818,0.147,0.0,-0.094,0.241,0.207,-13.253,-1.912,0.0,-0.025,-1.887,-0.728,0.191,4.256,4.139,3.755
69.6664,-1.664,-0.182,10.209,1.72,9.67,5.54,0.208,2.21,-9.285,1.45,-5.38,-8.81,14.243,-0.595,-1.229,-1.818,13.253,-2.473,-15.987,14.141,1.818,0.147,0.0,-0.094,0.241,0.207,-13.253,-1.912,0.0,-0.025,-1.887,-0.728,0.191,4.256,4.139,3.755
69.7285,-1.188,-0.235,10.025,5.08,23.95,9.99,-0.025,2.211,-9.543,6.92,-12.84,-13.53,14.463,-0.472,-0.906,-2.322,13.025,-2.063,-16.712,13.771,2.11,0.157,0.0,-0.384,0.541,0.238,-13.178,-1.91,0.0,-0.084,-1.826,-0.721,0.147,4.242,4.139,3.755
69.7558,-0.998,-0.28,9.823,6.5,32.96,12.0,-0.075,2.385,-9.276,6.26,-20.34,-18.46,14.766,-0.334,-0.685,-2.645,12.94,-1.751,-17.34,13.526,2.645,0.176,0.0,-0.355,0.531,0.237,-12.94,-1.901,0.0,-0.109,-1.792,-0.718,0.026,4.181,4.139,3.755
69.7799,-0.939,-0.199,9.572,8.78,45.55,13.25,0.294,2.174,-8.938,7.67,-22.41,-20.88,14.766,-0.334,-0.685,-2.645,12.94,-1.751,-17.34,13.526,2.645,0.176,0.0,-0.355,0.531,0.237,-12.94,-1.901,0.0,-0.109,-1.792,-0.718,0.026,4.181,4.139,3.755
69.8156,-1.796,-0.297,9.251,11.11,58.66,12.54,0.152,2.029,-8.752,4.73,-32.8,-24.97,16.056,0.098,-0.181,-3.609,12.697,-1.059,-19.595,12.804,3.609,0.209,0.0,-0.573,0.782,0.262,-12.697,-1.893,0.0,-0.083,-1.81,-0.721,6.034,4.093,4.139,3.755
69.8156,-1.796,-0.297,9.251,11.11,58.66,12.54,0.152,2.029,-8.752,4.73,-32.8,-24.97,16.056,0.098,-0.181,-3.609,12.697,-1.059,-19.595,12.804,3.609,0.209,0.0,-0.573,0.782,0.262,-12.697,-1.893,0.0,-0.083,-1.81,-0.721,6.034,4.093,4.139,3.755
69.8662,-2.44,0.522,8.485,10.39,70.33,10.27,-0.918,1.748,-8.503,5.49,-22.2,-28.58,18.53,0.775,0.346,-4.69,12.362,-0.202,-23.139,11.662,4.69,0.247,0.0,-0.387,0.635,0.248,-12.362,-1.88,0.0,-0.096,-1.784,-0.718,5.601,3.953,4.139,3.755
69.8662,-2.44,0.522,8.485,10.39,70.33,10.27,-0.918,1.748,-8.503,5.49,-22.2,-28.58,18.53,0.775,0.346,-4.69,12.362,-0.202,-23.139,11.662,4.69,0.247,0.0,-0.387,0.635,0.248,-12.362,-1.88,0.0,-0.096,-1.784,-0.718,5.601,3.953,4.139,3.755
69.9257,-4.731,0.508,8.102,10.85,71.1,12.89,-1.498,1.593,-9.413,1.32,-12.41,-30.36,21.896,1.537,0.988,-5.947,12.087,0.794,-27.731,10.385,5.947,0.291,0.0,-0.217,0.508,0.235,-12.087,-1.869,0.0,-0.023,-1.846,-0.726,5.315,3.886,4.139,3.755
69.9257,-4.731,0.508,8.102,10.85,71.1,12.89,-1.498,1.593,-9.413,1.32,-12.41,-30.36,21.896,1.537,0.988,-5.947,12.087,0.794,-27.731,10.385,5.947,0.291,0.0,-0.217,0.508,0.235,-12.087,-1.869,0.0,-0.023,-1.846,-0.726,5.04,3.797,4.139,3.755
69.9559,-5.837,0.608,8.258,11.69,61.31,14.14,-2.0,1.745,-9.568,0.94,-4.97,-32.38,23.655,1.985,1.364,-6.323,11.923,1.394,-29.84,9.572,6.323,0.304,0.0,-0.087,0.391,0.224,-11.923,-1.863,0.0,-0.016,-1.847,-0.727,4.782,3.698,4.139,3.755
70.0183,-5.811,0.816,7.939,13.49,46.93,7.25,-2.516,2.234,-9.716,0.27,11.49,-20.39,26.524,2.926,1.998,-6.547,11.722,2.372,-32.866,7.99,6.547,0.312,0.0,0.201,0.111,0.196,-11.722,-1.856,0.0,-0.005,-1.851,-0.728,4.412,3.505,4.139,3.755
70.0183,-5.811,0.816,7.939,13.49,46.93,7.25,-2.516,2.234,-9.716,0.27,11.49,-20.39,26.524,2.926,1.998,-6.547,11.722,2.372,-32.866,7.99,6.547,0.312,0.0,0.201,0.111,0.196,-11.722,-1.856,0.0,-0.005,-1.851,-0.728,4.412,3.505,4.139,3.755
70.0695,-6.51,1.018,8.432,10.59,33.71,0.42,-0.883,1.471,-9.623,-5.64,1.93,-16.04,28.778,3.782,2.308,-6.808,11.738,2.828,-35.307,6.742,6.808,0.321,0.0,0.034,0.288,0.213,-11.738,-1.858,0.0,0.098,-1.957,-0.741,4.114,3.352,4.139,3.755
70.0695,-6.51,1.018,8.432,10.59,33.71,0.42,-0.883,1.471,-9.623,-5.64,1.93,-16.04,28.778,3.782,2.308,-6.808,11.738,2.828,-35.307,6.742,6.808,0.321,0.0,0.034,0.288,0.213,-11.738,-1.858,0.0,0.098,-1.957,-0.741,4.114,3.352,4.139,3.755
70.1304,-6.718,0.953,8.686,4.4,15.59,0.6,-2.149,1.759,-10.308,-0.25,-4.79,-3.14,30.381,4.315,2.469,-6.872,11.607,2.85,-36.936,5.91,6.872,0.323,0.0,-0.084,0.407,0.225,-11.607,-1.854,0.0,0.004,-1.859,-0.73,3.915,3.25,4.139,3.755
70.1304,-6.718,0.953,8.686,4.4,15.59,0.6,-2.149,1.759,-10.308,-0.25,-4.79,-3.14,30.381,4.315,2.469,-6.872,11.607,2.85,-36.936,5.91,6.872,0.323,0.0,-0.084,0.407,0.225,-11.607,-1.854,0.0,0.004,-1.859,-0.73,3.915,3.25,4.139,3.755
70.1601,-5.897,1.087,7.618,1.9,12.3,-2.12,-1.538,1.964,-9.892,-1.84,12.83,-6.13,30.901,4.512,2.562,-6.793,11.565,2.864,-37.365,5.634,6.793,0.321,0.0,0.224,0.097,0.194,-11.565,-1.853,0.0,0.032,-1.885,-0.734,3.863,3.217,4.139,3.755
70.2216,-5.964,1.173,8.001,0.74,8.7,-1.23,-1.209,1.747,-9.401,-1.64,7.98,-2.22,31.677,4.773,2.691,-6.681,11.617,2.774,-38.028,5.441,6.681,0.317,0.0,0.139,0.178,0.203,-11.617,-1.857,0.0,0.029,-1.886,-0.735,3.782,3.193,4.139,3.755
70.2216,-5.964,1.173,8.001,0.74,8.7,-1.23,-1.209,1.747,-9.401,-1.64,7.98,-2.22,31.677,4.773,2.691,-6.681,11.617,2.774,-38.028,5.441,6.681,0.317,0.0,0.139,0.178,0.203,-11.617,-1.857,0.0,0.029,-1.886,-0.735,3.782,3.193,4.139,3.755
70.2738,-5.892,0.934,7.944,-1.49,8.92,-6.23,-1.415,2.046,-9.777,-3.05,-4.51,2.36,32.329,4.801,2.575,-6.76,11.667,2.44,-38.771,5.538,6.76,0.32,0.0,-0.079,0.398,0.225,-11.667,-1.861,-0.0,0.053,-1.914,-0.739,3.691,3.205,4.139,3.755
70.2738,-5.892,0.934,7.944,-1.49,8.92,-6.23,-1.415,2.046,-9.777,-3.05,-4.51,2.36,32.329,4.801,2.575,-6.76,11.667,2.44,-38.771,5.538,6.76,0.32,0.0,-0.079,0.398,0.225,-11.667,-1.861,-0.0,0.053,-1.914,-0.739,3.691,3.205,4.139,3.755
70.3366,-6.426,0.666,8.305,-2.45,5.77,-4.34,-1.112,1.766,-9.59,-1.51,0.14,1.03,32.967,4.653,2.374,-6.802,11.719,2.066,-39.47,5.845,6.802,0.321,0.0,0.003,0.319,0.217,-11.719,-1.865,-0.0,0.026,-1.891,-0.737,3.605,3.243,4.139,3.755
70.3366,-6.426,0.666,8.305,-2.45,5.77,-4.34,-1.112,1.766,-9.59,-1.51,0.14,1.03,32.967,4.653,2.374,-6.802,11.719,2.066,-39.47,5.845,6.802,0.321,0.0,0.003,0.319,0.217,-11.719,-1.865,-0.0,0.026,-1.891,-0.737,3.605,3.243,4.139,3.755
70.3884,-6.026,0.654,8.114,-1.98,1.65,0.97,-1.241,1.894,-9.538,0.61,2.34,-2.66,33.344,4.577,2.369,-6.836,11.663,1.842,-39.902,6.01,6.836,0.322,0.0,0.041,0.282,0.213,-11.663,-1.864,-0.0,-0.011,-1.853,-0.733,3.573,3.253,4.139,3.755
70.3884,-6.026,0.654,8.114,-1.98,1.65,0.97,-1.241,1.894,-9.538,0.61,2.34,-2.66,33.344,4.577,2.369,-6.836,11.663,1.842,-39.902,6.01,6.836,0.322,0.0,0.041,0.282,0.213,-11.663,-1.864,-0.0,-0.011,-1.853,-0.733,3.553,3.263,4.139,3.755
70.4183,-5.945,0.524,7.944,-1.47,1.05,1.77,-1.34,2.024,-9.358,1.67,5.32,-1.72,33.495,4.547,2.397,-6.759,11.663,1.765,-39.987,6.119,6.759,0.32,0.0,0.093,0.227,0.208,-11.663,-1.865,-0.0,-0.029,-1.836,-0.731,3.542,3.276,4.139,3.755
70.4774,-5.923,0.711,7.922,-0.7,-0.12,2.32,-1.195,1.89,-9.491,0.19,1.18,-2.33,33.723,4.604,2.53,-6.774,11.634,1.637,-40.248,6.186,6.774,0.32,-0.0,0.021,0.3,0.215,-11.634,-1.865,-0.0,-0.003,-1.862,-0.735,3.51,3.284,4.139,3.755
70.4774,-5.923,0.711,7.922,-0.7,-0.12,2.32,-1.195,1.89,-9.491,0.19,1.18,-2.33,33.723,4.604,2.53,-6.774,11.634,1.637,-40.248,6.186,6.774,0.32,-0.0,0.021,0.3,0.215,-11.634,-1.865,-0.0,-0.003,-1.862,-0.735,3.51,3.284,4.139,3.755
70.5366,-5.662,0.845,7.949,-1.26,-0.11,1.65,-1.444,2.006,-9.383,1.05,2.56,-1.36,33.847,4.683,2.674,-6.725,11.602,1.527,-40.343,6.232,6.725,0.319,-0.0,0.045,0.274,0.213,-11.602,-1.865,-0.0,-0.018,-1.847,-0.734,3.507,3.288,4.139,3.755
70.5366,-5.662,0.845,7.949,-1.26,-0.11,1.65,-1.444,2.006,-9.383,1.05,2.56,-1.36,33.847,4.683,2.674,-6.725,11.602,1.527,-40.343,6.232,6.725,0.319,-0.0,0.045,0.274,0.213,-11.602,-1.865,-0.0,-0.018,-1.847,-0.734,3.499,3.29,4.139,3.755
70.5667,-5.895,0.687,7.841,-2.11,-1.27,0.71,-1.087,1.921,-9.56,-1.72,1.93,-1.78,33.938,4.668,2.701,-6.709,11.64,1.454,-40.428,6.359,6.709,0.318,-0.0,0.034,0.284,0.214,-11.64,-1.868,-0.0,0.03,-1.898,-0.741,3.488,3.305,4.139,3.755
70.6245,-6.067,0.776,7.903,-2.35,-3.61,-1.81,-1.512,1.851,-9.572,-1.03,3.85,2.75,34.067,4.606,2.684,-6.626,11.679,1.259,-40.491,6.61,6.626,0.315,-0.0,0.067,0.248,0.211,-11.679,-1.871,-0.0,0.018,-1.889,-0.74,3.481,3.336,4.139,3.755
70.6245,-6.067,0.776,7.903,-2.35,-3.61,-1.81,-1.512,1.851,-9.572,-1.03,3.85,2.75,34.067,4.606,2.684,-6.626,11.679,1.259,-40.491,6.61,6.626,0.315,-0.0,0.067,0.248,0.211,-11.679,-1.871,-0.0,0.018,-1.889,-0.74,3.481,3.336,4.139,3.755
70.6841,-5.964,0.596,7.961,-2.76,-6.42,1.29,-1.246,1.894,-9.631,-1.35,2.76,0.75,34.077,4.512,2.683,-6.549,11.667,1.076,-40.444,6.861,6.549,0.313,-0.0,0.048,0.264,0.212,-11.667,-1.872,-0.0,0.024,-1.896,-0.742,3.486,3.367,4.139,3.755
70.6841,-5.964,0.596,7.961,-2.76,-6.42,1.29,-1.246,1.894,-9.631,-1.35,2.76,0.75,34.077,4.512,2.683,-6.549,11.667,1.076,-40.444,6.861,6.549,0.313,-0.0,0.048,0.264,0.212,-11.667,-1.872,-0.0,0.024,-1.896,-0.742,3.486,3.367,4.139,3.755
70.7378,-5.72,0.709,8.092,-0.53,-5.4,1.87,-1.447,2.09,-9.534,1.96,3.36,1.86,33.951,4.459,2.739,-6.354,11.662,0.992,-40.138,7.045,6.354,0.306,-0.0,0.059,0.247,0.211,-11.662,-1.874,-0.0,-0.034,-1.84,-0.736,3.524,3.389,4.139,3.755
70.7378,-5.72,0.709,8.092,-0.53,-5.4,1.87,-1.447,2.09,-9.534,1.96,3.36,1.86,33.951,4.459,2.739,-6.354,11.662,0.992,-40.138,7.045,6.354,0.306,-0.0,0.059,0.247,0.211,-11.662,-1.874,-0.0,-0.034,-1.84,-0.736,3.524,3.389,4.139,3.755
70.8019,-5.698,0.771,8.109,-1.43,-5.57,1.75,-0.953,1.914,-9.487,-1.13,7.62,-1.31,33.823,4.497,2.817,-6.142,11.653,0.912,-39.814,7.121,6.298,0.304,-0.0,0.071,0.233,0.209,-11.645,-1.874,-0.0,0.008,-1.882,-0.741,3.536,3.395,4.139,3.755
70.8297,-5.701,0.711,8.102,-1.73,-5.31,1.67,-1.167,1.957,-9.505,-1.21,3.22,-0.85,33.753,4.496,2.857,-6.072,11.674,0.894,-39.679,7.193,6.072,0.296,-0.0,0.056,0.24,0.21,-11.674,-1.877,-0.0,0.021,-1.898,-0.744,3.58,3.407,4.139,3.755
70.8587,-4.982,0.462,7.027,-0.25,-7.88,2.03,-0.919,1.761,-9.28,-1.45,7.23,1.96,33.662,4.484,2.882,-5.964,11.679,0.851,-39.488,7.27,5.964,0.292,-0.0,0.126,0.166,0.203,-11.679,-1.878,-0.0,0.025,-1.903,-0.745,3.603,3.417,4.139,3.755
70.8587,-4.982,0.462,7.027,-0.25,-7.88,2.03,-0.919,1.761,-9.28,-1.45,7.23,1.96,33.662,4.484,2.882,-5.964,11.679,0.851,-39.488,7.27,5.964,0.292,-0.0,0.126,0.166,0.203,-11.679,-1.878,-0.0,0.025,-1.903,-0.745,3.603,3.417,4.139,3.755
70.8877,-5.523,0.833,8.375,0.4,-7.99,0.72,-1.487,2.225,-9.656,0.95,0.47,2.7,33.479,4.544,2.911,-5.832,11.668,0.812,-39.18,7.244,5.832,0.288,-0.0,0.008,0.28,0.214,-11.668,-1.878,0.0,-0.017,-1.861,-0.741,3.641,3.414,4.139,3.755
70.9449,-5.418,0.819,8.229,-0.99,-7.01,0.06,-1.131,2.025,-9.61,0.96,13.68,-1.13,33.228,4.56,2.926,-5.507,11.672,0.739,-38.616,7.316,5.507,0.276,-0.0,0.239,0.038,0.19,-11.672,-1.88,-0.0,-0.017,-1.863,-0.741,3.71,3.422,4.139,3.755
70.9449,-5.418,0.819,8.229,-0.99,-7.01,0.06,-1.131,2.025,-9.61,0.96,13.68,-1.13,33.228,4.56,2.926,-5.507,11.672,0.739,-38.616,7.316,5.507,0.276,-0.0,0.239,0.038,0.19,-11.672,-1.88,-0.0,-0.017,-1.863,-0.741,3.71,3.422,4.139,3.755
70.9976,-5.365,0.802,8.279,0.21,-4.33,0.05,-0.833,2.083,-9.225,0.8,6.75,1.92,33.019,4.496,2.914,-5.344,11.722,0.649,-38.255,7.515,5.344,0.271,-0.0,0.118,0.153,0.202,-11.722,-1.884,0.0,-0.014,-1.87,-0.743,3.754,3.447,4.139,3.755
70.9976,-5.365,0.802,8.279,0.21,-4.33,0.05,-0.833,2.083,-9.225,0.8,6.75,1.92,33.019,4.496,2.914,-5.344,11.722,0.649,-38.255,7.515,5.344,0.271,-0.0,0.118,0.153,0.202,-11.722,-1.884,0.0,-0.014,-1.87,-0.743,3.754,3.447,4.139,3.755
71.0558,-5.248,0.666,8.14,-0.98,3.04,-4.74,-0.766,1.986,-9.614,-2.5,-2.41,2.58,32.99,4.435,2.793,-5.448,11.808,0.483,-38.333,7.705,5.448,0.274,0.0,-0.042,0.317,0.218,-11.808,-1.889,-0.0,0.044,-1.933,-0.751,3.748,3.458,4.139,3.755
71.0558,-5.248,0.666,8.14,-0.98,3.04,-4.74,-0.766,1.986,-9.614,-2.5,-2.41,2.58,32.99,4.435,2.793,-5.448,11.808,0.483,-38.333,7.705,5.448,0.274,0.0,-0.042,0.317,0.218,-11.808,-1.889,-0.0,0.044,-1.933,-0.751,3.744,3.47,4.139,3.755
71.0847,-5.382,0.704,8.248,-1.18,3.62,-6.51,-1.081,2.093,-9.536,-0.48,-6.36,5.02,33.072,4.362,2.667,-5.511,11.85,0.362,-38.477,7.831,5.511,0.277,0.0,-0.111,0.388,0.225,-11.85,-1.892,-0.0,0.008,-1.9,-0.748,3.727,3.485,4.139,3.755
71.1462,-5.231,0.409,7.92,-0.47,3.98,-7.41,-1.004,1.873,-9.31,0.19,-1.85,5.43,33.276,4.094,2.312,-5.595,11.873,0.046,-38.762,8.163,5.595,0.28,0.0,-0.032,0.312,0.218,-11.873,-1.894,-0.0,-0.003,-1.891,-0.747,3.692,3.526,4.139,3.755
71.1462,-5.231,0.409,7.92,-0.47,3.98,-7.41,-1.004,1.873,-9.31,0.19,-1.85,5.43,33.276,4.094,2.312,-5.595,11.873,0.046,-38.762,8.163,5.595,0.28,0.0,-0.032,0.312,0.218,-11.873,-1.894,-0.0,-0.003,-1.891,-0.747,3.692,3.526,4.139,3.755
71.2063,-5.555,0.74,8.188,1.43,4.17,-3.84,-0.973,1.887,-9.556,1.35,-3.74,5.11,33.48,3.988,2.074,-5.772,11.819,-0.235,-39.142,8.264,5.727,0.284,0.0,-0.152,0.437,0.23,-11.867,-1.895,0.0,-0.02,-1.875,-0.746,3.663,3.541,4.139,3.755
71.2063,-5.555,0.74,8.188,1.43,4.17,-3.84,-0.973,1.887,-9.556,1.35,-3.74,5.11,33.48,3.988,2.074,-5.772,11.819,-0.235,-39.142,8.264,5.772,0.286,0.0,-0.065,0.351,0.222,-11.819,-1.894,0.0,-0.024,-1.87,-0.746,3.645,3.538,4.139,3.755
71.2600,-5.717,0.565,8.124,0.6,1.3,0.54,-0.857,1.942,-9.629,1.84,6.24,0.4,33.643,4.029,2.048,-5.755,11.735,-0.282,-39.288,8.143,5.879,0.29,0.0,-0.173,0.463,0.233,-11.792,-1.893,0.0,0.018,-1.912,-0.751,3.623,3.533,4.139,3.755
71.2600,-5.717,0.565,8.124,0.6,1.3,0.54,-0.857,1.942,-9.629,1.84,6.24,0.4,33.643,4.029,2.048,-5.755,11.735,-0.282,-39.288,8.143,5.755,0.285,0.0,0.109,0.176,0.204,-11.735,-1.892,0.0,-0.032,-1.86,-0.745,3.628,3.523,4.139,3.755
71.3188,-5.753,0.625,8.013,0.43,-0.79,0.85,-0.979,2.011,-9.379,-1.19,0.5,0.19,33.78,4.058,2.079,-5.879,11.741,-0.277,-39.549,8.12,5.879,0.29,-0.0,0.009,0.281,0.215,-11.741,-1.894,0.0,0.021,-1.914,-0.753,3.596,3.521,4.139,3.755
71.3188,-5.753,0.625,8.013,0.43,-0.79,0.85,-0.979,2.011,-9.379,-1.19,0.5,0.19,33.78,4.058,2.079,-5.879,11.741,-0.277,-39.549,8.12,5.879,0.29,-0.0,0.009,0.281,0.215,-11.741,-1.894,0.0,0.021,-1.914,-0.753,3.596,3.521,4.139,3.755
71.3484,-5.61,0.622,8.037,0.56,-2.33,0.83,-0.985,1.711,-9.583,-0.55,2.17,-0.65,33.782,4.092,2.105,-5.824,11.709,-0.276,-39.497,8.067,5.824,0.288,-0.0,0.038,0.25,0.212,-11.709,-1.893,0.0,0.01,-1.903,-0.752,3.602,3.514,4.139,3.755
71.4083,-5.499,0.591,8.174,1.56,-0.38,-0.46,-1.05,1.827,-9.482,0.1,-1.12,2.18,33.724,4.166,2.112,-5.79,11.667,-0.328,-39.41,7.974,5.765,0.286,-0.0,0.062,0.224,0.209,-11.676,-1.892,0.0,-0.028,-1.864,-0.747,3.613,3.504,4.139,3.755
71.4083,-5.499,0.591,8.174,1.56,-0.38,-0.46,-1.05,1.827,-9.482,0.1,-1.12,2.18,33.724,4.166,2.112,-5.79,11.667,-0.328,-39.41,7.974,5.79,0.287,-0.0,-0.019,0.306,0.218,-11.667,-1.893,0.0,-0.002,-1.891,-0.751,3.613,3.503,4.139,3.755
71.4672,-5.818,0.687,8.131,0.67,-0.15,0.19,-0.976,2.073,-9.652,1.77,1.62,1.21,33.777,4.276,2.156,-5.734,11.586,-0.336,-39.41,7.791,5.734,0.285,-0.0,0.028,0.257,0.213,-11.586,-1.891,0.0,-0.031,-1.86,-0.748,3.613,3.48,4.139,3.755
71.4672,-5.818,0.687,8.131,0.67,-0.15,0.19,-0.976,2.073,-9.652,1.77,1.62,1.21,33.777,4.276,2.156,-5.734,11.586,-0.336,-39.41,7.791,5.734,0.285,-0.0,0.028,0.257,0.213,-11.586,-1.891,0.0,-0.031,-1.86,-0.748,3.613,3.48,4.139,3.755
71.5261,-5.861,0.512,8.317,0.43,-4.42,1.88,-0.832,1.887,-9.77,-0.49,3.96,-1.65,33.783,4.291,2.173,-5.69,11.567,-0.346,-39.373,7.774,5.69,0.283,-0.0,0.069,0.214,0.209,-11.567,-1.892,0.0,0.009,-1.9,-0.753,3.606,3.481,4.139,3.755
71.5261,-5.861,0.512,8.317,0.43,-4.42,1.88,-0.832,1.887,-9.77,-0.49,3.96,-1.65,33.783,4.291,2.173,-5.69,11.567,-0.346,-39.373,7.774,5.69,0.283,-0.0,0.069,0.214,0.209,-11.567,-1.892,0.0,0.009,-1.9,-0.753,3.617,3.478,4.139,3.755
71.5559,-5.794,0.175,7.894,0.42,-7.48,6.14,-0.636,1.828,-9.614,2.65,7.18,-2.29,33.714,4.301,2.255,-5.512,11.501,-0.3,-39.131,7.733,5.512,0.277,-0.0,0.125,0.152,0.203,-11.501,-1.89,0.0,-0.046,-1.843,-0.747,3.647,3.473,4.139,3.755
71.6148,-5.61,0.802,8.174,3.39,-7.35,5.51,-1.111,2.053,-9.442,0.01,-3.42,-1.01,33.488,4.54,2.51,-5.406,11.434,-0.16,-38.808,7.449,5.406,0.273,-0.0,-0.06,0.333,0.221,-11.434,-1.888,0.0,-0.0,-1.888,-0.753,3.686,3.439,4.139,3.755
71.6148,-5.61,0.802,8.174,3.39,-7.35,5.51,-1.111,2.053,-9.442,0.01,-3.42,-1.01,33.488,4.54,2.51,-5.406,11.434,-0.16,-38.808,7.449,5.406,0.273,-0.0,-0.06,0.333,0.221,-11.434,-1.888,0.0,-0.0,-1.888,-0.753,3.686,3.439,4.139,3.755
71.6725,-5.76,0.761,8.404,1.53,-7.98,3.02,-0.798,1.901,-9.436,2.65,8.62,-0.21,33.206,4.776,2.696,-4.981,11.343,-0.084,-38.116,7.159,4.981,0.259,-0.0,0.15,0.108,0.198,-11.343,-1.886,0.0,-0.046,-1.84,-0.748,3.771,3.403,4.139,3.755
71.6725,-5.76,0.761,8.404,1.53,-7.98,3.02,-0.798,1.901,-9.436,2.65,8.62,-0.21,33.206,4.776,2.696,-4.981,11.343,-0.084,-38.116,7.159,4.981,0.259,-0.0,0.15,0.108,0.198,-11.343,-1.886,0.0,-0.046,-1.84,-0.748,3.771,3.403,4.139,3.755
71.7230,-5.176,0.898,8.384,-0.5,-9.39,2.89,-0.56,1.86,-9.586,-2.55,6.95,-0.39,32.759,4.943,2.834,-4.723,11.367,-0.107,-37.429,7.1,4.723,0.25,-0.0,0.121,0.128,0.2,-11.367,-1.889,-0.0,0.044,-1.933,-0.76,3.855,3.396,4.139,3.755
71.7230,-5.176,0.898,8.384,-0.5,-9.39,2.89,-0.56,1.86,-9.586,-2.55,6.95,-0.39,32.759,4.943,2.834,-4.723,11.367,-0.107,-37.429,7.1,4.723,0.25,-0.0,0.121,0.128,0.2,-11.367,-1.889,-0.0,0.044,-1.933,-0.76,3.855,3.396,4.139,3.755
71.7535,-5.38,0.613,8.303,-1.19,-8.27,3.1,-0.67,1.883,-9.487,-2.16,8.51,-1.96,32.567,4.952,2.886,-4.483,11.397,-0.04,-36.999,7.124,4.483,0.241,-0.0,0.149,0.093,0.197,-11.397,-1.891,-0.0,0.038,-1.928,-0.76,3.907,3.399,4.139,3.755
71.8140,-5.155,0.591,8.145,1.46,-6.85,2.65,-0.79,1.949,-9.279,1.57,6.9,1.35,32.2,4.969,2.976,-4.201,11.388,0.031,-36.358,7.122,4.201,0.231,-0.0,0.12,0.111,0.199,-11.388,-1.892,0.0,-0.027,-1.864,-0.753,3.986,3.399,4.139,3.755
71.8140,-5.155,0.591,8.145,1.46,-6.85,2.65,-0.79,1.949,-9.279,1.57,6.9,1.35,32.2,4.969,2.976,-4.201,11.388,0.031,-36.358,7.122,4.201,0.231,-0.0,0.12,0.111,0.199,-11.388,-1.892,0.0,-0.027,-1.864,-0.753,3.986,3.399,4.139,3.755
71.8750,-5.14,1.039,8.495,-0.34,-0.28,-3.3,-0.546,2.03,-9.592,-3.19,-5.9,3.09,32.004,5.088,2.975,-4.268,11.461,-0.039,-36.235,7.09,4.268,0.234,-0.0,-0.103,0.337,0.221,-11.461,-1.897,-0.0,0.056,-1.952,-0.764,4.003,3.387,4.139,3.755
71.8750,-5.14,1.039,8.495,-0.34,-0.28,-3.3,-0.546,2.03,-9.592,-3.19,-5.9,3.09,32.004,5.088,2.975,-4.268,11.461,-0.039,-36.235,7.09,4.268,0.234,-0.0,-0.103,0.337,0.221,-11.461,-1.897,-0.0,0.056,-1.952,-0.764,4.001,3.395,4.139,3.755
71.9290,-5.179,0.754,8.133,-1.69,-3.39,-3.55,-0.509,1.962,-9.748,0.29,4.8,2.33,31.983,4.963,2.813,-4.135,11.492,-0.151,-36.079,7.25,4.135,0.229,-0.0,0.084,0.145,0.202,-11.492,-1.9,-0.0,-0.005,-1.895,-0.758,4.02,3.414,4.139,3.755
71.9290,-5.179,0.754,8.133,-1.69,-3.39,-3.55,-0.509,1.962,-9.748,0.29,4.8,2.33,31.983,4.963,2.813,-4.135,11.492,-0.151,-36.079,7.25,4.135,0.229,-0.0,0.084,0.145,0.202,-11.492,-1.9,-0.0,-0.005,-1.895,-0.758,4.02,3.414,4.139,3.755
71.9578,-5.389,0.599,8.215,-1.77,-5.81,-3.49,-0.666,2.099,-9.552,2.65,3.42,8.88,31.921,4.863,2.713,-3.983,11.497,-0.292,-35.871,7.413,3.983,0.224,-0.0,0.06,0.164,0.204,-11.497,-1.901,-0.0,-0.046,-1.854,-0.754,4.045,3.434,4.139,3.755
72.0160,-5.097,0.778,8.461,-0.83,-8.31,-2.71,-0.394,2.0,-9.679,-4.81,3.35,2.85,31.601,4.74,2.549,-3.777,11.576,-0.435,-35.347,7.639,3.777,0.217,-0.0,0.058,0.158,0.204,-11.576,-1.906,-0.0,0.084,-1.99,-0.771,4.109,3.462,4.139,3.755
72.0160,-5.097,0.778,8.461,-0.83,-8.31,-2.71,-0.394,2.0,-9.679,-4.81,3.35,2.85,31.601,4.74,2.549,-3.777,11.576,-0.435,-35.347,7.639,3.777,0.217,-0.0,0.058,0.158,0.204,-11.576,-1.906,-0.0,0.084,-1.99,-0.771,4.109,3.462,4.139,3.755
72.0758,-4.932,0.534,8.428,0.33,-8.69,0.06,-0.414,1.879,-9.451,0.55,4.61,1.81,31.216,4.637,2.428,-3.506,11.586,-0.497,-34.692,7.748,3.648,0.212,-0.0,0.068,0.144,0.202,-11.609,-1.908,-0.0,0.054,-1.962,-0.768,4.149,3.472,4.139,3.755
72.1020,-4.726,0.529,8.334,1.79,-8.68,0.46,-0.505,2.034,-9.319,1.66,6.94,4.35,31.0,4.637,2.411,-3.327,11.589,-0.528,-34.302,7.766,3.327,0.201,-0.0,0.121,0.08,0.196,-11.589,-1.909,0.0,-0.029,-1.88,-0.759,4.237,3.477,4.139,3.755
72.1020,-4.726,0.529,8.334,1.79,-8.68,0.46,-0.505,2.034,-9.319,1.66,6.94,4.35,31.0,4.637,2.411,-3.327,11.589,-0.528,-34.302,7.766,3.327,0.201,-0.0,0.121,0.08,0.196,-11.589,-1.909,0.0,-0.029,-1.88,-0.759,4.237,3.477,4.139,3.755
72.1586,-4.456,0.812,8.571,0.77,-3.83,-1.21,-0.406,1.994,-9.379,-0.62,0.33,2.59,30.583,4.7,2.382,-3.212,11.625,-0.593,-33.777,7.75,3.212,0.197,-0.0,0.006,0.191,0.207,-11.625,-1.912,0.0,0.011,-1.923,-0.765,4.301,3.475,4.139,3.755
72.1586,-4.456,0.812,8.571,0.77,-3.83,-1.21,-0.406,1.994,-9.379,-0.62,0.33,2.59,30.583,4.7,2.382,-3.212,11.625,-0.593,-33.777,7.75,3.212,0.197,-0.0,0.006,0.191,0.207,-11.625,-1.912,0.0,0.011,-1.923,-0.765,4.301,3.475,4.139,3.755
72.2169,-4.721,0.84,8.729,-0.16,1.63,-2.4,-0.368,2.04,-9.385,0.16,-3.09,2.78,30.393,4.691,2.311,-3.188,11.648,-0.655,-33.564,7.779,3.188,0.196,0.0,-0.054,0.25,0.213,-11.648,-1.914,-0.0,-0.003,-1.912,-0.764,4.327,3.479,4.139,3.755
72.2169,-4.721,0.84,8.729,-0.16,1.63,-2.4,-0.368,2.04,-9.385,0.16,-3.09,2.78,30.393,4.691,2.311,-3.188,11.648,-0.655,-33.564,7.779,3.188,0.196,0.0,-0.054,0.25,0.213,-11.648,-1.914,-0.0,-0.003,-1.912,-0.764,4.327,3.479,4.139,3.755
72.2793,-4.86,0.646,8.545,-0.5,4.8,-2.58,-0.399,1.901,-9.395,0.45,-1.93,1.29,30.439,4.601,2.192,-3.232,11.655,-0.711,-33.648,7.854,3.232,0.198,0.0,-0.034,0.232,0.211,-11.655,-1.916,-0.0,-0.008,-1.908,-0.764,4.317,3.488,4.139,3.755
72.2793,-4.86,0.646,8.545,-0.5,4.8,-2.58,-0.399,1.901,-9.395,0.45,-1.93,1.29,30.439,4.601,2.192,-3.232,11.655,-0.711,-33.648,7.854,3.232,0.198,0.0,-0.034,0.232,0.211,-11.655,-1.916,-0.0,-0.008,-1.908,-0.764,4.317,3.488,4.139,3.755
72.3089,-5.143,0.565,8.468,0.08,5.14,-1.93,-0.518,1.984,-9.522,2.37,-6.67,1.64,30.546,4.561,2.143,-3.316,11.62,-0.742,-33.837,7.853,3.316,0.201,0.0,-0.116,0.317,0.22,-11.62,-1.916,0.0,-0.041,-1.874,-0.761,4.294,3.488,4.139,3.755
72.3610,-5.303,0.749,8.332,-0.84,3.14,-3.9,-0.548,2.015,-9.635,-2.0,-4.72,2.28,30.774,4.526,2.037,-3.435,11.599,-0.842,-34.181,7.867,3.435,0.205,0.0,-0.082,0.287,0.217,-11.599,-1.916,-0.0,0.035,-1.951,-0.771,4.252,3.49,4.139,3.755
72.3610,-5.303,0.749,8.332,-0.84,3.14,-3.9,-0.548,2.015,-9.635,-2.0,-4.72,2.28,30.774,4.526,2.037,-3.435,11.599,-0.842,-34.181,7.867,3.435,0.205,0.0,-0.082,0.287,0.217,-11.599,-1.916,-0.0,0.035,-1.951,-0.771,4.252,3.49,4.139,3.755
72.4219,-5.315,0.4,8.344,0.88,-2.78,0.25,-0.543,1.952,-9.692,6.91,4.95,3.29,30.87,4.385,1.907,-3.276,11.468,-0.911,-34.113,7.876,3.389,0.203,0.0,0.073,0.13,0.201,-11.588,-1.917,-0.0,0.008,-1.924,-0.768,4.248,3.496,4.139,3.755
72.4219,-5.315,0.4,8.344,0.88,-2.78,0.25,-0.543,1.952,-9.692,6.91,4.95,3.29,30.87,4.385,1.907,-3.276,11.468,-0.911,-34.113,7.876,3.276,0.199,-0.0,0.086,0.113,0.2,-11.468,-1.912,0.0,-0.121,-1.792,-0.752,4.26,3.491,4.139,3.755
72.4770,-5.497,0.776,8.847,2.2,-6.08,2.87,-0.36,1.885,-9.74,4.72,7.19,3.69,30.715,4.503,1.99,-3.039,11.2,-1.017,-33.737,7.592,3.039,0.191,-0.0,0.125,0.066,0.195,-11.2,-1.902,0.0,-0.082,-1.82,-0.756,4.306,3.456,4.139,3.755
72.4770,-5.497,0.776,8.847,2.2,-6.08,2.87,-0.36,1.885,-9.74,4.72,7.19,3.69,30.715,4.503,1.99,-3.039,11.2,-1.017,-33.737,7.592,3.039,0.191,-0.0,0.125,0.066,0.195,-11.2,-1.902,0.0,-0.082,-1.82,-0.756,4.306,3.456,4.139,3.755
72.5367,-4.764,0.804,8.643,-0.6,-7.28,0.61,-0.645,1.891,-9.468,-0.6,11.87,1.64,30.396,4.606,2.076,-2.655,11.185,-0.949,-33.041,7.478,2.655,0.178,-0.0,0.207,-0.029,0.186,-11.185,-1.903,-0.0,0.01,-1.913,-0.768,4.391,3.442,4.139,3.755
72.5367,-4.764,0.804,8.643,-0.6,-7.28,0.61,-0.645,1.891,-9.468,-0.6,11.87,1.64,30.396,4.606,2.076,-2.655,11.185,-0.949,-33.041,7.478,2.655,0.178,-0.0,0.207,-0.029,0.186,-11.185,-1.903,-0.0,0.01,-1.913,-0.768,4.391,3.442,4.139,3.755
72.5670,-4.757,0.735,8.674,-0.54,-5.47,-0.86,-0.415,1.794,-9.495,-3.22,2.17,1.51,30.219,4.58,2.055,-2.568,11.231,-0.943,-32.779,7.541,2.568,0.175,-0.0,0.038,0.137,0.202,-11.231,-1.906,-0.0,0.056,-1.962,-0.775,4.423,3.45,4.139,3.755
72.6244,-3.965,0.651,7.951,0.05,-0.69,-2.79,-0.482,1.876,-9.396,2.19,1.05,4.21,29.953,4.516,1.944,-2.405,11.194,-1.023,-32.35,7.566,2.405,0.169,-0.0,0.018,0.151,0.204,-11.194,-1.906,0.0,-0.038,-1.868,-0.764,4.475,3.453,4.139,3.755
72.6244,-3.965,0.651,7.951,0.05,-0.69,-2.79,-0.482,1.876,-9.396,2.19,1.05,4.21,29.953,4.516,1.944,-2.405,11.194,-1.023,-32.35,7.566,2.405,0.169,-0.0,0.018,0.151,0.204,-11.194,-1.906,0.0,-0.038,-1.868,-0.764,4.475,3.453,4.139,3.755
72.6831,-5.021,0.74,8.787,0.11,4.19,-4.52,-0.098,1.804,-9.351,-1.97,-2.95,3.31,29.889,4.484,1.792,-2.499,11.207,-1.172,-32.379,7.609,2.499,0.172,0.0,-0.051,0.224,0.211,-11.207,-1.908,0.0,0.034,-1.942,-0.774,4.472,3.458,4.139,3.755
72.6831,-5.021,0.74,8.787,0.11,4.19,-4.52,-0.098,1.804,-9.351,-1.97,-2.95,3.31,29.889,4.484,1.792,-2.499,11.207,-1.172,-32.379,7.609,2.499,0.172,0.0,-0.051,0.224,0.211,-11.207,-1.908,0.0,0.034,-1.942,-0.774,4.472,3.458,4.139,3.755
72.7381,-4.367,0.658,8.119,-0.75,6.19,-5.54,-0.389,1.973,-9.351,1.41,-4.91,4.74,30.012,4.373,1.584,-2.638,11.216,-1.28,-32.631,7.686,2.638,0.177,0.0,-0.086,0.263,0.215,-11.216,-1.91,-0.0,-0.025,-1.885,-0.768,4.441,3.467,4.139,3.755
72.7381,-4.367,0.658,8.119,-0.75,6.19,-5.54,-0.389,1.973,-9.351,1.41,-4.91,4.74,30.012,4.373,1.584,-2.638,11.216,-1.28,-32.631,7.686,2.638,0.177,0.0,-0.086,0.263,0.215,-11.216,-1.91,-0.0,-0.025,-1.885,-0.768,4.441,3.467,4.139,3.755
72.7685,-4.769,0.565,8.423,-0.59,6.55,-3.9,-0.403,1.717,-9.282,2.4,-8.74,4.5,30.137,4.273,1.475,-2.752,11.165,-1.384,-32.868,7.747,2.752,0.181,0.0,-0.153,0.334,0.222,-11.165,-1.908,-0.0,-0.042,-1.867,-0.766,4.412,3.475,4.139,3.755
72.8263,-4.927,0.505,8.361,-0.59,6.78,-0.22,-0.324,1.869,-9.527,0.69,-2.51,-2.08,30.397,4.218,1.429,-2.883,11.092,-1.355,-33.25,7.693,2.839,0.184,0.0,-0.124,0.309,0.22,-11.115,-1.907,-0.0,-0.011,-1.896,-0.77,4.389,3.47,4.139,3.755
72.8263,-4.927,0.505,8.361,-0.59,6.78,-0.22,-0.324,1.869,-9.527,0.69,-2.51,-2.08,30.397,4.218,1.429,-2.883,11.092,-1.355,-33.25,7.693,2.883,0.186,0.0,-0.044,0.23,0.212,-11.092,-1.907,-0.0,-0.012,-1.895,-0.77,4.365,3.468,4.139,3.755
72.8831,-5.624,0.924,8.626,-3.05,5.79,-0.37,-0.383,1.782,-10.098,-4.39,-8.64,-3.14,30.774,4.259,1.489,-3.177,11.125,-1.261,-33.915,7.648,3.177,0.196,0.0,-0.151,0.347,0.224,-11.125,-1.91,-0.0,0.077,-1.986,-0.782,4.284,3.463,4.139,3.755
72.8831,-5.624,0.924,8.626,-3.05,5.79,-0.37,-0.383,1.782,-10.098,-4.39,-8.64,-3.14,30.774,4.259,1.489,-3.177,11.125,-1.261,-33.915,7.648,3.177,0.196,0.0,-0.151,0.347,0.224,-11.125,-1.91,-0.0,0.077,-1.986,-0.782,4.284,3.463,4.139,3.755
72.9449,-6.096,0.172,8.61,-1.72,-6.07,2.78,-0.958,2.008,-9.799,1.97,12.1,-2.38,31.015,4.08,1.512,-2.948,11.099,-1.053,-33.914,7.734,2.948,0.188,-0.0,0.211,-0.023,0.187,-11.099,-1.91,-0.0,-0.034,-1.876,-0.769,4.284,3.473,4.139,3.755
72.9449,-6.096,0.172,8.61,-1.72,-6.07,2.78,-0.958,2.008,-9.799,1.97,12.1,-2.38,31.015,4.08,1.512,-2.948,11.099,-1.053,-33.914,7.734,2.948,0.188,-0.0,0.211,-0.023,0.187,-11.099,-1.91,-0.0,-0.034,-1.876,-0.769,4.284,3.473,4.139,3.755
72.9746,-5.418,0.436,8.377,0.68,-9.35,3.71,-1.071,2.197,-9.606,-0.1,4.59,-0.69,30.943,4.045,1.543,-2.958,11.141,-0.995,-33.85,7.8,2.958,0.188,-0.0,0.08,0.108,0.2,-11.141,-1.913,0.0,0.002,-1.915,-0.774,4.292,3.481,4.139,3.755
73.0361,-4.86,0.685,8.66,-1.15,-6.64,0.7,-0.293,1.915,-9.57,-1.13,7.81,-0.43,30.577,4.129,1.643,-2.745,11.226,-0.894,-33.277,7.789,2.745,0.181,-0.0,0.136,0.045,0.194,-11.226,-1.918,-0.0,0.02,-1.938,-0.778,4.362,3.48,4.139,3.755
73.0361,-4.86,0.685,8.66,-1.15,-6.64,0.7,-0.293,1.915,-9.57,-1.13,7.81,-0.43,30.577,4.129,1.643,-2.745,11.226,-0.894,-33.277,7.789,2.745,0.181,-0.0,0.136,0.045,0.194,-11.226,-1.918,-0.0,0.02,-1.938,-0.778,4.362,3.48,4.139,3.755
73.0923,-4.587,0.558,8.356,-2.95,-1.64,-5.2,-0.263,1.951,-9.295,-5.39,-1.84,3.59,30.324,3.964,1.508,-2.711,11.42,-0.978,-32.988,8.148,2.711,0.18,-0.0,-0.032,0.212,0.21,-11.42,-1.928,-0.0,0.094,-2.022,-0.789,4.397,3.524,4.139,3.755
73.0923,-4.587,0.558,8.356,-2.95,-1.64,-5.2,-0.263,1.951,-9.295,-5.39,-1.84,3.59,30.324,3.964,1.508,-2.711,11.42,-0.978,-32.988,8.148,2.711,0.18,-0.0,-0.032,0.212,0.21,-11.42,-1.928,-0.0,0.094,-2.022,-0.789,4.397,3.524,4.139,3.755
73.1442,-4.695,0.599,8.605,-1.97,3.46,-8.91,-0.284,1.787,-9.335,-2.13,-10.72,7.76,30.255,3.695,1.143,-2.796,11.562,-1.24,-32.997,8.544,2.796,0.183,0.0,-0.187,0.37,0.226,-11.562,-1.936,-0.0,0.037,-1.973,-0.784,4.396,3.572,4.139,3.755
73.1442,-4.695,0.599,8.605,-1.97,3.46,-8.91,-0.284,1.787,-9.335,-2.13,-10.72,7.76,30.255,3.695,1.143,-2.796,11.562,-1.24,-32.997,8.544,2.796,0.183,0.0,-0.187,0.37,0.226,-11.562,-1.936,-0.0,0.037,-1.973,-0.784,4.396,3.572,4.139,3.755
73.2033,-4.839,0.433,8.511,-1.11,5.49,-2.95,-0.334,1.897,-9.313,0.92,-7.98,1.52,30.392,3.428,0.838,-2.922,11.557,-1.431,-33.25,8.785,2.922,0.187,0.0,-0.139,0.327,0.222,-11.557,-1.937,-0.0,-0.016,-1.921,-0.778,4.365,3.602,4.139,3.755
73.2033,-4.839,0.433,8.511,-1.11,5.49,-2.95,-0.334,1.897,-9.313,0.92,-7.98,1.52,30.392,3.428,0.838,-2.922,11.557,-1.431,-33.25,8.785,2.922,0.187,0.0,-0.139,0.327,0.222,-11.557,-1.937,-0.0,-0.016,-1.921,-0.778,4.365,3.602,4.139,3.755
73.2333,-4.769,0.366,8.21,-1.39,5.75,1.34,-0.202,1.766,-9.292,0.84,-4.28,-2.71,30.471,3.387,0.845,-2.994,11.505,-1.402,-33.399,8.768,2.994,0.19,0.0,-0.075,0.265,0.216,-11.505,-1.936,-0.0,-0.015,-1.921,-0.779,4.347,3.6,4.139,3.755
73.2894,-5.09,0.498,8.329,-1.65,7.01,2.9,-0.498,1.942,-9.282,0.22,-5.86,-4.33,30.734,3.409,1.004,-3.19,11.484,-1.183,-33.851,8.679,3.19,0.197,0.0,-0.102,0.299,0.22,-11.484,-1.937,-0.0,-0.004,-1.933,-0.781,4.292,3.589,4.139,3.755
73.2894,-5.09,0.498,8.329,-1.65,7.01,2.9,-0.498,1.942,-9.282,0.22,-5.86,-4.33,30.734,3.409,1.004,-3.19,11.484,-1.183,-33.851,8.679,3.19,0.197,0.0,-0.102,0.299,0.22,-11.484,-1.937,-0.0,-0.004,-1.933,-0.781,4.292,3.589,4.139,3.755
73.3508,-5.023,0.33,8.418,-1.44,9.54,-0.55,-0.638,2.048,-9.317,0.47,-6.86,-2.09,31.051,3.335,1.028,-3.447,11.492,-1.065,-34.416,8.712,3.447,0.206,0.0,-0.12,0.326,0.222,-11.492,-1.939,-0.0,-0.008,-1.93,-0.781,4.223,3.593,4.139,3.755
73.3508,-5.023,0.33,8.418,-1.44,9.54,-0.55,-0.638,2.048,-9.317,0.47,-6.86,-2.09,31.051,3.335,1.028,-3.447,11.492,-1.065,-34.416,8.712,3.447,0.206,0.0,-0.12,0.326,0.222,-11.492,-1.939,-0.0,-0.008,-1.93,-0.781,4.223,3.593,4.139,3.755
73.4093,-4.539,0.136,8.255,1.55,18.16,0.08,-0.558,1.739,-9.124,3.79,-8.35,-4.23,31.459,3.229,0.98,-3.838,11.394,-1.007,-35.205,8.663,3.838,0.219,0.0,-0.146,0.365,0.226,-11.394,-1.936,0.0,-0.066,-1.87,-0.775,4.179,3.596,4.139,3.755
73.4093,-4.539,0.136,8.255,1.55,18.16,0.08,-0.558,1.739,-9.124,3.79,-8.35,-4.23,31.459,3.229,0.98,-3.838,11.394,-1.007,-35.205,8.663,3.838,0.219,0.0,-0.146,0.365,0.226,-11.394,-1.936,0.0,-0.066,-1.87,-0.775,4.127,3.587,4.139,3.755
73.4389,-4.456,0.227,8.238,3.68,27.53,1.24,-0.818,2.004,-8.977,8.05,-10.72,-6.32,31.826,3.246,0.995,-4.098,11.273,-0.924,-35.823,8.468,4.098,0.228,0.0,-0.187,0.416,0.232,-11.273,-1.931,0.0,-0.14,-1.791,-0.766,4.051,3.563,4.139,3.755
73.4963,-4.963,0.273,7.949,6.47,36.8,8.29,-0.353,1.664,-9.328,7.94,-3.32,-16.99,33.047,3.556,1.295,-4.605,10.925,-0.547,-37.533,7.657,4.605,0.246,0.0,-0.058,0.304,0.221,-10.925,-1.918,0.0,-0.139,-1.779,-0.765,3.842,3.464,4.139,3.755
73.4963,-4.963,0.273,7.949,6.47,36.8,8.29,-0.353,1.664,-9.328,7.94,-3.32,-16.99,33.047,3.556,1.295,-4.605,10.925,-0.547,-37.533,7.657,4.605,0.246,0.0,-0.058,0.304,0.221,-10.925,-1.918,0.0,-0.139,-1.779,-0.765,3.842,3.464,4.139,3.755
73.5570,-5.148,0.622,7.685,8.43,46.72,8.25,-0.876,1.571,-9.103,3.9,-3.21,-22.37,34.628,4.209,1.862,-4.816,10.668,0.202,-39.288,6.396,4.816,0.254,0.0,-0.056,0.31,0.221,-10.668,-1.908,0.0,-0.068,-1.84,-0.773,3.628,3.31,4.139,3.755
73.5570,-5.148,0.622,7.685,8.43,46.72,8.25,-0.876,1.571,-9.103,3.9,-3.21,-22.37,34.628,4.209,1.862,-4.816,10.668,0.202,-39.288,6.396,4.816,0.254,0.0,-0.056,0.31,0.221,-10.668,-1.908,0.0,-0.068,-1.84,-0.773,3.628,3.31,4.139,3.755
73.5864,-5.346,0.898,7.049,9.38,50.82,5.58,-0.51,1.635,-9.135,5.29,-2.44,-21.77,35.661,4.611,2.155,-4.934,10.521,0.569,-40.41,5.624,4.934,0.258,0.0,-0.043,0.3,0.22,-10.521,-1.902,0.0,-0.092,-1.81,-0.77,3.491,3.216,4.139,3.755
73.6109,-5.574,0.962,7.286,9.04,56.56,0.93,-1.044,1.719,-9.243,5.04,-0.96,-18.96,36.792,4.972,2.372,-5.016,10.376,0.887,-41.587,4.858,5.016,0.261,0.0,-0.017,0.277,0.218,-10.376,-1.897,0.0,-0.088,-1.809,-0.77,3.347,3.122,4.139,3.755
73.6663,-5.986,0.912,6.196,7.33,68.9,-9.83,-1.428,1.702,-9.167,-2.74,-4.02,-19.56,39.649,5.446,2.459,-5.397,10.326,1.392,-44.712,3.545,5.397,0.274,0.0,-0.07,0.344,0.225,-10.326,-1.896,0.0,0.048,-1.944,-0.787,2.965,2.962,4.139,3.755
73.6663,-5.986,0.912,6.196,7.33,68.9,-9.83,-1.428,1.702,-9.167,-2.74,-4.02,-19.56,39.649,5.446,2.459,-5.397,10.326,1.392,-44.712,3.545,5.397,0.274,0.0,-0.07,0.344,0.225,-10.326,-1.896,0.0,0.048,-1.944,-0.787,2.965,2.962,4.139,3.755
73.6955,-6.675,0.745,6.299,5.78,74.22,-12.83,-1.993,1.462,-9.268,-3.11,-13.3,-20.78,41.342,5.529,2.351,-5.854,10.325,1.587,-46.784,2.897,5.854,0.29,0.0,-0.232,0.522,0.243,-10.325,-1.897,0.0,0.054,-1.951,-0.788,2.712,2.882,4.139,3.755
73.7541,-8.531,0.706,5.895,3.99,69.72,-5.11,-1.164,1.354,-9.938,0.19,-23.55,-26.1,45.025,5.731,2.314,-7.343,10.205,1.932,-51.776,1.241,7.343,0.342,0.0,-0.411,0.753,0.266,-10.205,-1.893,0.0,-0.003,-1.889,-0.781,2.102,2.68,4.139,3.755
73.7541,-8.531,0.706,5.895,3.99,69.72,-5.11,-1.164,1.354,-9.938,0.19,-23.55,-26.1,45.025,5.731,2.314,-7.343,10.205,1.932,-51.776,1.241,7.343,0.342,0.0,-0.411,0.753,0.266,-10.205,-1.893,0.0,-0.003,-1.889,-0.781,2.102,2.68,4.139,3.755
73.8122,-10.127,1.027,5.574,2.04,43.46,5.28,-1.951,1.993,-10.582,-5.64,-15.9,-35.92,48.177,6.326,2.858,-8.319,10.021,2.545,-55.696,-1.001,8.319,0.376,0.0,-0.278,0.654,0.257,-10.021,-1.886,0.0,0.098,-1.985,-0.794,1.623,2.406,4.139,3.755
73.8122,-10.127,1.027,5.574,2.04,43.46,5.28,-1.951,1.993,-10.582,-5.64,-15.9,-35.92,48.177,6.326,2.858,-8.319,10.021,2.545,-55.696,-1.001,8.319,0.376,0.0,-0.278,0.654,0.257,-10.021,-1.886,0.0,0.098,-1.985,-0.794,1.623,2.406,4.139,3.755
73.8423,-9.919,0.871,5.655,0.56,24.27,9.88,-1.641,1.597,-10.712,-14.64,-1.52,-39.21,49.186,6.679,3.274,-8.519,10.176,2.935,-56.81,-1.806,8.519,0.383,0.0,-0.027,0.41,0.232,-10.176,-1.894,0.0,0.256,-2.149,-0.814,1.487,2.308,4.139,3.755
73.9017,-8.746,0.788,5.507,0.64,4.46,10.13,-2.197,1.235,-9.868,10.37,21.99,-4.78,50.22,7.334,4.071,-7.96,10.132,2.851,-57.34,-1.978,7.96,0.364,0.0,0.384,-0.02,0.189,-10.132,-1.893,0.0,-0.181,-1.712,-0.762,1.422,2.287,4.139,3.755
73.9017,-8.746,0.788,5.507,0.64,4.46,10.13,-2.197,1.235,-9.868,10.37,21.99,-4.78,50.22,7.334,4.071,-7.96,10.132,2.851,-57.34,-1.978,7.96,0.364,0.0,0.384,-0.02,0.189,-10.132,-1.893,0.0,-0.181,-1.712,-0.762,1.422,2.287,4.139,3.755
73.9610,-8.341,1.135,5.358,0.03,3.31,2.58,-1.701,2.0,-9.601,5.61,-1.06,0.51,50.815,7.891,4.64,-7.925,9.7,2.058,-58.067,-1.672,7.925,0.362,0.0,-0.019,0.381,0.23,-9.7,-1.876,0.0,-0.098,-1.778,-0.771,1.381,2.292,4.139,3.755
73.9610,-8.341,1.135,5.358,0.03,3.31,2.58,-1.701,2.0,-9.601,5.61,-1.06,0.51,50.815,7.891,4.64,-7.925,9.7,2.058,-58.067,-1.672,7.925,0.362,0.0,-0.019,0.381,0.23,-9.7,-1.876,0.0,-0.098,-1.778,-0.771,1.333,2.324,4.139,3.755
74.0166,-8.009,0.864,5.492,-1.44,-1.65,-1.31,-1.452,1.234,-9.681,-1.26,6.11,0.73,51.181,7.922,4.691,-7.717,9.832,1.568,-58.317,-0.841,7.717,0.355,-0.0,0.107,0.249,0.216,-9.832,-1.883,-0.0,0.022,-1.905,-0.787,1.303,2.426,4.139,3.755
74.0166,-8.009,0.864,5.492,-1.44,-1.65,-1.31,-1.452,1.234,-9.681,-1.26,6.11,0.73,51.181,7.922,4.691,-7.717,9.832,1.568,-58.317,-0.841,7.717,0.355,-0.0,0.107,0.249,0.216,-9.832,-1.883,-0.0,0.022,-1.905,-0.787,1.303,2.426,4.139,3.755
74.0484,-7.834,0.886,5.334,-1.38,-2.07,-2.27,-1.368,1.55,-9.401,7.41,5.06,11.44,51.289,7.874,4.645,-7.571,9.743,1.139,-58.354,-0.254,7.571,0.35,-0.0,0.088,0.262,0.218,-9.743,-1.88,-0.0,-0.129,-1.75,-0.769,1.298,2.497,4.139,3.755
74.1028,-7.649,0.876,5.387,-1.23,4.04,0.44,-1.711,1.332,-9.203,14.26,-2.49,8.18,51.554,7.895,4.69,-7.548,9.164,0.183,-58.744,0.584,7.548,0.349,0.0,-0.043,0.393,0.231,-9.164,-1.856,-0.0,-0.249,-1.607,-0.752,1.251,2.6,4.139,3.755
74.1028,-7.649,0.876,5.387,-1.23,4.04,0.44,-1.711,1.332,-9.203,14.26,-2.49,8.18,51.554,7.895,4.69,-7.548,9.164,0.183,-58.744,0.584,7.548,0.349,0.0,-0.043,0.393,0.231,-9.164,-1.856,-0.0,-0.249,-1.607,-0.752,1.251,2.6,4.139,3.755
74.1631,-8.574,0.804,5.313,-1.45,1.68,-1.94,-1.426,1.361,-9.687,-3.72,-4.12,-1.25,52.096,7.867,4.708,-7.753,9.178,-0.233,-59.53,1.19,7.753,0.357,0.0,-0.072,0.429,0.235,-9.178,-1.858,-0.0,0.065,-1.923,-0.791,1.155,2.674,4.139,3.755
74.1631,-8.574,0.804,5.313,-1.45,1.68,-1.94,-1.426,1.361,-9.687,-3.72,-4.12,-1.25,52.096,7.867,4.708,-7.753,9.178,-0.233,-59.53,1.19,7.753,0.357,0.0,-0.072,0.429,0.235,-9.178,-1.858,-0.0,0.065,-1.923,-0.791,1.155,2.674,4.139,3.755
74.2257,-8.413,0.919,5.464,-1.36,-9.23,-3.3,-1.475,1.384,-9.826,2.28,4.86,12.6,52.226,7.803,4.64,-7.676,9.204,-0.411,-59.601,1.517,7.676,0.354,-0.0,0.038,0.316,0.224,-9.204,-1.859,-0.0,0.041,-1.9,-0.788,1.146,2.714,4.139,3.755
74.2540,-8.176,0.792,5.495,-1.85,-12.55,-2.15,-1.334,1.269,-9.734,6.97,4.98,18.04,52.163,7.599,4.424,-7.391,9.039,-1.15,-59.336,2.645,7.391,0.344,-0.0,0.087,0.257,0.218,-9.039,-1.853,-0.0,-0.122,-1.732,-0.769,1.178,2.852,4.139,3.755
74.2768,-8.267,0.797,5.636,-1.36,-14.6,0.36,-1.421,1.19,-9.839,9.89,6.08,17.6,52.018,7.531,4.368,-7.231,8.819,-1.556,-59.077,3.142,7.231,0.339,-0.0,0.106,0.232,0.215,-8.819,-1.844,-0.0,-0.173,-1.672,-0.762,1.21,2.912,4.139,3.755
74.2768,-8.267,0.797,5.636,-1.36,-14.6,0.36,-1.421,1.19,-9.839,9.89,6.08,17.6,52.018,7.531,4.368,-7.231,8.819,-1.556,-59.077,3.142,7.231,0.339,-0.0,0.106,0.232,0.215,-8.819,-1.844,-0.0,-0.173,-1.672,-0.762,1.21,2.912,4.139,3.755
74.3057,-8.387,0.745,5.646,-1.12,-19.03,3.09,-1.283,1.456,-9.674,6.27,8.37,11.47,51.808,7.51,4.372,-7.07,8.682,-1.836,-58.742,3.518,7.07,0.333,-0.0,0.146,0.187,0.211,-8.682,-1.839,-0.0,-0.109,-1.73,-0.769,1.251,2.958,4.139,3.755
74.3647,-7.961,0.85,5.696,-2.12,-24.32,5.43,-1.348,1.113,-9.657,-5.55,18.05,-0.32,51.11,7.554,4.492,-6.536,8.744,-1.936,-57.558,3.91,6.536,0.314,-0.0,0.315,-0.001,0.192,-8.744,-1.843,-0.0,0.097,-1.94,-0.795,1.396,3.006,4.139,3.755
74.3647,-7.961,0.85,5.696,-2.12,-24.32,5.43,-1.348,1.113,-9.657,-5.55,18.05,-0.32,51.11,7.554,4.492,-6.536,8.744,-1.936,-57.558,3.91,6.536,0.314,-0.0,0.315,-0.001,0.192,-8.744,-1.843,-0.0,0.097,-1.94,-0.795,1.396,3.006,4.139,3.755
74.4034,-8.169,0.869,5.863,-3.04,-24.73,4.72,-1.49,1.47,-9.838,-5.42,15.36,0.23,50.721,7.583,4.582,-6.279,8.809,-1.871,-56.929,3.991,6.279,0.305,-0.0,0.268,0.037,0.196,-8.809,-1.846,-0.0,0.095,-1.941,-0.796,1.472,3.016,4.139,3.755
74.4515,-8.756,0.857,6.041,-2.79,-39.9,-0.19,-0.875,1.55,-10.337,-6.45,11.82,14.36,49.751,7.395,4.461,-5.738,9.103,-2.102,-55.458,4.834,5.738,0.287,-0.0,0.206,0.08,0.2,-9.103,-1.861,-0.0,0.113,-1.973,-0.8,1.652,3.119,4.139,3.755
74.4515,-8.756,0.857,6.041,-2.79,-39.9,-0.19,-0.875,1.55,-10.337,-6.45,11.82,14.36,49.751,7.395,4.461,-5.738,9.103,-2.102,-55.458,4.834,5.738,0.287,-0.0,0.206,0.08,0.2,-9.103,-1.861,-0.0,0.113,-1.973,-0.8,1.652,3.119,4.139,3.755
74.5126,-7.879,0.946,6.302,-5.15,-63.74,-2.42,-0.79,1.332,-9.91,2.48,25.73,35.34,47.832,6.922,3.992,-4.669,9.161,-3.012,-52.542,6.279,4.669,0.249,-0.0,0.449,-0.2,0.172,-9.161,-1.864,-0.0,-0.043,-1.821,-0.783,2.008,3.296,4.139,3.755
74.5126,-7.879,0.946,6.302,-5.15,-63.74,-2.42,-0.79,1.332,-9.91,2.48,25.73,35.34,47.832,6.922,3.992,-4.669,9.161,-3.012,-52.542,6.279,4.669,0.249,-0.0,0.449,-0.2,0.172,-9.161,-1.864,-0.0,-0.043,-1.821,-0.783,2.008,3.296,4.139,3.755
74.5738,-6.768,0.749,6.653,-7.42,-70.66,-5.27,-0.798,1.701,-9.379,-12.78,32.4,25.55,45.144,6.192,3.334,-3.377,9.406,-3.827,-48.596,7.696,3.377,0.204,-0.0,0.566,-0.361,0.156,-9.406,-1.876,-0.0,0.223,-2.099,-0.817,2.491,3.469,4.139,3.755
74.5738,-6.768,0.749,6.653,-7.42,-70.66,-5.27,-0.798,1.701,-9.379,-12.78,32.4,25.55,45.144,6.192,3.334,-3.377,9.406,-3.827,-48.596,7.696,3.377,0.204,-0.0,0.566,-0.361,0.156,-9.406,-1.876,-0.0,0.223,-2.099,-0.817,2.491,3.469,4.139,3.755
74.6263,-6.112,0.764,7.324,-8.15,-69.77,-10.29,-0.226,1.533,-9.519,-20.84,34.4,23.38,42.203,5.318,2.499,-1.882,10.265,-4.109,-44.147,9.011,1.882,0.152,-0.0,0.6,-0.448,0.147,-10.265,-1.915,-0.0,0.364,-2.279,-0.839,2.758,3.549,4.139,3.755
74.6263,-6.112,0.764,7.324,-8.15,-69.77,-10.29,-0.226,1.533,-9.519,-20.84,34.4,23.38,42.203,5.318,2.499,-1.882,10.265,-4.109,-44.147,9.011,1.882,0.152,-0.0,0.6,-0.448,0.147,-10.265,-1.915,-0.0,0.364,-2.279,-0.839,3.034,3.629,4.139,3.755
74.6819,-5.756,0.469,7.64,-8.83,-67.69,-11.41,-0.211,1.672,-9.555,-5.48,13.95,33.01,39.29,4.344,1.581,-0.8,10.587,-4.84,-40.123,10.194,1.225,0.129,-0.0,0.438,-0.308,0.161,-10.497,-1.926,-0.0,0.201,-2.127,-0.822,3.294,3.706,4.139,3.755
74.7125,-5.389,0.45,8.03,-6.92,-66.07,-10.46,-0.044,1.841,-9.491,-8.55,-0.06,29.69,37.809,3.898,1.153,-0.629,10.751,-5.234,-38.451,10.742,0.629,0.108,-0.0,-0.001,0.109,0.203,-10.751,-1.939,-0.0,0.149,-2.088,-0.818,3.73,3.841,4.139,3.755
74.7125,-5.389,0.45,8.03,-6.92,-66.07,-10.46,-0.044,1.841,-9.491,-8.55,-0.06,29.69,37.809,3.898,1.153,-0.629,10.751,-5.234,-38.451,10.742,0.629,0.108,-0.0,-0.001,0.109,0.203,-10.751,-1.939,-0.0,0.149,-2.088,-0.818,3.73,3.841,4.139,3.755
74.7714,-5.473,0.498,8.308,-8.79,-66.09,-4.89,0.316,1.937,-9.89,-9.77,1.06,18.05,34.934,3.31,0.632,-0.452,11.062,-5.66,-35.381,11.389,0.452,0.102,-0.0,0.018,0.084,0.2,-11.062,-1.954,-0.0,0.17,-2.124,-0.823,4.105,3.92,4.139,3.755
74.7714,-5.473,0.498,8.308,-8.79,-66.09,-4.89,0.316,1.937,-9.89,-9.77,1.06,18.05,34.934,3.31,0.632,-0.452,11.062,-5.66,-35.381,11.389,0.452,0.102,-0.0,0.018,0.084,0.2,-11.062,-1.954,-0.0,0.17,-2.124,-0.823,4.105,3.92,4.139,3.755
74.8326,-4.973,0.194,8.528,-12.44,-83.08,-8.46,0.315,1.988,-9.804,-11.11,15.59,26.75,31.796,2.544,0.101,0.183,11.559,-6.081,-31.574,12.36,-0.183,0.08,-0.0,0.272,-0.192,0.173,-11.559,-1.977,-0.0,0.194,-2.171,-0.829,4.57,4.039,4.139,3.755
74.8326,-4.973,0.194,8.528,-12.44,-83.08,-8.46,0.315,1.988,-9.804,-11.11,15.59,26.75,31.796,2.544,0.101,0.183,11.559,-6.081,-31.574,12.36,-0.183,0.08,-0.0,0.272,-0.192,0.173,-11.559,-1.977,-0.0,0.194,-2.171,-0.829,4.57,4.039,4.139,3.755
74.8613,-4.02,0.053,8.811,-12.84,-85.85,-11.17,0.341,2.233,-9.538,-11.38,20.56,27.71,29.889,2.061,-0.258,0.68,11.826,-6.322,-29.146,12.888,-0.68,0.063,-0.0,0.359,-0.296,0.162,-11.826,-1.989,-0.0,0.199,-2.188,-0.832,4.867,4.103,4.139,3.755
74.9211,-2.523,-0.345,9.306,-7.41,-78.91,-8.87,0.518,1.956,-9.254,-8.18,-3.46,24.27,25.882,1.137,-0.969,1.23,12.29,-6.859,-24.542,13.824,-1.23,0.043,-0.0,-0.06,0.104,0.202,-12.29,-2.011,-0.0,0.143,-2.154,-0.829,5.429,4.217,4.139,3.755
74.9211,-2.523,-0.345,9.306,-7.41,-78.91,-8.87,0.518,1.956,-9.254,-8.18,-3.46,24.27,25.882,1.137,-0.969,1.23,12.29,-6.859,-24.542,13.824,-1.23,0.043,-0.0,-0.06,0.104,0.202,-12.29,-2.011,-0.0,0.143,-2.154,-0.829,5.429,4.217,4.139,3.755
74.9727,-1.52,-0.567,9.618,-0.15,-62.83,-2.36,0.945,2.212,-9.155,5.6,-19.14,18.41,22.097,0.605,-1.359,1.01,12.282,-7.343,-20.953,14.0,-1.01,0.051,-0.0,-0.334,0.385,0.23,-12.282,-2.013,-0.0,-0.098,-1.915,-0.801,5.868,4.239,4.139,3.755
74.9727,-1.52,-0.567,9.618,-0.15,-62.83,-2.36,0.945,2.212,-9.155,5.6,-19.14,18.41,22.097,0.605,-1.359,1.01,12.282,-7.343,-20.953,14.0,-1.01,0.051,-0.0,-0.334,0.385,0.23,-12.282,-2.013,-0.0,-0.098,-1.915,-0.801,5.868,4.239,4.139,3.755
75.0352,-1.413,-0.232,9.855,6.51,-51.16,5.27,1.389,2.339,-9.358,-0.08,14.17,5.23,20.455,0.525,-1.393,1.074,12.247,-7.393,-19.254,13.867,-1.074,0.049,-0.0,-0.111,0.159,0.208,-12.247,-2.012,0.0,-0.072,-1.94,-0.804,6.075,4.223,4.139,3.755
75.0629,-1.171,-0.029,9.814,7.79,-47.51,5.5,0.977,2.223,-9.279,0.48,29.62,5.08,17.534,0.715,-1.246,2.221,12.357,-6.99,-15.243,13.368,-2.221,0.009,-0.0,0.517,-0.508,0.141,-12.357,-2.019,0.0,-0.008,-2.01,-0.813,0.282,4.162,4.139,3.755
75.0629,-1.171,-0.029,9.814,7.79,-47.51,5.5,0.977,2.223,-9.279,0.48,29.62,5.08,17.534,0.715,-1.246,2.221,12.357,-6.99,-15.243,13.368,-2.221,0.009,-0.0,0.517,-0.508,0.141,-12.357,-2.019,0.0,-0.008,-2.01,-0.813,0.282,4.162,4.139,3.755
75.1171,-1.063,0.244,10.094,4.09,-39.9,2.22,0.972,2.222,-9.161,-3.28,7.04,6.29,14.995,1.027,-1.114,3.129,12.515,-6.623,-11.855,12.885,-3.129,-0.023,-0.0,0.123,-0.146,0.177,-12.515,-2.027,0.0,0.057,-2.084,-0.823,0.696,4.103,4.139,3.755
75.1171,-1.063,0.244,10.094,4.09,-39.9,2.22,0.972,2.222,-9.161,-3.28,7.04,6.29,14.995,1.027,-1.114,3.129,12.515,-6.623,-11.855,12.885,-3.129,-0.023,-0.0,0.123,-0.146,0.177,-12.515,-2.027,0.0,0.057,-2.084,-0.823,0.696,4.103,4.139,3.755
75.1784,-0.328,0.39,9.917,0.27,-32.7,-2.05,1.458,1.964,-9.383,-1.81,-7.38,9.27,12.69,1.187,-1.141,3.195,12.626,-6.597,-9.517,12.602,-3.195,-0.025,-0.0,-0.129,0.103,0.202,-12.626,-2.034,0.0,0.032,-2.066,-0.822,0.982,4.068,4.139,3.755
75.1784,-0.328,0.39,9.917,0.27,-32.7,-2.05,1.458,1.964,-9.383,-1.81,-7.38,9.27,12.69,1.187,-1.141,3.195,12.626,-6.597,-9.517,12.602,-3.195,-0.025,-0.0,-0.129,0.103,0.202,-12.626,-2.034,0.0,0.032,-2.066,-0.822,0.982,4.068,4.139,3.755
75.2381,0.472,0.139,10.19,-2.96,-20.41,0.36,1.374,2.195,-9.226,-4.58,4.43,3.05,10.678,1.106,-1.208,3.735,12.788,-6.382,-6.975,12.603,-3.735,-0.044,-0.0,0.077,-0.121,0.179,-12.788,-2.043,-0.0,0.08,-2.123,-0.829,1.292,4.068,4.139,3.755
75.2381,0.472,0.139,10.19,-2.96,-20.41,0.36,1.374,2.195,-9.226,-4.58,4.43,3.05,10.678,1.106,-1.208,3.735,12.788,-6.382,-6.975,12.603,-3.735,-0.044,-0.0,0.077,-0.121,0.179,-12.788,-2.043,-0.0,0.08,-2.123,-0.829,1.292,4.068,4.139,3.755
75.2925,0.974,-0.086,10.254,-1.68,-0.9,3.19,1.317,2.24,-9.26,5.43,-48.26,-2.01,9.18,0.91,-1.134,2.957,12.838,-6.191,-6.246,12.696,-2.957,-0.017,-0.0,-0.842,0.825,0.274,-12.838,-2.047,-0.0,-0.095,-1.952,-0.81,1.381,4.08,4.139,3.755
75.2925,0.974,-0.086,10.254,-1.68,-0.9,3.19,1.317,2.24,-9.26,5.43,-48.26,-2.01,9.18,0.91,-1.134,2.957,12.838,-6.191,-6.246,12.696,-2.957,-0.017,-0.0,-0.842,0.825,0.274,-12.838,-2.047,-0.0,-0.095,-1.952,-0.81,1.381,4.08,4.139,3.755
75.3250,0.388,0.041,10.096,0.21,9.78,2.74,1.5,2.197,-9.321,6.58,-44.74,-3.33,8.843,0.884,-1.076,2.18,12.714,-6.153,-6.684,12.573,-2.18,0.01,0.0,-0.781,0.791,0.271,-12.714,-2.042,0.0,-0.115,-1.927,-0.807,1.328,4.065,4.139,3.755
75.3874,-0.917,0.077,10.001,3.31,15.32,1.5,0.32,2.023,-9.487,-2.6,6.23,-4.78,8.936,0.918,-1.02,2.22,12.782,-5.642,-6.738,12.542,-2.22,0.009,0.0,0.109,-0.1,0.182,-12.782,-2.047,0.0,0.045,-2.092,-0.828,1.321,4.061,4.139,3.755
75.3874,-0.917,0.077,10.001,3.31,15.32,1.5,0.32,2.023,-9.487,-2.6,6.23,-4.78,8.936,0.918,-1.02,2.22,12.782,-5.642,-6.738,12.542,-2.22,0.009,0.0,0.109,-0.1,0.182,-12.782,-2.047,0.0,0.045,-2.092,-0.828,1.321,4.061,4.139,3.755
75.4431,-1.719,0.292,9.809,4.01,6.91,0.41,0.304,2.205,-9.703,7.45,-8.76,-0.34,9.287,1.113,-0.945,1.747,12.576,-5.233,-7.571,12.115,-1.747,0.025,0.0,-0.153,0.178,0.21,-12.576,-2.04,0.0,-0.13,-1.91,-0.807,1.219,4.009,4.139,3.755
75.4431,-1.719,0.292,9.809,4.01,6.91,0.41,0.304,2.205,-9.703,7.45,-8.76,-0.34,9.287,1.113,-0.945,1.747,12.576,-5.233,-7.571,12.115,-1.747,0.025,0.0,-0.153,0.178,0.21,-12.576,-2.04,0.0,-0.13,-1.91,-0.807,1.219,4.009,4.139,3.755
75.4941,-1.25,0.302,9.981,3.81,-8.91,-0.99,0.387,2.043,-9.68,-4.52,11.3,2.18,9.131,1.299,-0.975,1.937,12.626,-4.941,-7.237,11.915,-1.937,0.019,-0.0,0.197,-0.179,0.174,-12.626,-2.044,0.0,0.079,-2.122,-0.833,1.26,3.984,4.139,3.755
75.4941,-1.25,0.302,9.981,3.81,-8.91,-0.99,0.387,2.043,-9.68,-4.52,11.3,2.18,9.131,1.299,-0.975,1.937,12.626,-4.941,-7.237,11.915,-1.937,0.019,-0.0,0.197,-0.179,0.174,-12.626,-2.044,0.0,0.079,-2.122,-0.833,1.26,3.984,4.139,3.755
75.5310,-0.441,0.256,10.048,3.89,-9.48,-0.58,0.53,1.958,-9.56,1.08,4.88,3.38,8.712,1.38,-0.991,2.081,12.603,-4.827,-6.68,11.763,-2.081,0.014,-0.0,0.085,-0.072,0.185,-12.603,-2.044,0.0,-0.019,-2.025,-0.822,1.328,3.966,4.139,3.755
75.5812,0.237,0.16,10.166,3.73,4.72,1.25,0.769,2.187,-9.202,1.87,-11.09,-1.47,7.976,1.511,-0.976,1.987,12.492,-4.597,-6.047,11.443,-1.987,0.017,0.0,-0.194,0.21,0.213,-12.492,-2.04,0.0,-0.033,-2.008,-0.821,1.406,3.926,4.139,3.755
75.5812,0.237,0.16,10.166,3.73,4.72,1.25,0.769,2.187,-9.202,1.87,-11.09,-1.47,7.976,1.511,-0.976,1.987,12.492,-4.597,-6.047,11.443,-1.987,0.017,0.0,-0.194,0.21,0.213,-12.492,-2.04,0.0,-0.033,-2.008,-0.821,1.406,3.926,4.139,3.755
75.6401,0.419,0.199,10.056,5.03,30.17,2.45,0.57,1.859,-9.172,2.78,-22.02,-9.79,7.915,1.699,-0.866,1.398,12.417,-4.244,-6.579,11.142,-1.398,0.037,0.0,-0.384,0.422,0.234,-12.417,-2.039,0.0,-0.048,-1.99,-0.819,1.341,3.89,4.139,3.755
75.6401,0.419,0.199,10.056,5.03,30.17,2.45,0.57,1.859,-9.172,2.78,-22.02,-9.79,7.915,1.699,-0.866,1.398,12.417,-4.244,-6.579,11.142,-1.398,0.037,0.0,-0.384,0.422,0.234,-12.417,-2.039,0.0,-0.048,-1.99,-0.819,1.341,3.89,4.139,3.755
75.7037,-0.062,0.103,9.898,10.98,52.96,10.77,0.352,1.982,-9.125,10.93,-31.88,-19.82,9.029,1.931,-0.545,0.124,12.048,-3.657,-8.961,10.555,-0.124,0.082,0.0,-0.556,0.638,0.256,-12.048,-2.024,0.0,-0.191,-1.834,-0.801,1.05,3.818,4.139,3.755
75.7037,-0.062,0.103,9.898,10.98,52.96,10.77,0.352,1.982,-9.125,10.93,-31.88,-19.82,9.029,1.931,-0.545,0.124,12.048,-3.657,-8.961,10.555,-0.124,0.082,0.0,-0.556,0.638,0.256,-12.048,-2.024,0.0,-0.191,-1.834,-0.801,1.05,3.818,4.139,3.755
75.7342,-0.534,0.747,9.833,13.72,62.37,14.15,0.468,1.86,-9.396,3.51,-24.01,-27.43,9.947,2.294,-0.221,-0.405,11.907,-3.148,-10.414,10.057,0.405,0.1,0.0,-0.419,0.519,0.244,-11.907,-2.019,0.0,-0.061,-1.958,-0.816,0.872,3.757,4.139,3.755
75.7848,-0.532,0.986,9.914,6.02,88.53,4.67,-0.323,1.962,-9.025,-3.93,-13.94,-29.99,12.278,3.123,0.401,-1.078,11.928,-1.901,-13.409,9.191,1.078,0.124,0.0,-0.243,0.367,0.229,-11.928,-2.022,0.0,0.069,-2.09,-0.833,0.506,3.651,4.139,3.755
75.7848,-0.532,0.986,9.914,6.02,88.53,4.67,-0.323,1.962,-9.025,-3.93,-13.94,-29.99,12.278,3.123,0.401,-1.078,11.928,-1.901,-13.409,9.191,1.078,0.124,0.0,-0.243,0.367,0.229,-11.928,-2.022,0.0,0.069,-2.09,-0.833,0.506,3.651,4.139,3.755
75.8464,-2.794,0.323,8.543,1.65,119.56,-14.75,-1.337,2.125,-8.882,12.03,-59.41,-12.22,16.575,3.236,0.305,-3.509,11.767,-1.443,-20.075,8.819,3.509,0.209,0.0,-1.037,1.246,0.318,-11.767,-2.016,0.0,-0.21,-1.806,-0.8,0.154,3.629,4.139,3.755
75.8464,-2.794,0.323,8.543,1.65,119.56,-14.75,-1.337,2.125,-8.882,12.03,-59.41,-12.22,16.575,3.236,0.305,-3.509,11.767,-1.443,-20.075,8.819,3.509,0.209,0.0,-1.037,1.246,0.318,-11.767,-2.016,0.0,-0.21,-1.806,-0.8,5.975,3.606,4.139,3.755
75.9082,-4.369,0.113,7.834,7.39,122.86,-13.68,-0.947,2.017,-9.005,3.17,-19.76,-20.34,21.972,3.124,-0.058,-5.283,11.577,-1.016,-27.162,8.428,4.663,0.249,0.0,-0.759,1.007,0.294,-11.625,-2.011,0.0,-0.1,-1.911,-0.813,5.517,3.587,4.139,3.755
75.9384,-4.812,0.213,7.211,9.05,119.71,-10.36,-1.571,1.65,-8.928,5.29,-4.91,-20.36,24.773,3.182,-0.198,-5.649,11.428,-0.687,-30.282,7.937,5.649,0.283,0.0,-0.086,0.369,0.23,-11.428,-2.004,0.0,-0.092,-1.912,-0.814,4.728,3.498,4.139,3.755
75.9623,-5.272,0.697,6.967,8.94,117.59,-4.87,-1.887,1.292,-8.922,0.47,-5.73,-31.16,27.546,3.446,-0.152,-6.093,11.221,-0.206,-33.438,7.073,6.093,0.299,0.0,-0.1,0.399,0.233,-11.221,-1.996,0.0,-0.008,-1.988,-0.823,4.728,3.498,4.139,3.755
75.9623,-5.272,0.697,6.967,8.94,117.59,-4.87,-1.887,1.292,-8.922,0.47,-5.73,-31.16,27.546,3.446,-0.152,-6.093,11.221,-0.206,-33.438,7.073,6.093,0.299,0.0,-0.1,0.399,0.233,-11.221,-1.996,0.0,-0.008,-1.988,-0.823,4.342,3.393,4.139,3.755
75.9931,-5.782,0.656,6.45,7.3,113.44,-0.59,-1.581,1.53,-9.072,-4.84,-3.92,-41.12,30.287,3.737,0.008,-6.52,11.158,0.453,-36.525,6.172,6.52,0.314,0.0,-0.068,0.382,0.232,-11.158,-1.994,0.0,0.084,-2.078,-0.834,3.965,3.283,4.139,3.755
76.0526,-7.266,0.948,6.428,4.25,97.64,7.53,-1.645,1.49,-9.689,3.73,2.11,-43.21,35.421,4.482,0.701,-7.066,10.799,1.829,-42.008,3.812,7.066,0.333,0.0,0.037,0.296,0.223,-10.799,-1.98,0.0,-0.065,-1.915,-0.816,3.295,2.994,4.139,3.755
76.0526,-7.266,0.948,6.428,4.25,97.64,7.53,-1.645,1.49,-9.689,3.73,2.11,-43.21,35.421,4.482,0.701,-7.066,10.799,1.829,-42.008,3.812,7.066,0.333,0.0,0.037,0.296,0.223,-10.799,-1.98,0.0,-0.065,-1.915,-0.816,3.295,2.994,4.139,3.755
76.1038,-7.219,1.085,6.256,3.16,82.07,22.58,-1.501,2.466,-9.511,-11.44,18.88,-74.12,39.758,5.869,2.254,-7.329,10.482,3.91,-46.269,0.344,7.329,0.342,0.0,0.33,0.013,0.195,-10.482,-1.967,0.0,0.2,-2.167,-0.847,2.775,2.571,4.139,3.755
76.1038,-7.219,1.085,6.256,3.16,82.07,22.58,-1.501,2.466,-9.511,-11.44,18.88,-74.12,39.758,5.869,2.254,-7.329,10.482,3.91,-46.269,0.344,7.329,0.342,0.0,0.33,0.013,0.195,-10.482,-1.967,0.0,0.2,-2.167,-0.847,2.775,2.571,4.139,3.755
76.1620,-8.334,1.001,5.454,2.39,70.3,16.23,-1.95,1.377,-9.304,-8.03,-4.81,-71.3,43.645,7.249,3.987,-8.119,10.486,6.072,-50.458,-3.37,8.119,0.37,0.0,-0.084,0.454,0.239,-10.486,-1.969,0.0,0.14,-2.109,-0.841,2.527,2.355,4.139,3.755
76.1620,-8.334,1.001,5.454,2.39,70.3,16.23,-1.95,1.377,-9.304,-8.03,-4.81,-71.3,43.645,7.249,3.987,-8.119,10.486,6.072,-50.458,-3.37,8.119,0.37,0.0,-0.084,0.454,0.239,-10.486,-1.969,0.0,0.14,-2.109,-0.841,2.263,2.117,4.139,3.755
76.1948,-8.904,0.797,5.329,3.28,66.71,2.25,-1.83,2.62,-9.524,-2.94,5.65,-46.49,45.491,7.617,4.41,-8.183,10.629,6.638,-52.164,-4.645,8.183,0.372,0.0,0.099,0.273,0.221,-10.629,-1.976,0.0,0.051,-2.027,-0.831,2.055,1.961,4.139,3.755
76.2537,-9.349,1.044,4.853,1.91,49.78,-22.87,-2.102,1.861,-10.054,-3.66,-2.66,-8.25,48.891,7.629,4.137,-8.797,10.747,6.176,-56.01,-6.036,8.797,0.394,0.0,-0.046,0.44,0.238,-10.747,-1.983,0.0,0.064,-2.046,-0.834,1.585,1.791,4.139,3.755
76.2537,-9.349,1.044,4.853,1.91,49.78,-22.87,-2.102,1.861,-10.054,-3.66,-2.66,-8.25,48.891,7.629,4.137,-8.797,10.747,6.176,-56.01,-6.036,8.797,0.394,0.0,-0.046,0.44,0.238,-10.747,-1.983,0.0,0.064,-2.046,-0.834,1.585,1.791,4.139,3.755
76.3068,-9.833,0.893,4.623,-2.26,32.61,-27.98,-2.565,1.043,-10.086,-10.02,3.07,4.16,51.635,6.658,2.838,-8.647,11.216,4.992,-58.674,-5.288,8.647,0.388,0.0,0.054,0.335,0.228,-11.216,-2.005,-0.0,0.175,-2.179,-0.851,1.259,1.882,4.139,3.755
76.3068,-9.833,0.893,4.623,-2.26,32.61,-27.98,-2.565,1.043,-10.086,-10.02,3.07,4.16,51.635,6.658,2.838,-8.647,11.216,4.992,-58.674,-5.288,8.647,0.388,0.0,0.054,0.335,0.228,-11.216,-2.005,-0.0,0.175,-2.179,-0.851,1.259,1.882,4.139,3.755
76.3649,-9.357,0.484,4.427,-1.46,14.72,-12.67,-1.466,1.194,-10.034,5.28,3.46,14.9,53.465,5.807,1.83,-8.582,11.134,3.437,-60.698,-3.813,8.582,0.386,0.0,0.06,0.326,0.227,-11.134,-2.003,-0.0,-0.092,-1.91,-0.82,1.012,2.063,4.139,3.755
76.3649,-9.357,0.484,4.427,-1.46,14.72,-12.67,-1.466,1.194,-10.034,5.28,3.46,14.9,53.465,5.807,1.83,-8.582,11.134,3.437,-60.698,-3.813,8.582,0.386,0.0,0.06,0.326,0.227,-11.134,-2.003,-0.0,-0.092,-1.91,-0.82,1.012,2.063,4.139,3.755
76.3995,-9.313,0.474,4.465,0.31,9.57,-6.04,-2.118,1.223,-9.975,14.67,-0.0,17.7,54.107,5.636,1.619,-8.456,10.835,2.587,-61.381,-2.988,8.456,0.382,0.0,-0.0,0.382,0.233,-10.835,-1.99,0.0,-0.256,-1.734,-0.799,0.928,2.163,4.139,3.755
76.4596,-9.512,0.46,4.539,1.23,-10.24,0.42,-1.358,1.682,-10.035,8.94,5.84,19.41,54.832,5.579,1.499,-8.22,10.529,0.948,-62.181,-0.81,8.22,0.374,-0.0,0.102,0.272,0.222,-10.529,-1.978,0.0,-0.156,-1.822,-0.81,0.831,2.43,4.139,3.755
76.4596,-9.512,0.46,4.539,1.23,-10.24,0.42,-1.358,1.682,-10.035,8.94,5.84,19.41,54.832,5.579,1.499,-8.22,10.529,0.948,-62.181,-0.81,8.22,0.374,-0.0,0.102,0.272,0.222,-10.529,-1.978,0.0,-0.156,-1.822,-0.81,0.831,2.43,4.139,3.755
76.5099,-9.874,0.373,4.707,0.01,-36.62,-0.8,-1.366,1.932,-10.119,15.4,17.4,44.38,54.569,5.462,1.343,-7.302,10.214,-0.861,-61.328,2.34,7.302,0.342,-0.0,0.304,0.038,0.199,-10.214,-1.966,0.0,-0.269,-1.697,-0.796,0.935,2.814,4.139,3.755
76.5099,-9.874,0.373,4.707,0.01,-36.62,-0.8,-1.366,1.932,-10.119,15.4,17.4,44.38,54.569,5.462,1.343,-7.302,10.214,-0.861,-61.328,2.34,7.302,0.342,-0.0,0.304,0.038,0.199,-10.214,-1.966,0.0,-0.269,-1.697,-0.796,0.935,2.814,4.139,3.755
76.5718,-8.863,0.498,4.846,1.75,-61.79,-2.99,-1.234,1.194,-9.943,26.84,14.83,72.48,53.04,5.022,0.784,-6.27,9.534,-3.634,-59.054,6.523,6.27,0.306,-0.0,0.259,0.047,0.2,-9.534,-1.938,0.0,-0.469,-1.469,-0.769,1.213,3.325,4.139,3.755
76.5718,-8.863,0.498,4.846,1.75,-61.79,-2.99,-1.234,1.194,-9.943,26.84,14.83,72.48,53.04,5.022,0.784,-6.27,9.534,-3.634,-59.054,6.523,6.27,0.306,-0.0,0.259,0.047,0.2,-9.534,-1.938,0.0,-0.469,-1.469,-0.769,1.213,3.325,4.139,3.755
76.6012,-9.196,0.615,5.375,1.04,-69.29,-3.36,-1.857,1.427,-9.87,23.8,9.15,62.86,51.98,4.869,0.531,-5.951,9.087,-4.874,-57.733,7.869,5.951,0.295,-0.0,0.16,0.135,0.208,-9.087,-1.919,0.0,-0.415,-1.504,-0.774,1.374,3.49,4.139,3.755
76.6575,-8.1,0.318,5.351,-1.34,-98.51,-6.9,-0.382,1.811,-9.689,-23.31,20.69,29.25,49.131,4.201,-0.272,-5.532,9.633,-6.098,-54.49,9.93,5.532,0.28,-0.0,0.361,-0.081,0.187,-9.633,-1.944,-0.0,0.407,-2.351,-0.876,1.77,3.742,4.139,3.755
76.6575,-8.1,0.318,5.351,-1.34,-98.51,-6.9,-0.382,1.811,-9.689,-23.31,20.69,29.25,49.131,4.201,-0.272,-5.532,9.633,-6.098,-54.49,9.93,5.532,0.28,-0.0,0.361,-0.081,0.187,-9.633,-1.944,-0.0,0.407,-2.351,-0.876,1.77,3.742,4.139,3.755
76.7160,-7.101,0.718,6.369,-0.76,-104.04,-14.95,-1.337,1.13,-9.707,-17.93,48.06,42.22,45.276,3.514,-1.264,-3.617,10.282,-6.893,-48.758,10.968,4.565,0.246,-0.0,0.834,-0.587,0.136,-10.035,-1.962,-0.0,0.398,-2.361,-0.878,2.115,3.812,4.139,3.755
76.7423,-6.744,0.273,6.515,-0.13,-106.23,-14.13,-0.656,1.318,-9.822,-15.36,47.23,42.96,43.281,3.098,-1.845,-2.657,10.52,-7.392,-45.808,11.483,2.657,0.18,-0.0,0.824,-0.645,0.13,-10.52,-1.985,-0.0,0.268,-2.253,-0.866,2.831,3.931,4.139,3.755
76.7423,-6.744,0.273,6.515,-0.13,-106.23,-14.13,-0.656,1.318,-9.822,-15.36,47.23,42.96,43.281,3.098,-1.845,-2.657,10.52,-7.392,-45.808,11.483,2.657,0.18,-0.0,0.824,-0.645,0.13,-10.52,-1.985,-0.0,0.268,-2.253,-0.866,2.831,3.931,4.139,3.755
76.8000,-5.131,0.06,7.573,4.08,-89.72,-2.42,-1.21,1.46,-9.177,-13.58,45.94,21.28,39.055,2.583,-2.6,-0.66,10.851,-7.866,-39.614,11.76,0.66,0.11,-0.0,0.802,-0.692,0.125,-10.851,-2.001,0.0,0.237,-2.238,-0.865,3.588,3.965,4.139,3.755
76.8000,-5.131,0.06,7.573,4.08,-89.72,-2.42,-1.21,1.46,-9.177,-13.58,45.94,21.28,39.055,2.583,-2.6,-0.66,10.851,-7.866,-39.614,11.76,0.66,0.11,-0.0,0.802,-0.692,0.125,-10.851,-2.001,0.0,0.237,-2.238,-0.865,3.588,3.965,4.139,3.755
76.8582,-4.927,-0.187,8.088,3.61,-71.11,10.94,-0.157,1.557,-9.413,4.83,0.52,11.23,35.497,2.567,-2.659,-0.343,11.035,-7.908,-35.775,11.586,0.347,0.099,-0.0,0.199,-0.1,0.184,-11.092,-2.012,0.0,0.22,-2.232,-0.864,3.851,3.962,4.139,3.755
76.8940,-5.265,0.117,8.454,2.4,-67.87,17.25,0.041,2.138,-9.536,6.74,-2.18,3.92,33.995,2.731,-2.39,-0.378,10.912,-7.853,-34.334,11.266,0.378,0.1,-0.0,-0.038,0.138,0.208,-10.912,-2.006,0.0,-0.118,-1.888,-0.824,4.233,3.905,4.139,3.755
76.8940,-5.265,0.117,8.454,2.4,-67.87,17.25,0.041,2.138,-9.536,6.74,-2.18,3.92,33.995,2.731,-2.39,-0.378,10.912,-7.853,-34.334,11.266,0.378,0.1,-0.0,-0.038,0.138,0.208,-10.912,-2.006,0.0,-0.118,-1.888,-0.824,4.233,3.905,4.139,3.755
76.9449,-4.401,0.402,8.815,2.33,-72.57,18.96,0.894,1.899,-9.961,-4.21,13.82,-0.98,30.764,3.112,-1.726,0.001,11.171,-7.365,-30.788,10.875,-0.001,0.087,-0.0,0.241,-0.154,0.179,-11.171,-2.019,0.0,0.073,-2.092,-0.849,4.666,3.857,4.139,3.755
76.9449,-4.401,0.402,8.815,2.33,-72.57,18.96,0.894,1.899,-9.961,-4.21,13.82,-0.98,30.764,3.112,-1.726,0.001,11.171,-7.365,-30.788,10.875,-0.001,0.087,-0.0,0.241,-0.154,0.179,-11.171,-2.019,0.0,0.073,-2.092,-0.849,4.666,3.857,4.139,3.755
77.0029,-3.812,0.625,8.844,-0.89,-77.86,11.9,0.328,2.194,-9.315,-8.15,21.92,6.14,27.344,3.425,-1.206,1.17,11.348,-6.969,-26.264,10.455,-0.651,0.064,-0.0,0.531,-0.467,0.148,-11.159,-2.019,0.0,-0.03,-1.989,-0.837,4.947,3.815,4.139,3.755
77.0329,-3.244,0.515,9.285,-1.64,-78.46,7.75,0.453,1.872,-9.481,-12.03,12.15,9.51,25.505,3.435,-1.12,1.51,11.609,-6.896,-24.104,10.546,-1.51,0.034,-0.0,0.212,-0.178,0.176,-11.609,-2.04,-0.0,0.21,-2.25,-0.87,5.483,3.817,4.139,3.755
77.0329,-3.244,0.515,9.285,-1.64,-78.46,7.75,0.453,1.872,-9.481,-12.03,12.15,9.51,25.505,3.435,-1.12,1.51,11.609,-6.896,-24.104,10.546,-1.51,0.034,-0.0,0.212,-0.178,0.176,-11.609,-2.04,-0.0,0.21,-2.25,-0.87,5.483,3.817,4.139,3.755
77.0965,-2.167,0.678,9.301,-2.11,-73.54,-0.84,0.6,1.982,-9.164,-2.67,-11.89,19.17,21.76,3.39,-1.174,1.604,11.76,-7.179,-20.302,10.497,-1.604,0.031,-0.0,-0.207,0.238,0.218,-11.76,-2.048,-0.0,0.047,-2.095,-0.852,5.947,3.811,4.139,3.755
77.0965,-2.167,0.678,9.301,-2.11,-73.54,-0.84,0.6,1.982,-9.164,-2.67,-11.89,19.17,21.76,3.39,-1.174,1.604,11.76,-7.179,-20.302,10.497,-1.604,0.031,-0.0,-0.207,0.238,0.218,-11.76,-2.048,-0.0,0.047,-2.095,-0.852,5.947,3.811,4.139,3.755
77.1501,-1.298,0.632,9.637,-4.89,-62.02,-7.39,1.29,1.978,-9.363,-11.96,8.73,19.96,18.262,3.201,-1.545,2.059,12.159,-7.568,-16.367,10.769,-2.059,0.015,-0.0,0.152,-0.137,0.18,-12.159,-2.067,-0.0,0.209,-2.276,-0.874,0.145,3.844,4.139,3.755
77.1501,-1.298,0.632,9.637,-4.89,-62.02,-7.39,1.29,1.978,-9.363,-11.96,8.73,19.96,18.262,3.201,-1.545,2.059,12.159,-7.568,-16.367,10.769,-2.059,0.015,-0.0,0.152,-0.137,0.18,-12.159,-2.067,-0.0,0.209,-2.276,-0.874,0.145,3.844,4.139,3.755
77.1855,-1.856,0.362,9.902,-6.14,-57.61,-8.13,1.233,1.985,-9.44,-8.77,25.22,19.82,16.74,3.007,-1.784,2.726,12.323,-7.665,-14.175,10.947,-2.726,-0.008,-0.0,0.44,-0.448,0.149,-12.323,-2.075,-0.0,0.153,-2.229,-0.869,0.413,3.866,4.139,3.755
77.2386,-1.015,0.273,9.706,-5.12,-62.62,-5.91,1.103,2.306,-9.359,-7.16,20.07,19.25,13.763,2.574,-2.19,4.002,12.657,-7.77,-9.906,11.366,-4.002,-0.053,-0.0,0.35,-0.403,0.154,-12.657,-2.092,-0.0,0.125,-2.217,-0.869,0.934,3.917,4.139,3.755
77.2386,-1.015,0.273,9.706,-5.12,-62.62,-5.91,1.103,2.306,-9.359,-7.16,20.07,19.25,13.763,2.574,-2.19,4.002,12.657,-7.77,-9.906,11.366,-4.002,-0.053,-0.0,0.35,-0.403,0.154,-12.657,-2.092,-0.0,0.125,-2.217,-0.869,0.934,3.917,4.139,3.755
77.2959,-0.132,0.065,9.515,-0.07,-61.57,-0.34,1.231,2.312,-9.327,0.41,6.76,14.49,10.571,2.264,-2.409,4.666,12.781,-7.886,-6.048,11.488,-4.666,-0.076,-0.0,0.118,-0.194,0.174,-12.781,-2.099,-0.0,-0.007,-2.092,-0.854,1.175,3.932,4.139,3.755
77.2959,-0.132,0.065,9.515,-0.07,-61.57,-0.34,1.231,2.312,-9.327,0.41,6.76,14.49,10.571,2.264,-2.409,4.666,12.781,-7.886,-6.048,11.488,-4.666,-0.076,-0.0,0.118,-0.194,0.174,-12.781,-2.099,-0.0,-0.007,-2.092,-0.854,1.405,3.932,4.139,3.755
77.3559,1.472,0.702,10.408,0.82,-53.12,-0.75,1.402,1.967,-9.091,-4.64,-36.53,14.04,7.157,2.349,-2.517,4.467,12.803,-8.207,-2.876,11.136,-4.467,-0.069,-0.0,-0.638,0.568,0.251,-12.803,-2.102,0.0,0.081,-2.183,-0.866,1.793,3.889,4.139,3.755
77.3559,1.472,0.702,10.408,0.82,-53.12,-0.75,1.402,1.967,-9.091,-4.64,-36.53,14.04,7.157,2.349,-2.517,4.467,12.803,-8.207,-2.876,11.136,-4.467,-0.069,-0.0,-0.638,0.568,0.251,-12.803,-2.102,0.0,0.081,-2.183,-0.866,1.793,3.889,4.139,3.755
77.4091,2.689,1.099,10.642,-7.97,-19.78,-9.52,2.823,2.008,-9.493,-2.61,-36.83,14.57,4.373,2.459,-2.787,3.187,12.791,-8.795,-1.413,10.767,-3.187,-0.024,-0.0,-0.643,0.618,0.256,-12.791,-2.103,-0.0,0.046,-2.149,-0.863,1.972,3.844,4.139,3.755
77.4091,2.689,1.099,10.642,-7.97,-19.78,-9.52,2.823,2.008,-9.493,-2.61,-36.83,14.57,4.373,2.459,-2.787,3.187,12.791,-8.795,-1.413,10.767,-3.187,-0.024,-0.0,-0.643,0.618,0.256,-12.791,-2.103,-0.0,0.046,-2.149,-0.863,1.972,3.844,4.139,3.755
77.4670,2.009,-1.013,10.508,-11.25,13.64,-10.55,0.688,2.585,-9.371,-9.05,-4.48,3.73,3.257,1.697,-3.226,3.705,13.378,-8.592,0.302,11.954,-3.705,-0.043,0.0,-0.078,0.036,0.198,-13.378,-2.13,-0.0,0.158,-2.288,-0.881,2.117,3.895,4.139,3.755
77.4670,2.009,-1.013,10.508,-11.25,13.64,-10.55,0.688,2.585,-9.371,-9.05,-4.48,3.73,3.257,1.697,-3.226,3.705,13.378,-8.592,0.302,11.954,-3.705,-0.043,0.0,-0.078,0.036,0.198,-13.378,-2.13,-0.0,0.158,-2.288,-0.881,2.181,3.989,4.139,3.755
77.4961,1.267,-1.662,10.635,5.83,22.9,-9.23,1.021,2.479,-10.113,17.85,-51.62,5.04,3.252,1.307,-3.424,2.897,13.199,-8.667,-0.459,12.154,-2.897,-0.014,0.0,-0.901,0.887,0.283,-13.199,-2.124,0.0,-0.312,-1.812,-0.824,2.088,4.013,4.139,3.755
77.5539,0.311,-1.75,10.321,51.02,24.57,-3.71,0.994,3.245,-9.929,37.68,6.65,-0.15,3.919,1.783,-3.693,2.4,11.961,-8.476,-1.648,10.475,-2.4,0.003,0.0,0.116,-0.113,0.183,-11.961,-2.071,0.0,-0.658,-1.414,-0.777,1.943,3.808,4.139,3.755
77.5539,0.311,-1.75,10.321,51.02,24.57,-3.71,0.994,3.245,-9.929,37.68,6.65,-0.15,3.919,1.783,-3.693,2.4,11.961,-8.476,-1.648,10.475,-2.4,0.003,0.0,0.116,-0.113,0.183,-11.961,-2.071,0.0,-0.658,-1.414,-0.777,1.943,3.808,4.139,3.755
77.6121,-0.622,0.752,9.689,81.51,21.01,13.16,0.116,1.302,-9.839,22.29,-14.56,-15.81,4.556,4.446,-3.398,1.894,10.731,-7.932,-2.982,6.631,-1.894,0.021,0.0,-0.254,0.275,0.222,-10.731,-2.019,0.0,-0.389,-1.63,-0.803,1.78,3.339,4.139,3.755
77.6121,-0.622,0.752,9.689,81.51,21.01,13.16,0.116,1.302,-9.839,22.29,-14.56,-15.81,4.556,4.446,-3.398,1.894,10.731,-7.932,-2.982,6.631,-1.894,0.021,0.0,-0.254,0.275,0.222,-10.731,-2.019,0.0,-0.389,-1.63,-0.803,1.78,3.339,4.139,3.755
77.6419,-0.752,1.286,9.234,85.9,15.7,18.81,1.39,1.17,-10.263,45.19,39.63,-15.15,4.848,6.28,-3.004,2.396,9.915,-7.371,-2.892,4.001,-2.396,0.003,0.0,0.692,-0.689,0.126,-9.915,-1.984,0.0,-0.789,-1.196,-0.751,1.791,3.017,4.139,3.755
77.7000,-1.396,3.385,9.096,83.24,1.1,15.01,0.743,1.665,-9.343,19.24,58.13,-8.96,5.122,10.413,-2.176,4.317,8.357,-6.199,-1.501,-1.667,-4.317,-0.064,0.0,1.015,-1.079,0.086,-8.357,-1.918,0.0,-0.336,-1.582,-0.798,1.961,2.325,4.139,3.755
77.7000,-1.396,3.385,9.096,83.24,1.1,15.01,0.743,1.665,-9.343,19.24,58.13,-8.96,5.122,10.413,-2.176,4.317,8.357,-6.199,-1.501,-1.667,-4.317,-0.064,0.0,1.015,-1.079,0.086,-8.357,-1.918,0.0,-0.336,-1.582,-0.798,1.961,2.325,4.139,3.755
77.7628,-0.498,3.74,8.741,73.04,-13.16,-0.75,2.099,0.961,-9.566,-26.45,144.91,2.17,4.738,14.31,-2.029,8.665,8.809,-5.347,2.987,-5.203,-8.665,-0.216,-0.0,2.529,-2.745,-0.081,-8.809,-1.938,0.0,0.462,-2.4,-0.897,2.509,1.893,4.139,3.755
77.7628,-0.498,3.74,8.741,73.04,-13.16,-0.75,2.099,0.961,-9.566,-26.45,144.91,2.17,4.738,14.31,-2.029,8.665,8.809,-5.347,2.987,-5.203,-8.665,-0.216,-0.0,2.529,-2.745,-0.081,-8.809,-1.938,0.0,0.462,-2.4,-0.897,2.509,1.893,4.139,3.755
77.8159,1.19,3.622,8.739,66.58,-16.28,-2.97,1.132,0.526,-8.379,1.11,56.91,14.28,3.556,17.587,-2.259,13.586,9.64,-4.45,8.872,-7.989,-13.586,-0.388,-0.0,0.993,-1.381,0.054,-9.64,-1.976,0.0,-0.019,-1.957,-0.845,3.228,1.552,4.139,3.755
77.8159,1.19,3.622,8.739,66.58,-16.28,-2.97,1.132,0.526,-8.379,1.11,56.91,14.28,3.556,17.587,-2.259,13.586,9.64,-4.45,8.872,-7.989,-13.586,-0.388,-0.0,0.993,-1.381,0.054,-9.64,-1.976,0.0,-0.019,-1.957,-0.845,3.228,1.552,4.139,3.755
77.8773,1.144,4.058,8.581,65.04,4.27,1.79,4.222,1.12,-8.689,62.07,-15.84,17.57,2.518,20.667,-2.299,13.683,7.093,-5.025,9.452,-13.679,-13.683,-0.391,0.0,-0.276,-0.115,0.181,-7.093,-1.866,0.0,-1.083,-0.783,-0.705,3.299,0.857,4.139,3.755
77.8773,1.144,4.058,8.581,65.04,4.27,1.79,4.222,1.12,-8.689,62.07,-15.84,17.57,2.518,20.667,-2.299,13.683,7.093,-5.025,9.452,-13.679,-13.683,-0.391,0.0,-0.276,-0.115,0.181,-7.093,-1.866,0.0,-1.083,-0.783,-0.705,3.299,0.857,4.139,3.755
77.9107,0.651,4.571,8.317,64.51,8.56,8.22,3.253,1.214,-8.407,34.43,13.96,0.59,2.351,22.22,-2.107,14.15,6.323,-4.828,9.858,-16.055,-14.15,-0.408,0.0,0.244,-0.651,0.127,-6.323,-1.833,0.0,-0.601,-1.232,-0.759,3.349,0.567,4.139,3.755
